longitude,latitude,housing_median_age,total_rooms,total_bedrooms,population,households,median_income,median_house_value,ocean_proximity
-118.39,34.12,29.0,6447.0,1012.0,2184.0,960.0,8.2816,482348.57,<1H OCEAN
-120.42,34.89,24.0,2020.0,307.0,855.0,283.0,5.0099,221664.09,<1H OCEAN
-118.45,34.25,36.0,1453.0,270.0,808.0,275.0,4.3839,206174.0,<1H OCEAN
-118.1,33.91,35.0,1653.0,325.0,1072.0,301.0,3.2708,170187.0,<1H OCEAN
-117.07,32.77,38.0,3779.0,614.0,1495.0,614.0,4.3529,211110.0,NEAR OCEAN
-118.04,33.93,35.0,1805.0,387.0,1505.0,366.0,4.1667,164934.0,<1H OCEAN
-122.27,37.83,49.0,1655.0,366.0,754.0,329.0,1.375,114034.0,NEAR BAY
-122.26,37.46,26.0,5067.0,750.0,1996.0,728.0,7.0001,434780.29,NEAR OCEAN
-122.03,37.36,16.0,2697.0,803.0,1369.0,723.0,4.4699,280962.03,<1H OCEAN
-117.61,33.43,24.0,2303.0,399.0,851.0,379.0,3.9875,260778.09,NEAR OCEAN
-118.32,34.06,36.0,3239.0,722.0,1383.0,612.0,4.5918,405075.27,<1H OCEAN
-121.23,37.96,44.0,2204.0,473.0,1277.0,435.0,1.5539,69186.0,INLAND
-121.2,37.81,26.0,395.0,74.0,193.0,72.0,7.3718,270904.0,INLAND
-121.91,37.24,24.0,5046.0,1001.0,2449.0,968.0,4.7118,267630.0,<1H OCEAN
-118.48,34.28,35.0,2132.0,368.0,1128.0,341.0,5.3107,237223.0,<1H OCEAN
-117.65,34.1,44.0,1526.0,337.0,831.0,326.0,3.0284,124147.0,INLAND
-121.59,39.82,12.0,1958.0,369.0,875.0,354.0,2.3507,92881.0,INLAND
-118.97,35.41,36.0,1896.0,315.0,937.0,303.0,3.996,97080.0,INLAND
-118.06,33.88,17.0,7187.0,1073.0,3844.0,1068.0,6.5901,338181.02,<1H OCEAN
-118.39,33.85,24.0,4373.0,871.0,1830.0,824.0,5.7128,372497.07,<1H OCEAN
-117.98,33.73,18.0,3833.0,,2192.0,996.0,3.4679,195968.0,<1H OCEAN
-118.32,33.79,35.0,2924.0,658.0,1675.0,602.0,3.8287,297176.0,<1H OCEAN
-120.27,34.72,14.0,1289.0,277.0,693.0,237.0,3.2569,203189.0,<1H OCEAN
-119.65,36.33,52.0,1257.0,257.0,624.0,243.0,2.3523,65013.0,INLAND
-119.86,36.82,12.0,1488.0,253.0,675.0,223.0,4.7622,113242.0,INLAND
-119.23,35.78,8.0,1612.0,343.0,1230.0,330.0,2.1806,69536.0,INLAND
-118.35,34.16,45.0,1390.0,281.0,538.0,270.0,4.2212,315951.02,<1H OCEAN
-120.94,37.68,4.0,13315.0,2424.0,6420.0,2289.0,4.2471,170525.0,INLAND
-118.99,35.24,40.0,282.0,59.0,213.0,71.0,2.35,77743.0,INLAND
-121.11,37.47,12.0,2263.0,410.0,913.0,330.0,3.5795,139036.0,INLAND
-118.02,34.08,28.0,2769.0,631.0,2452.0,581.0,2.6071,171932.0,INLAND
-120.17,39.33,10.0,614.0,141.0,195.0,95.0,0.9283,103230.0,INLAND
-118.35,34.02,34.0,3978.0,1073.0,2725.0,1035.0,1.7622,141765.01,<1H OCEAN
-123.34,39.5,15.0,2342.0,535.0,1064.0,433.0,1.8967,85395.0,INLAND
-122.24,40.18,39.0,2191.0,493.0,1307.0,499.0,1.6483,60395.0,INLAND
-122.03,37.36,28.0,2490.0,345.0,948.0,361.0,6.4913,367535.04,<1H OCEAN
-117.09,32.58,12.0,2565.0,567.0,1785.0,545.0,3.0273,129780.0,NEAR OCEAN
-118.33,34.18,45.0,1552.0,315.0,785.0,316.0,3.7411,230652.01,<1H OCEAN
-121.44,38.53,37.0,1951.0,432.0,1089.0,411.0,2.3272,89650.0,INLAND
-119.7,34.43,35.0,1402.0,369.0,654.0,385.0,2.6205,327929.06,<1H OCEAN
-117.15,34.22,10.0,1039.0,174.0,317.0,109.0,7.2371,241493.0,INLAND
-118.37,33.87,18.0,2516.0,485.0,1128.0,433.0,5.0114,331567.0,<1H OCEAN
-118.01,33.85,29.0,3061.0,612.0,2396.0,640.0,4.6326,202291.0,<1H OCEAN
-122.32,37.94,47.0,1911.0,283.0,697.0,275.0,6.2712,344884.09,NEAR BAY
-117.96,33.94,34.0,2228.0,399.0,1159.0,378.0,4.8906,209979.0,<1H OCEAN
-117.96,34.14,33.0,1994.0,405.0,993.0,403.0,3.766,169607.0,INLAND
-117.55,34.0,17.0,3583.0,700.0,1587.0,719.0,2.6979,113944.0,INLAND
-122.28,37.86,41.0,2214.0,550.0,1213.0,568.0,2.2845,164492.0,NEAR BAY
-117.43,34.07,18.0,2453.0,537.0,1503.0,500.0,2.3768,110589.0,INLAND
-117.21,33.34,10.0,5294.0,817.0,2312.0,810.0,5.4563,318848.04,<1H OCEAN
-120.68,37.47,33.0,1028.0,226.0,658.0,197.0,2.3043,104372.0,INLAND
-122.83,38.96,15.0,1318.0,296.0,567.0,276.0,1.8692,85714.0,INLAND
-122.22,37.37,26.0,440.0,202.0,322.0,218.0,5.1831,402457.28,NEAR OCEAN
-116.87,32.75,15.0,2053.0,321.0,993.0,309.0,5.5164,191596.0,<1H OCEAN
-118.39,33.79,30.0,4402.0,563.0,1582.0,551.0,10.898,500001.0,NEAR OCEAN
-117.13,32.74,46.0,3355.0,768.0,1457.0,708.0,2.6604,172048.0,NEAR OCEAN
-122.45,37.74,38.0,5688.0,930.0,2263.0,908.0,6.203,414304.18,NEAR BAY
-122.47,38.29,14.0,3732.0,846.0,1277.0,775.0,2.5658,194824.0,NEAR BAY
-122.54,37.95,38.0,2310.0,400.0,971.0,386.0,5.697,392688.03,NEAR BAY
-123.1,38.79,20.0,3109.0,712.0,1643.0,638.0,2.8344,144769.0,<1H OCEAN
-117.07,32.56,9.0,3648.0,895.0,3293.0,840.0,3.0992,159152.0,NEAR OCEAN
-118.43,34.08,46.0,778.0,90.0,238.0,93.0,15.0001,480071.76,<1H OCEAN
-122.05,36.97,16.0,3363.0,611.0,1603.0,556.0,4.2542,272409.0,NEAR OCEAN
-122.25,37.49,43.0,2607.0,477.0,1225.0,461.0,4.224,342506.01,NEAR OCEAN
-117.87,34.14,30.0,2495.0,586.0,1139.0,559.0,2.9375,171374.0,INLAND
-118.2,34.05,42.0,1703.0,586.0,2490.0,581.0,2.02,142143.0,<1H OCEAN
-121.32,37.94,36.0,40.0,10.0,64.0,14.0,2.625,169786.17,INLAND
-120.96,38.66,11.0,2339.0,436.0,1062.0,380.0,3.9036,158211.0,INLAND
-120.43,34.96,24.0,2739.0,414.0,1171.0,413.0,4.8155,205954.0,<1H OCEAN
-122.28,37.9,52.0,2003.0,250.0,658.0,244.0,10.0825,492994.92,NEAR BAY
-122.0,37.08,17.0,4154.0,739.0,2149.0,693.0,5.5919,298174.0,NEAR OCEAN
-118.34,33.87,34.0,1069.0,217.0,601.0,212.0,4.6406,283531.0,<1H OCEAN
-118.52,34.21,36.0,1328.0,287.0,823.0,273.0,4.5648,206064.0,<1H OCEAN
-118.22,34.09,42.0,1706.0,488.0,1941.0,447.0,2.5213,151588.0,<1H OCEAN
-118.27,34.1,51.0,3149.0,519.0,1082.0,510.0,6.4459,466364.49,<1H OCEAN
-117.58,34.02,4.0,5998.0,1092.0,3182.0,1042.0,5.2692,178202.0,INLAND
-118.22,34.08,31.0,394.0,117.0,573.0,131.0,1.8173,140865.0,<1H OCEAN
-121.78,36.93,21.0,2794.0,662.0,2236.0,565.0,2.4053,160310.0,<1H OCEAN
-117.36,33.18,39.0,1546.0,291.0,833.0,308.0,2.8893,239887.0,NEAR OCEAN
-119.01,35.36,24.0,1941.0,484.0,1277.0,435.0,1.056,56978.0,INLAND
-117.81,34.11,21.0,3481.0,808.0,1866.0,746.0,3.6201,171434.0,INLAND
-118.1,34.02,33.0,1143.0,172.0,508.0,174.0,4.9107,201567.0,<1H OCEAN
-117.03,32.96,16.0,3424.0,698.0,1940.0,645.0,4.121,173871.0,<1H OCEAN
-122.23,39.75,16.0,2026.0,396.0,1031.0,382.0,1.9375,85550.0,INLAND
-121.96,37.1,20.0,922.0,155.0,361.0,135.0,6.3617,312154.0,<1H OCEAN
-121.06,39.04,15.0,1999.0,287.0,585.0,246.0,5.5161,203138.0,INLAND
-118.1,34.09,46.0,2822.0,525.0,1434.0,520.0,3.8906,243626.02,<1H OCEAN
-118.32,33.95,44.0,2131.0,360.0,1040.0,330.0,5.0912,229760.02,<1H OCEAN
-122.21,37.44,35.0,1140.0,193.0,486.0,199.0,4.6908,337280.21,NEAR OCEAN
-118.19,34.1,39.0,2054.0,423.0,1205.0,403.0,4.239,216245.0,<1H OCEAN
-122.38,40.09,16.0,2077.0,388.0,1155.0,389.0,3.1361,104453.0,INLAND
-117.3,33.06,31.0,2128.0,520.0,1049.0,485.0,4.027,329497.16,NEAR OCEAN
-122.13,37.71,44.0,1421.0,298.0,609.0,270.0,3.5781,191074.0,NEAR BAY
-118.29,33.98,44.0,2261.0,555.0,1348.0,455.0,1.9125,106039.0,<1H OCEAN
-121.53,39.52,30.0,1030.0,161.0,448.0,159.0,2.4821,70984.0,INLAND
-120.47,34.65,16.0,2549.0,428.0,1486.0,432.0,4.2875,178312.0,NEAR OCEAN
-118.3,34.0,52.0,1718.0,354.0,1026.0,312.0,2.0,114701.0,<1H OCEAN
-118.22,33.8,33.0,1984.0,477.0,1764.0,440.0,3.875,176511.01,NEAR OCEAN
-118.27,33.97,39.0,2569.0,688.0,2601.0,630.0,2.0754,111710.0,<1H OCEAN
-118.34,34.06,52.0,1311.0,310.0,707.0,290.0,3.4812,390857.1,<1H OCEAN
-119.21,34.18,13.0,6103.0,1319.0,2986.0,1212.0,3.9718,263132.09,NEAR OCEAN
-117.83,33.81,24.0,3550.0,895.0,2828.0,834.0,2.8403,178659.0,<1H OCEAN
-118.85,34.18,11.0,5873.0,1455.0,3089.0,1365.0,3.5504,236212.01,<1H OCEAN
-118.37,36.19,10.0,443.0,111.0,48.0,21.0,3.125,82550.0,INLAND
-121.85,37.39,15.0,8748.0,1547.0,4784.0,1524.0,5.8322,265390.0,<1H OCEAN
-118.37,33.85,25.0,5622.0,998.0,2537.0,1009.0,5.785,332656.02,<1H OCEAN
-118.96,35.37,32.0,1025.0,259.0,874.0,236.0,1.9612,59246.0,INLAND
-120.64,35.65,9.0,3466.0,673.0,2356.0,619.0,2.9926,166551.0,<1H OCEAN
-118.41,34.19,42.0,779.0,145.0,450.0,148.0,3.9792,205107.0,<1H OCEAN
-122.53,37.95,22.0,7446.0,1979.0,2980.0,1888.0,3.5838,270886.01,NEAR BAY
-117.33,34.15,28.0,1473.0,333.0,1196.0,312.0,1.6993,74799.0,INLAND
-117.23,33.57,6.0,13724.0,2269.0,5860.0,1986.0,3.9617,176191.0,<1H OCEAN
-120.44,37.28,12.0,2855.0,598.0,1658.0,586.0,2.3929,99195.0,INLAND
-117.2,33.7,23.0,6323.0,1196.0,1984.0,1124.0,2.3276,137006.0,<1H OCEAN
-121.34,38.64,12.0,2772.0,578.0,1335.0,565.0,3.8068,141805.0,INLAND
-117.28,34.12,36.0,2991.0,822.0,2378.0,751.0,1.3571,73338.0,INLAND
-119.48,36.5,32.0,3451.0,625.0,1968.0,574.0,2.9554,78530.0,INLAND
-122.04,37.04,17.0,4977.0,994.0,1987.0,947.0,3.8854,264461.01,NEAR OCEAN
-118.45,34.03,39.0,1657.0,402.0,931.0,363.0,3.7813,392823.29,<1H OCEAN
-117.47,33.92,18.0,3869.0,773.0,2500.0,726.0,3.6583,125303.0,INLAND
-121.94,37.75,16.0,5121.0,735.0,2464.0,761.0,6.6204,311566.01,<1H OCEAN
-117.28,34.51,10.0,4676.0,884.0,2845.0,812.0,3.0181,99425.0,INLAND
-120.95,35.44,30.0,6346.0,1410.0,1769.0,887.0,2.6864,240045.01,NEAR OCEAN
-117.9,33.97,23.0,7353.0,1255.0,4014.0,1124.0,5.4155,270132.0,<1H OCEAN
-120.77,38.38,15.0,4221.0,816.0,1737.0,743.0,2.3125,115273.0,INLAND
-116.93,32.8,19.0,1867.0,538.0,1219.0,468.0,2.0685,127396.0,<1H OCEAN
-118.13,33.81,34.0,1903.0,343.0,928.0,349.0,5.395,252354.0,<1H OCEAN
-117.4,33.95,46.0,2189.0,423.0,866.0,389.0,3.1384,123555.0,INLAND
-122.07,37.96,34.0,1692.0,290.0,836.0,289.0,5.0172,213203.01,NEAR BAY
-123.71,39.88,42.0,1518.0,383.0,656.0,303.0,1.4952,99021.0,NEAR OCEAN
-122.72,38.58,4.0,7042.0,1100.0,2936.0,1043.0,5.0555,225014.01,<1H OCEAN
-117.77,33.72,9.0,2153.0,316.0,954.0,324.0,7.8139,348096.02,<1H OCEAN
-117.93,34.07,34.0,1409.0,305.0,819.0,273.0,3.3977,193348.0,<1H OCEAN
-118.41,34.07,52.0,1202.0,142.0,408.0,138.0,15.0001,499831.99,<1H OCEAN
-120.07,36.97,28.0,1563.0,403.0,1564.0,408.0,1.5662,53237.0,INLAND
-119.27,36.05,29.0,1016.0,174.0,481.0,140.0,2.2917,66172.0,INLAND
-120.82,37.05,15.0,1385.0,288.0,775.0,255.0,1.933,87292.0,INLAND
-121.43,38.54,42.0,3321.0,688.0,1346.0,658.0,2.4618,105393.0,INLAND
-120.44,34.96,30.0,1685.0,315.0,1290.0,368.0,3.4722,154637.0,<1H OCEAN
-120.35,37.95,13.0,2104.0,407.0,960.0,401.0,2.4,111708.0,INLAND
-118.17,33.95,23.0,1991.0,584.0,1380.0,535.0,1.9107,155748.0,<1H OCEAN
-121.57,39.5,31.0,2023.0,469.0,1073.0,436.0,1.5714,56846.0,INLAND
-117.82,33.88,18.0,1982.0,300.0,1027.0,324.0,7.0526,282702.0,<1H OCEAN
-121.9,37.44,4.0,1646.0,408.0,853.0,410.0,5.0821,234481.01,<1H OCEAN
-121.45,38.54,38.0,1865.0,384.0,1052.0,354.0,1.7891,65887.0,INLAND
-119.81,36.83,19.0,6789.0,1200.0,2325.0,1109.0,4.049,115979.0,INLAND
-118.36,33.8,34.0,2629.0,369.0,966.0,375.0,10.1241,498570.98,NEAR OCEAN
-117.68,33.59,8.0,2327.0,263.0,899.0,236.0,14.9009,489327.43,<1H OCEAN
-118.04,33.88,17.0,4807.0,838.0,3059.0,853.0,5.7619,285830.0,<1H OCEAN
-118.43,34.01,41.0,1527.0,279.0,746.0,285.0,6.4232,439617.31,<1H OCEAN
-122.71,38.5,15.0,5645.0,830.0,2324.0,769.0,6.6104,328964.02,<1H OCEAN
-121.83,36.6,30.0,2748.0,502.0,1491.0,535.0,4.3472,227871.0,<1H OCEAN
-120.82,35.31,16.0,3924.0,699.0,1325.0,638.0,2.5172,217764.01,NEAR OCEAN
-120.06,36.95,24.0,646.0,134.0,454.0,149.0,2.125,74880.99,INLAND
-122.14,37.68,31.0,3184.0,716.0,1561.0,628.0,2.7955,172852.0,NEAR BAY
-116.46,33.78,25.0,1137.0,414.0,604.0,240.0,1.3801,82976.0,INLAND
-121.09,38.19,23.0,762.0,140.0,358.0,141.0,2.4545,120351.0,INLAND
-121.32,38.57,15.0,3369.0,499.0,1733.0,470.0,5.31,180009.0,INLAND
-120.99,37.66,30.0,1718.0,395.0,914.0,400.0,1.933,88619.0,INLAND
-122.22,37.79,37.0,2343.0,574.0,1608.0,523.0,2.1494,126524.0,NEAR BAY
-122.47,37.78,52.0,2169.0,522.0,1220.0,505.0,3.1989,423579.04,NEAR BAY
-117.91,33.61,40.0,2790.0,531.0,952.0,424.0,4.8,436526.49,<1H OCEAN
-121.53,39.06,20.0,561.0,109.0,308.0,114.0,3.3021,116423.0,INLAND
-117.04,32.83,8.0,2205.0,348.0,777.0,341.0,6.0266,283674.06,<1H OCEAN
-118.13,34.11,52.0,2568.0,345.0,1102.0,345.0,9.1373,489235.84,<1H OCEAN
-122.32,38.06,4.0,7999.0,1611.0,3596.0,1396.0,5.0969,198037.0,NEAR BAY
-121.73,37.68,17.0,20354.0,3493.0,8768.0,3293.0,5.4496,228312.0,INLAND
-118.98,35.4,36.0,1864.0,331.0,1052.0,325.0,3.4205,81749.0,INLAND
-121.9,37.25,28.0,2714.0,502.0,1389.0,490.0,5.7385,300458.01,<1H OCEAN
-121.3,38.69,13.0,2135.0,429.0,779.0,432.0,3.6995,131601.0,INLAND
-115.64,32.75,19.0,377.0,69.0,198.0,55.0,1.625,70352.0,INLAND
-117.89,33.76,34.0,1050.0,210.0,723.0,201.0,4.8,193456.0,<1H OCEAN
-118.36,33.92,46.0,1231.0,231.0,793.0,256.0,4.1023,212298.0,<1H OCEAN
-117.06,32.58,11.0,2879.0,679.0,2098.0,673.0,3.5125,135309.0,NEAR OCEAN
-115.49,32.67,25.0,2322.0,573.0,2185.0,602.0,1.375,69421.0,INLAND
-117.31,34.09,34.0,1336.0,345.0,1009.0,311.0,1.608,71964.0,INLAND
-121.03,39.21,28.0,2843.0,535.0,1310.0,525.0,3.2337,159384.0,INLAND
-117.05,32.72,35.0,1777.0,369.0,1158.0,353.0,3.4107,129962.0,NEAR OCEAN
-117.95,33.92,18.0,2825.0,660.0,1590.0,643.0,3.6106,185120.0,<1H OCEAN
-119.01,35.31,19.0,7092.0,1517.0,4101.0,1436.0,2.1006,76196.0,INLAND
-119.17,34.27,18.0,8010.0,1539.0,3982.0,1483.0,4.0905,228363.01,NEAR OCEAN
-118.07,34.14,42.0,3200.0,685.0,1668.0,628.0,3.375,240451.0,INLAND
-122.23,38.1,46.0,4143.0,895.0,2240.0,847.0,2.4201,121359.0,NEAR BAY
-117.75,34.06,52.0,62.0,9.0,44.0,16.0,0.4999,326432.34,INLAND
-118.27,33.81,42.0,865.0,208.0,811.0,218.0,3.8621,172128.0,<1H OCEAN
-121.32,38.0,21.0,1795.0,482.0,1114.0,472.0,2.0091,99355.0,INLAND
-118.99,36.06,19.0,2153.0,458.0,1317.0,386.0,1.7564,57801.0,INLAND
-122.37,40.54,28.0,2213.0,390.0,1096.0,378.0,3.6923,105583.0,INLAND
-120.39,37.98,52.0,1056.0,274.0,584.0,255.0,2.1513,104150.0,INLAND
-118.33,34.11,48.0,1601.0,464.0,784.0,461.0,3.0642,307761.07,<1H OCEAN
-118.08,33.89,37.0,1152.0,259.0,981.0,225.0,3.2857,159187.0,<1H OCEAN
-117.25,33.36,6.0,3725.0,960.0,2833.0,915.0,2.3214,157603.01,<1H OCEAN
-119.15,36.29,18.0,1435.0,,657.0,254.0,2.4281,77707.0,INLAND
-117.63,33.94,36.0,447.0,95.0,2886.0,85.0,4.2578,176344.07,INLAND
-118.55,34.19,18.0,5862.0,,3161.0,1280.0,3.1106,219081.01,<1H OCEAN
-117.89,33.71,16.0,1591.0,225.0,926.0,239.0,6.2452,261431.0,<1H OCEAN
-117.69,33.66,5.0,4246.0,689.0,1933.0,722.0,6.9501,312090.02,<1H OCEAN
-118.35,33.88,25.0,1459.0,362.0,1150.0,354.0,3.35,243548.0,<1H OCEAN
-118.09,34.16,45.0,2199.0,358.0,942.0,353.0,5.0393,348305.0,INLAND
-121.05,39.11,7.0,2767.0,423.0,1143.0,382.0,3.6333,171868.0,INLAND
-118.21,34.1,40.0,1684.0,316.0,795.0,330.0,5.2723,329028.04,<1H OCEAN
-119.04,36.07,17.0,2623.0,659.0,1912.0,618.0,1.5893,62169.0,INLAND
-117.3,34.15,33.0,1607.0,282.0,608.0,260.0,4.3438,136729.0,INLAND
-117.75,34.06,44.0,477.0,135.0,502.0,117.0,2.0156,101344.0,INLAND
-114.61,33.62,16.0,1187.0,261.0,1115.0,242.0,2.1759,64217.0,INLAND
-117.61,34.13,21.0,8416.0,1386.0,4308.0,1341.0,4.4611,176591.0,INLAND
-118.11,34.05,23.0,3436.0,565.0,1729.0,529.0,5.9941,296684.01,<1H OCEAN
-118.95,35.26,24.0,1341.0,214.0,667.0,184.0,4.0,98788.0,INLAND
-118.35,33.9,25.0,3309.0,902.0,2299.0,837.0,3.0417,215048.0,<1H OCEAN
-122.89,38.93,20.0,1214.0,247.0,504.0,223.0,2.7188,178510.0,<1H OCEAN
-121.89,36.6,40.0,626.0,164.0,337.0,150.0,2.7917,218208.0,<1H OCEAN
-118.31,34.26,34.0,1797.0,363.0,948.0,363.0,4.1339,233831.0,<1H OCEAN
-122.01,37.25,31.0,1574.0,193.0,551.0,191.0,10.2311,500001.0,<1H OCEAN
-118.37,34.04,43.0,888.0,170.0,514.0,161.0,3.1827,262070.01,<1H OCEAN
-117.19,32.76,52.0,1294.0,175.0,434.0,180.0,5.7914,340552.11,NEAR OCEAN
-119.71,36.8,17.0,2056.0,366.0,1259.0,367.0,3.9338,91739.0,INLAND
-117.28,34.68,28.0,1932.0,421.0,1156.0,404.0,1.8958,81174.0,INLAND
-120.84,35.32,15.0,2419.0,538.0,1279.0,522.0,3.4762,216423.0,NEAR OCEAN
-118.13,34.02,43.0,396.0,91.0,261.0,73.0,2.9044,180406.01,<1H OCEAN
-117.02,33.6,7.0,1972.0,352.0,964.0,317.0,3.244,141191.0,INLAND
-116.97,32.76,33.0,3071.0,466.0,1348.0,513.0,6.1768,335026.03,<1H OCEAN
-117.71,33.61,26.0,3046.0,726.0,888.0,663.0,2.6848,122435.0,<1H OCEAN
-121.58,39.79,19.0,2636.0,523.0,1184.0,465.0,2.7863,99096.0,INLAND
-118.24,34.15,19.0,4852.0,1465.0,3171.0,1332.0,2.5924,223465.0,<1H OCEAN
-122.68,38.44,29.0,2796.0,588.0,1346.0,562.0,2.9107,177461.0,<1H OCEAN
-118.14,33.84,43.0,2107.0,439.0,876.0,429.0,3.2024,216669.0,<1H OCEAN
-117.88,34.1,32.0,3357.0,621.0,1696.0,604.0,4.2685,187155.0,<1H OCEAN
-117.67,33.44,25.0,2994.0,519.0,903.0,410.0,6.6852,311402.07,<1H OCEAN
-120.47,34.64,16.0,1912.0,406.0,1009.0,417.0,3.4063,191415.0,NEAR OCEAN
-122.22,37.47,23.0,7740.0,1943.0,4124.0,1743.0,3.3268,310988.17,NEAR OCEAN
-122.25,37.86,52.0,1709.0,318.0,719.0,295.0,5.0463,302464.04,NEAR BAY
-118.11,34.06,30.0,1547.0,436.0,1700.0,410.0,2.5488,178044.0,<1H OCEAN
-122.2,39.52,39.0,2551.0,482.0,1181.0,437.0,2.0625,65852.0,INLAND
-119.9,36.58,20.0,1935.0,363.0,1319.0,359.0,2.4814,70366.0,INLAND
-118.26,33.79,42.0,1162.0,264.0,1044.0,241.0,3.5488,166110.0,<1H OCEAN
-122.51,37.53,17.0,1574.0,262.0,672.0,241.0,7.2929,375854.18,NEAR OCEAN
-118.37,33.93,46.0,442.0,88.0,255.0,94.0,4.4474,237264.0,<1H OCEAN
-118.31,33.99,48.0,2235.0,433.0,1363.0,433.0,1.6559,111456.0,<1H OCEAN
-117.94,33.65,15.0,2016.0,443.0,1015.0,419.0,5.2732,247069.01,<1H OCEAN
-118.46,34.0,44.0,941.0,230.0,493.0,206.0,3.6458,347631.04,<1H OCEAN
-122.33,37.95,46.0,1543.0,339.0,777.0,322.0,4.0927,148280.0,NEAR BAY
-117.67,34.05,6.0,2833.0,628.0,1717.0,589.0,3.2062,132132.0,INLAND
-118.05,33.94,34.0,495.0,120.0,527.0,130.0,1.9453,149782.0,<1H OCEAN
-118.27,33.89,32.0,1969.0,397.0,1349.0,370.0,4.4659,177454.0,<1H OCEAN
-117.16,33.57,2.0,20391.0,3245.0,7132.0,2716.0,3.9443,203253.02,<1H OCEAN
-118.46,34.03,27.0,1965.0,631.0,1042.0,596.0,2.75,338916.04,<1H OCEAN
-122.44,37.77,52.0,5604.0,1268.0,2023.0,1196.0,4.4085,440991.44,NEAR BAY
-122.03,37.6,24.0,2077.0,383.0,1488.0,389.0,4.5721,204877.0,NEAR BAY
-117.96,34.71,32.0,3511.0,646.0,1733.0,510.0,3.46,98921.0,INLAND
-117.83,34.01,16.0,9446.0,1650.0,4911.0,1534.0,5.0111,247837.0,<1H OCEAN
-118.62,34.2,29.0,2421.0,402.0,1120.0,388.0,5.0309,242448.01,<1H OCEAN
-121.45,38.62,37.0,1534.0,315.0,1147.0,322.0,2.5643,87424.0,INLAND
-122.48,37.71,39.0,3615.0,632.0,1571.0,615.0,5.1149,334685.04,NEAR OCEAN
-123.22,39.15,45.0,1348.0,265.0,639.0,270.0,3.3667,127227.0,<1H OCEAN
-122.11,37.39,36.0,1660.0,261.0,655.0,249.0,6.3967,394179.08,NEAR BAY
-117.71,33.47,17.0,2681.0,454.0,830.0,410.0,5.5507,286622.09,<1H OCEAN
-118.07,33.87,18.0,3405.0,556.0,1945.0,509.0,5.7652,289420.0,<1H OCEAN
-122.11,37.66,29.0,2544.0,643.0,2332.0,603.0,3.2091,189212.0,NEAR BAY
-117.93,34.04,30.0,1336.0,239.0,905.0,253.0,4.8854,182351.0,<1H OCEAN
-122.03,37.39,34.0,2600.0,650.0,1994.0,650.0,4.0223,245769.0,<1H OCEAN
-118.35,33.9,31.0,1547.0,,956.0,287.0,3.4698,230917.0,<1H OCEAN
-117.13,32.72,9.0,2436.0,720.0,1780.0,653.0,1.8299,132407.0,NEAR OCEAN
-121.66,36.82,17.0,3921.0,654.0,1895.0,641.0,5.0092,264103.0,<1H OCEAN
-118.13,34.05,35.0,3229.0,616.0,1879.0,595.0,3.9531,251448.0,<1H OCEAN
-118.28,34.05,41.0,1788.0,774.0,2931.0,702.0,1.4413,188307.0,<1H OCEAN
-118.17,34.1,25.0,4444.0,647.0,1922.0,652.0,8.058,458424.53,<1H OCEAN
-121.33,37.97,36.0,1953.0,492.0,999.0,371.0,2.0043,79659.0,INLAND
-117.23,32.74,16.0,1953.0,404.0,798.0,385.0,4.8167,247151.01,NEAR OCEAN
-121.29,38.6,29.0,1276.0,225.0,600.0,223.0,4.0938,151176.0,INLAND
-117.95,34.04,36.0,1044.0,200.0,982.0,205.0,4.7679,167255.0,<1H OCEAN
-121.83,36.61,26.0,3723.0,789.0,2563.0,747.0,3.4531,208426.01,<1H OCEAN
-119.21,34.26,26.0,2406.0,411.0,1313.0,391.0,4.9079,238114.02,NEAR OCEAN
-118.29,33.91,28.0,1501.0,446.0,1028.0,418.0,2.3043,142790.0,<1H OCEAN
-118.74,34.26,27.0,3467.0,545.0,1798.0,493.0,4.8717,224282.0,<1H OCEAN
-118.2,33.96,44.0,2144.0,477.0,1760.0,452.0,2.3221,153478.0,<1H OCEAN
-117.93,33.65,29.0,1253.0,375.0,1198.0,362.0,3.5179,257962.03,<1H OCEAN
-124.09,40.88,31.0,1982.0,495.0,1052.0,467.0,1.5326,75016.0,NEAR OCEAN
-121.39,38.56,19.0,8507.0,1470.0,3517.0,1453.0,4.3644,153132.0,INLAND
-117.33,34.13,30.0,2335.0,363.0,1214.0,311.0,2.2449,82918.0,INLAND
-118.75,34.33,27.0,534.0,85.0,243.0,77.0,8.2787,450480.6,<1H OCEAN
-118.1,33.93,36.0,1124.0,217.0,707.0,234.0,4.375,175342.0,<1H OCEAN
-118.49,34.25,33.0,2088.0,383.0,960.0,362.0,4.3333,244774.01,<1H OCEAN
-117.69,34.06,29.0,873.0,226.0,649.0,198.0,2.7986,133973.0,INLAND
-117.06,32.57,18.0,1384.0,311.0,1429.0,287.0,1.3362,110838.0,NEAR OCEAN
-118.46,34.29,24.0,3668.0,890.0,3151.0,810.0,3.0526,181676.0,<1H OCEAN
-121.74,38.55,33.0,6861.0,1820.0,3717.0,1767.0,1.7311,109310.0,INLAND
-116.89,33.73,15.0,2094.0,316.0,937.0,277.0,5.3623,166662.0,INLAND
-121.89,37.25,26.0,1741.0,323.0,1007.0,339.0,4.7069,243183.0,<1H OCEAN
-122.15,37.72,31.0,1616.0,372.0,739.0,379.0,2.9097,168610.0,NEAR BAY
-119.29,34.26,32.0,3295.0,764.0,1344.0,600.0,3.6007,257317.0,NEAR OCEAN
-118.19,33.89,38.0,4018.0,986.0,3702.0,927.0,2.9293,149183.0,<1H OCEAN
-117.66,34.06,24.0,4043.0,952.0,2174.0,859.0,2.2244,130971.0,INLAND
-118.06,33.8,20.0,1379.0,333.0,937.0,304.0,3.6217,205495.0,<1H OCEAN
-118.0,33.95,35.0,1431.0,210.0,505.0,213.0,6.8109,364735.17,<1H OCEAN
-117.95,33.84,18.0,3418.0,815.0,1961.0,773.0,3.65,186936.0,<1H OCEAN
-117.88,33.9,21.0,3180.0,434.0,1413.0,391.0,6.5945,312403.05,<1H OCEAN
-118.12,34.11,48.0,2124.0,319.0,785.0,319.0,5.2131,339121.05,<1H OCEAN
-120.99,37.69,25.0,2773.0,384.0,1060.0,381.0,6.4788,265711.01,INLAND
-118.37,33.91,41.0,1869.0,427.0,1334.0,435.0,3.9355,256914.0,<1H OCEAN
-121.74,36.47,28.0,1973.0,343.0,970.0,349.0,4.25,232762.01,<1H OCEAN
-122.19,37.48,35.0,7067.0,1646.0,5380.0,1597.0,4.1776,370315.35,NEAR BAY
-116.95,32.78,20.0,3425.0,448.0,1489.0,443.0,6.2552,287994.0,<1H OCEAN
-117.8,33.76,27.0,2655.0,345.0,1017.0,335.0,6.9014,348182.02,<1H OCEAN
-115.54,32.79,23.0,1712.0,403.0,1370.0,377.0,1.275,58613.0,INLAND
-118.43,34.17,35.0,2922.0,507.0,1130.0,485.0,5.451,377602.21,<1H OCEAN
-120.69,35.49,16.0,2666.0,450.0,1203.0,429.0,4.1375,215656.0,<1H OCEAN
-118.32,33.94,37.0,2740.0,504.0,1468.0,479.0,4.5368,185489.0,<1H OCEAN
-121.18,37.96,35.0,411.0,74.0,193.0,59.0,2.5625,131372.0,INLAND
-121.33,37.96,42.0,1619.0,340.0,906.0,339.0,2.5488,81432.0,INLAND
-119.95,36.96,18.0,1996.0,379.0,1327.0,356.0,2.6087,73556.0,INLAND
-118.47,34.0,42.0,1271.0,301.0,574.0,312.0,3.1304,376641.13,<1H OCEAN
-124.09,40.88,26.0,2683.0,555.0,1353.0,526.0,2.4321,91527.0,NEAR OCEAN
-117.19,33.64,12.0,1481.0,265.0,757.0,243.0,3.235,179799.03,<1H OCEAN
-120.64,40.41,50.0,1741.0,424.0,987.0,383.0,1.5066,64965.0,INLAND
-119.72,34.42,52.0,1759.0,387.0,980.0,402.0,4.0125,287954.0,NEAR OCEAN
-115.49,32.69,17.0,1960.0,389.0,1691.0,356.0,1.899,74098.0,INLAND
-118.1,34.11,49.0,3367.0,523.0,1317.0,495.0,6.706,438985.5,<1H OCEAN
-122.82,38.39,32.0,1437.0,257.0,752.0,245.0,4.7422,259903.0,<1H OCEAN
-118.34,34.12,41.0,3257.0,679.0,1237.0,638.0,4.2415,471834.62,<1H OCEAN
-118.29,34.0,44.0,1753.0,387.0,1165.0,380.0,2.1354,114367.0,<1H OCEAN
-121.44,38.73,25.0,1287.0,224.0,727.0,236.0,4.7396,165649.0,INLAND
-117.22,32.83,31.0,3958.0,727.0,1924.0,728.0,5.4605,272726.06,NEAR OCEAN
-122.63,38.26,7.0,7808.0,1390.0,3551.0,1392.0,4.6069,223234.0,<1H OCEAN
-118.17,34.18,38.0,1280.0,231.0,828.0,237.0,4.375,220929.01,<1H OCEAN
-124.17,40.79,43.0,2285.0,479.0,1169.0,482.0,1.9688,82243.0,NEAR OCEAN
-118.37,34.15,29.0,2630.0,617.0,1071.0,573.0,3.3669,374078.12,<1H OCEAN
-118.93,34.82,24.0,806.0,168.0,323.0,136.0,3.5,117346.0,INLAND
-122.24,37.47,35.0,2283.0,491.0,1148.0,436.0,4.5556,344867.0,NEAR OCEAN
-122.26,37.85,50.0,1120.0,283.0,697.0,264.0,2.125,144985.0,NEAR BAY
-118.04,33.99,36.0,3531.0,754.0,1613.0,697.0,3.2359,192187.0,<1H OCEAN
-117.92,33.92,19.0,2181.0,400.0,1272.0,337.0,5.1952,246122.0,<1H OCEAN
-116.51,33.89,21.0,1284.0,306.0,537.0,233.0,1.95,88174.99,INLAND
-117.94,33.84,25.0,4016.0,831.0,2166.0,774.0,3.1884,193961.0,<1H OCEAN
-122.07,38.24,15.0,7937.0,1635.0,4390.0,1567.0,3.5464,160108.0,INLAND
-118.25,33.93,42.0,657.0,147.0,526.0,132.0,2.5,105935.0,<1H OCEAN
-118.86,34.22,26.0,1932.0,280.0,886.0,289.0,5.0855,248354.06,<1H OCEAN
-121.47,38.72,26.0,1708.0,299.0,911.0,290.0,4.0227,109461.0,INLAND
-118.2,33.92,36.0,414.0,104.0,477.0,130.0,3.6719,132464.0,<1H OCEAN
-122.13,37.7,21.0,4124.0,1054.0,2162.0,998.0,2.6321,174069.0,NEAR BAY
-122.01,37.27,28.0,3825.0,473.0,1415.0,480.0,10.675,500001.0,<1H OCEAN
-124.08,40.94,18.0,1550.0,345.0,941.0,335.0,2.3147,93989.0,NEAR OCEAN
-118.31,34.26,36.0,1882.0,453.0,1005.0,409.0,3.8,227718.0,<1H OCEAN
-117.29,33.2,16.0,2150.0,461.0,1428.0,407.0,2.4754,159855.0,NEAR OCEAN
-117.72,33.54,13.0,4866.0,812.0,1909.0,733.0,4.9821,255505.03,<1H OCEAN
-118.46,34.25,33.0,2202.0,433.0,1135.0,407.0,4.2143,216316.0,<1H OCEAN
-120.73,39.63,17.0,1791.0,356.0,432.0,190.0,3.8826,125448.0,INLAND
-122.54,38.36,40.0,2725.0,531.0,1167.0,458.0,3.7969,199746.0,<1H OCEAN
-122.91,39.17,44.0,202.0,42.0,142.0,39.0,4.35,171769.0,INLAND
-117.27,34.16,32.0,2894.0,427.0,1151.0,446.0,6.2236,269194.04,INLAND
-118.23,33.93,36.0,501.0,123.0,487.0,118.0,1.3,101535.0,<1H OCEAN
-117.34,34.13,29.0,331.0,85.0,341.0,107.0,0.7069,92726.0,INLAND
-118.13,33.79,29.0,2937.0,524.0,1132.0,528.0,4.6133,326683.19,NEAR OCEAN
-120.47,34.63,23.0,2441.0,463.0,1392.0,434.0,3.7917,171356.0,NEAR OCEAN
-119.32,36.2,25.0,1427.0,246.0,772.0,221.0,2.2262,71240.0,INLAND
-118.4,34.03,24.0,1101.0,318.0,491.0,287.0,3.2222,335496.06,<1H OCEAN
-122.99,39.02,14.0,1582.0,301.0,851.0,273.0,3.45,125850.0,<1H OCEAN
-117.99,33.72,14.0,2127.0,537.0,1338.0,475.0,3.628,193356.0,<1H OCEAN
-117.13,32.76,29.0,2568.0,682.0,1191.0,642.0,2.1094,141829.0,NEAR OCEAN
-117.23,34.51,9.0,5756.0,807.0,2158.0,758.0,5.5875,198745.0,INLAND
-122.44,37.75,52.0,2082.0,425.0,801.0,411.0,4.2708,352641.03,NEAR BAY
-121.02,37.68,28.0,2875.0,560.0,1608.0,558.0,3.5489,120554.0,INLAND
-117.97,33.71,26.0,2553.0,405.0,1337.0,411.0,5.3737,246608.0,<1H OCEAN
-119.3,34.42,18.0,5591.0,1042.0,2860.0,1026.0,3.5822,281202.11,NEAR OCEAN
-117.87,33.84,10.0,3381.0,729.0,1584.0,636.0,5.3812,270148.01,<1H OCEAN
-122.4,37.71,47.0,1649.0,328.0,1183.0,356.0,3.3625,225678.0,NEAR BAY
-120.98,37.66,33.0,1959.0,342.0,984.0,356.0,4.5208,155691.0,INLAND
-117.61,34.34,18.0,5210.0,912.0,1301.0,464.0,4.8623,176230.0,INLAND
-121.81,37.99,18.0,2807.0,445.0,1315.0,437.0,4.8194,146441.0,INLAND
-122.67,38.44,29.0,2551.0,448.0,1165.0,456.0,4.3587,246497.0,<1H OCEAN
-118.3,34.07,36.0,2657.0,738.0,2274.0,723.0,3.425,299026.01,<1H OCEAN
-119.71,36.81,19.0,2282.0,550.0,1034.0,500.0,1.6618,72827.0,INLAND
-121.88,37.34,44.0,1267.0,353.0,1018.0,327.0,2.4196,191349.0,<1H OCEAN
-116.93,32.81,18.0,2447.0,466.0,1573.0,472.0,2.6429,147701.0,<1H OCEAN
-121.01,37.33,17.0,1926.0,410.0,1054.0,321.0,1.6214,111044.0,INLAND
-123.2,39.13,26.0,1474.0,417.0,1065.0,401.0,1.375,113958.0,<1H OCEAN
-116.87,32.72,13.0,3268.0,491.0,1431.0,503.0,5.7652,250157.0,<1H OCEAN
-122.48,37.51,22.0,1564.0,278.0,761.0,270.0,4.7578,400898.04,NEAR OCEAN
-118.44,34.25,35.0,1583.0,324.0,1481.0,351.0,3.7,160007.0,<1H OCEAN
-120.33,34.87,24.0,2590.0,404.0,1093.0,338.0,3.9375,214547.02,<1H OCEAN
-118.34,33.91,8.0,3937.0,1404.0,2691.0,1142.0,2.4741,192139.0,<1H OCEAN
-118.68,34.08,18.0,102.0,17.0,55.0,21.0,3.9934,362905.21,NEAR OCEAN
-118.46,34.05,25.0,4077.0,1151.0,1719.0,1017.0,3.7721,424903.26,<1H OCEAN
-116.95,33.76,10.0,6890.0,1702.0,3141.0,1451.0,1.7079,91723.0,INLAND
-121.22,37.79,36.0,1052.0,221.0,712.0,212.0,1.7228,88846.0,INLAND
-118.15,34.04,44.0,647.0,142.0,457.0,143.0,3.6875,208097.0,<1H OCEAN
-117.7,33.6,26.0,2283.0,506.0,634.0,469.0,2.3774,123721.02,<1H OCEAN
-118.1,34.16,46.0,2863.0,513.0,1412.0,498.0,5.3272,349874.0,INLAND
-121.48,38.61,18.0,1511.0,315.0,1062.0,304.0,2.3438,103415.0,INLAND
-121.7,37.93,10.0,3258.0,612.0,1779.0,558.0,4.6587,202341.0,INLAND
-122.28,37.82,52.0,1387.0,341.0,1074.0,304.0,1.2171,107977.01,NEAR BAY
-121.8,38.0,34.0,2738.0,475.0,1316.0,459.0,3.5368,124565.0,INLAND
-121.92,37.25,36.0,3874.0,656.0,1826.0,639.0,4.9662,261524.03,<1H OCEAN
-122.41,37.79,52.0,5783.0,2747.0,4518.0,2538.0,1.724,294083.12,NEAR BAY
-121.58,37.03,16.0,3120.0,685.0,2383.0,681.0,3.5551,218162.0,INLAND
-118.35,34.07,45.0,7803.0,2154.0,3359.0,2041.0,3.3594,340741.14,<1H OCEAN
-122.53,37.5,19.0,4768.0,807.0,2199.0,805.0,6.1896,388410.13,NEAR OCEAN
-117.64,34.09,34.0,2839.0,659.0,1822.0,631.0,3.05,121205.0,INLAND
-118.3,34.06,33.0,2437.0,1283.0,3906.0,1084.0,2.0332,240931.0,<1H OCEAN
-117.09,32.71,29.0,2238.0,523.0,2061.0,504.0,2.5559,110585.0,NEAR OCEAN
-117.9,33.63,28.0,2370.0,352.0,832.0,347.0,7.1148,436166.33,<1H OCEAN
-122.45,37.72,52.0,1729.0,319.0,890.0,300.0,4.3036,257793.0,NEAR BAY
-118.52,34.21,34.0,1663.0,299.0,762.0,282.0,5.1265,244876.0,<1H OCEAN
-121.02,37.62,30.0,1721.0,399.0,1878.0,382.0,2.5363,91913.0,INLAND
-118.29,34.03,27.0,1084.0,287.0,1085.0,279.0,2.135,164737.0,<1H OCEAN
-121.16,41.78,42.0,2918.0,576.0,1182.0,440.0,2.1434,61385.0,INLAND
-118.13,33.93,19.0,1793.0,447.0,1222.0,452.0,2.6862,172433.0,<1H OCEAN
-117.92,33.94,27.0,4566.0,620.0,2045.0,664.0,5.583,262824.0,<1H OCEAN
-121.03,37.68,20.0,3204.0,625.0,2016.0,605.0,2.6567,118903.0,INLAND
-118.42,34.01,42.0,1700.0,438.0,997.0,436.0,2.9213,363052.06,<1H OCEAN
-117.27,33.06,7.0,3686.0,733.0,1612.0,672.0,3.197,191194.0,NEAR OCEAN
-121.64,36.68,16.0,6568.0,1603.0,6012.0,1565.0,2.3463,143008.0,<1H OCEAN
-119.65,36.37,4.0,3725.0,783.0,1478.0,600.0,3.5486,97727.0,INLAND
-117.31,34.51,18.0,2704.0,698.0,1611.0,597.0,2.0243,90610.0,INLAND
-117.99,33.66,14.0,3155.0,653.0,951.0,575.0,3.0625,205670.0,<1H OCEAN
-118.09,33.92,31.0,1983.0,419.0,1157.0,390.0,3.5455,181368.0,<1H OCEAN
-121.02,36.24,12.0,2198.0,507.0,1971.0,502.0,2.6801,146786.0,<1H OCEAN
-118.07,33.9,42.0,1007.0,224.0,776.0,228.0,3.8672,171665.0,<1H OCEAN
-122.27,37.84,52.0,2436.0,541.0,1015.0,478.0,1.725,153921.0,NEAR BAY
-122.25,37.5,44.0,348.0,79.0,154.0,73.0,4.7708,310148.0,NEAR OCEAN
-118.42,34.15,31.0,1861.0,430.0,736.0,360.0,5.2853,419663.2,<1H OCEAN
-121.08,37.69,19.0,6473.0,1212.0,3559.0,1123.0,3.2246,147557.0,INLAND
-122.32,40.57,15.0,2524.0,449.0,1374.0,467.0,3.3816,112126.0,INLAND
-122.45,37.69,17.0,2359.0,501.0,884.0,504.0,3.0625,246526.0,NEAR OCEAN
-122.68,38.4,32.0,2826.0,627.0,1767.0,628.0,3.1047,172315.0,<1H OCEAN
-118.25,34.12,11.0,1281.0,418.0,1584.0,330.0,2.8889,196030.0,<1H OCEAN
-120.46,34.64,11.0,562.0,164.0,504.0,147.0,2.0161,148732.01,NEAR OCEAN
-118.28,34.02,46.0,1098.0,426.0,1510.0,374.0,2.1382,123872.0,<1H OCEAN
-117.34,33.16,24.0,1006.0,277.0,610.0,246.0,2.25,192300.02,NEAR OCEAN
-120.97,37.84,28.0,2368.0,430.0,1231.0,403.0,2.883,116987.0,INLAND
-117.25,32.79,37.0,1467.0,442.0,651.0,354.0,2.375,243503.0,NEAR OCEAN
-121.64,36.72,17.0,4203.0,816.0,2900.0,827.0,4.1742,214888.0,<1H OCEAN
-118.47,34.25,21.0,2692.0,477.0,1330.0,456.0,4.5417,238109.01,<1H OCEAN
-117.14,32.72,43.0,1073.0,344.0,660.0,279.0,2.0529,141461.0,NEAR OCEAN
-118.15,34.02,43.0,2172.0,605.0,2386.0,597.0,2.8239,167297.0,<1H OCEAN
-117.29,33.13,4.0,617.0,105.0,224.0,105.0,3.9205,225000.12,NEAR OCEAN
-117.96,33.78,33.0,1520.0,,658.0,242.0,4.875,220466.02,<1H OCEAN
-122.81,38.08,19.0,1615.0,366.0,815.0,337.0,3.4609,229486.0,NEAR OCEAN
-117.78,33.85,16.0,3781.0,504.0,1665.0,499.0,7.2554,313097.0,<1H OCEAN
-117.89,34.1,34.0,2048.0,411.0,1456.0,416.0,3.125,163892.0,<1H OCEAN
-122.16,37.74,46.0,1029.0,181.0,567.0,211.0,3.4844,153854.0,NEAR BAY
-122.12,37.16,32.0,1602.0,317.0,752.0,275.0,5.1664,343944.09,NEAR OCEAN
-118.09,33.98,37.0,1226.0,255.0,1068.0,271.0,3.1607,160163.0,<1H OCEAN
-118.18,33.98,30.0,1735.0,573.0,2237.0,545.0,2.3444,157003.0,<1H OCEAN
-117.91,34.06,29.0,3250.0,521.0,1382.0,513.0,5.112,232215.0,<1H OCEAN
-117.68,34.15,24.0,1033.0,189.0,486.0,204.0,4.1719,167777.0,INLAND
-118.3,34.05,34.0,1453.0,588.0,1987.0,589.0,2.096,185243.0,<1H OCEAN
-121.88,37.43,17.0,3469.0,896.0,2762.0,808.0,3.3884,212961.0,<1H OCEAN
-122.48,37.76,52.0,3260.0,653.0,1594.0,632.0,4.4094,353298.07,NEAR BAY
-119.8,36.72,19.0,1334.0,336.0,1171.0,319.0,1.0481,54932.99,INLAND
-123.22,39.16,29.0,6121.0,1222.0,3595.0,1189.0,2.631,127467.0,<1H OCEAN
-119.17,34.17,21.0,2361.0,464.0,1146.0,396.0,3.6597,220961.01,NEAR OCEAN
-120.32,38.71,13.0,1115.0,255.0,86.0,32.0,3.5667,137015.0,INLAND
-119.64,36.56,34.0,576.0,117.0,363.0,97.0,2.0658,69791.0,INLAND
-117.84,35.54,11.0,1751.0,316.0,765.0,296.0,5.0762,121323.0,INLAND
-122.1,38.24,13.0,7367.0,1042.0,3193.0,983.0,5.3102,209460.0,NEAR BAY
-122.27,37.32,37.0,2607.0,534.0,1346.0,507.0,5.3951,376548.04,NEAR OCEAN
-118.1,33.89,35.0,994.0,203.0,602.0,185.0,3.5865,179826.0,<1H OCEAN
-117.02,32.75,33.0,3296.0,537.0,1345.0,556.0,5.2835,194628.0,<1H OCEAN
-117.32,34.12,37.0,2868.0,574.0,2055.0,563.0,2.3508,79816.0,INLAND
-121.42,38.62,41.0,1087.0,272.0,462.0,219.0,2.0224,94407.0,INLAND
-118.15,34.11,39.0,2618.0,582.0,1314.0,532.0,3.5875,275002.01,<1H OCEAN
-118.14,33.91,34.0,2011.0,472.0,1087.0,423.0,3.0465,211448.0,<1H OCEAN
-122.37,37.58,43.0,2506.0,432.0,967.0,428.0,4.7404,398145.06,NEAR OCEAN
-117.13,32.9,15.0,2785.0,644.0,1798.0,630.0,3.7156,154579.0,<1H OCEAN
-120.25,37.11,20.0,2062.0,466.0,1285.0,456.0,1.5319,71894.0,INLAND
-117.27,32.85,26.0,1373.0,,608.0,268.0,4.425,309253.13,NEAR OCEAN
-118.32,34.19,37.0,1335.0,249.0,485.0,240.0,4.1731,254174.04,<1H OCEAN
-118.3,33.78,35.0,2572.0,504.0,1172.0,519.0,4.6207,275991.01,<1H OCEAN
-121.2,38.73,11.0,4897.0,636.0,1931.0,616.0,7.7499,268592.0,INLAND
-121.9,36.61,29.0,3412.0,827.0,1574.0,759.0,2.9309,228597.0,NEAR OCEAN
-117.14,32.92,15.0,3242.0,595.0,1936.0,593.0,4.9706,203252.0,<1H OCEAN
-118.36,34.16,32.0,2455.0,556.0,989.0,493.0,4.0764,335098.09,<1H OCEAN
-117.89,33.92,17.0,2936.0,555.0,1381.0,535.0,5.4617,286082.0,<1H OCEAN
-121.48,38.56,50.0,1587.0,448.0,877.0,380.0,2.0833,91034.0,INLAND
-119.05,35.36,16.0,4507.0,1049.0,2261.0,959.0,3.3261,89024.0,INLAND
-120.85,37.49,42.0,264.0,72.0,310.0,70.0,1.4063,80479.0,INLAND
-118.34,34.08,52.0,1721.0,195.0,688.0,196.0,15.0001,499543.99,<1H OCEAN
-118.1,34.13,44.0,1745.0,237.0,693.0,248.0,9.7912,493282.91,<1H OCEAN
-117.22,33.19,16.0,3004.0,656.0,1948.0,606.0,2.7019,156474.0,<1H OCEAN
-118.46,34.26,33.0,1358.0,247.0,738.0,235.0,5.0947,225999.0,<1H OCEAN
-118.36,33.8,38.0,2553.0,400.0,1042.0,393.0,6.9742,450236.48,NEAR OCEAN
-117.08,32.78,21.0,2919.0,496.0,984.0,443.0,4.625,215980.01,NEAR OCEAN
-116.44,34.12,18.0,5584.0,1303.0,2250.0,1158.0,1.5823,76900.0,INLAND
-117.68,33.51,4.0,2428.0,401.0,959.0,386.0,6.2661,317516.01,<1H OCEAN
-118.45,34.04,19.0,3330.0,1010.0,1837.0,915.0,3.0173,339399.06,<1H OCEAN
-119.34,35.6,33.0,2143.0,488.0,1732.0,509.0,1.9362,58119.0,INLAND
-121.86,37.42,20.0,5032.0,808.0,2695.0,801.0,6.6227,304802.02,<1H OCEAN
-119.98,38.93,25.0,1262.0,293.0,534.0,226.0,2.6607,108156.0,INLAND
-121.83,39.74,34.0,3263.0,604.0,1290.0,594.0,2.575,83398.0,INLAND
-118.31,33.96,43.0,2118.0,569.0,1266.0,500.0,1.747,117923.0,<1H OCEAN
-119.84,36.79,21.0,3235.0,648.0,1820.0,614.0,3.3447,92918.0,INLAND
-117.93,33.66,18.0,2043.0,250.0,702.0,246.0,9.6062,458934.5,<1H OCEAN
-119.81,36.78,35.0,1012.0,245.0,633.0,240.0,2.0324,61077.0,INLAND
-121.31,38.97,16.0,1210.0,228.0,726.0,222.0,2.7083,116430.0,INLAND
-122.13,37.74,41.0,4400.0,666.0,1476.0,648.0,5.0,286827.01,NEAR BAY
-120.2,34.63,14.0,2647.0,515.0,1487.0,488.0,4.4519,259548.0,NEAR OCEAN
-117.12,32.75,20.0,1406.0,413.0,850.0,412.0,2.3261,141418.0,NEAR OCEAN
-121.2,38.28,20.0,1732.0,307.0,999.0,305.0,3.9808,148284.0,INLAND
-118.46,34.18,27.0,2582.0,719.0,2038.0,718.0,3.0877,224979.0,<1H OCEAN
-117.77,33.84,5.0,4380.0,715.0,1913.0,741.0,6.7274,303372.01,<1H OCEAN
-117.06,33.02,17.0,2635.0,389.0,994.0,359.0,5.8966,275996.01,<1H OCEAN
-118.1,34.05,31.0,3559.0,734.0,2975.0,715.0,3.756,192731.0,<1H OCEAN
-117.95,33.8,34.0,1654.0,285.0,905.0,292.0,4.6389,210533.0,<1H OCEAN
-118.21,33.81,43.0,905.0,199.0,764.0,204.0,3.3214,167618.0,NEAR OCEAN
-122.26,37.85,52.0,2643.0,626.0,1212.0,620.0,1.9167,188417.0,NEAR BAY
-118.05,34.02,31.0,40.0,8.0,25.0,7.0,2.125,204134.06,<1H OCEAN
-118.52,34.18,46.0,2082.0,438.0,1047.0,393.0,3.6534,230486.0,<1H OCEAN
-120.74,39.39,18.0,453.0,117.0,152.0,77.0,1.3523,89942.98,INLAND
-118.13,33.91,36.0,1967.0,316.0,910.0,306.0,4.4948,213994.0,<1H OCEAN
-124.1,40.88,35.0,2987.0,578.0,1581.0,585.0,2.0657,79018.0,NEAR OCEAN
-116.52,33.85,13.0,7559.0,1444.0,3189.0,1105.0,3.4886,149059.0,INLAND
-121.96,38.36,11.0,3208.0,790.0,1772.0,694.0,2.7434,131355.0,INLAND
-122.27,37.84,52.0,1688.0,337.0,853.0,325.0,2.1806,150491.0,NEAR BAY
-121.49,39.49,20.0,2505.0,468.0,1174.0,429.0,2.9965,98176.0,INLAND
-121.3,37.94,40.0,452.0,109.0,412.0,97.0,1.3417,62732.0,INLAND
-117.62,33.42,23.0,2656.0,515.0,998.0,435.0,4.0294,272897.04,NEAR OCEAN
-119.63,36.6,33.0,1589.0,294.0,1102.0,307.0,1.9676,60415.0,INLAND
-118.31,33.99,47.0,1525.0,359.0,982.0,333.0,2.0915,105495.0,<1H OCEAN
-116.99,32.74,18.0,3341.0,611.0,1952.0,602.0,3.9844,166735.0,<1H OCEAN
-117.05,33.13,20.0,7746.0,2035.0,5370.0,1838.0,2.3762,142268.0,<1H OCEAN
-117.98,33.75,37.0,1264.0,274.0,783.0,273.0,3.3438,182056.0,<1H OCEAN
-118.35,33.8,32.0,1434.0,296.0,672.0,285.0,4.875,337967.0,<1H OCEAN
-122.02,37.38,43.0,1261.0,317.0,836.0,333.0,4.0911,243666.0,<1H OCEAN
-117.09,32.79,36.0,1936.0,345.0,861.0,343.0,3.8333,165515.0,NEAR OCEAN
-117.98,33.95,35.0,4055.0,652.0,1758.0,639.0,6.1898,367604.17,<1H OCEAN
-119.73,34.43,35.0,2703.0,654.0,1383.0,631.0,4.5278,313275.04,NEAR OCEAN
-121.44,38.49,31.0,4297.0,788.0,2083.0,771.0,3.3878,105685.0,INLAND
-118.2,33.87,26.0,703.0,202.0,757.0,212.0,2.525,149752.0,<1H OCEAN
-118.14,33.76,37.0,3242.0,698.0,1080.0,629.0,3.901,430131.33,NEAR OCEAN
-122.34,41.06,33.0,2149.0,498.0,631.0,273.0,1.8816,68651.0,INLAND
-116.89,32.85,15.0,3560.0,593.0,1757.0,574.0,5.1185,190388.0,<1H OCEAN
-117.97,33.68,26.0,3653.0,568.0,1930.0,585.0,5.7301,257492.0,<1H OCEAN
-122.1,37.36,32.0,1433.0,199.0,498.0,201.0,9.3586,498520.95,NEAR BAY
-123.25,38.54,27.0,3658.0,764.0,1278.0,518.0,3.3536,224110.0,NEAR OCEAN
-116.94,32.75,4.0,14934.0,2479.0,6945.0,2418.0,5.1221,232187.01,<1H OCEAN
-117.71,33.63,16.0,2497.0,500.0,1357.0,456.0,4.5909,222370.0,<1H OCEAN
-117.97,33.82,26.0,4013.0,985.0,2442.0,922.0,3.7655,192386.0,<1H OCEAN
-122.18,37.77,51.0,2107.0,471.0,1173.0,438.0,3.2552,176507.0,NEAR BAY
-118.06,33.86,16.0,5603.0,938.0,3045.0,893.0,5.0778,257414.0,<1H OCEAN
-120.46,37.33,4.0,786.0,116.0,368.0,109.0,6.3215,231519.0,INLAND
-122.27,37.98,23.0,3455.0,479.0,1375.0,474.0,6.0289,301016.04,NEAR BAY
-118.15,34.59,33.0,2111.0,429.0,1067.0,397.0,3.7344,128996.0,INLAND
-122.14,37.41,35.0,2419.0,426.0,949.0,433.0,6.4588,403642.09,NEAR BAY
-122.19,37.77,42.0,932.0,254.0,900.0,263.0,1.8039,88364.0,NEAR BAY
-118.27,34.1,41.0,3729.0,740.0,1364.0,707.0,5.7778,364511.2,<1H OCEAN
-119.69,36.46,29.0,1702.0,301.0,914.0,280.0,2.8125,77691.0,INLAND
-118.5,34.26,33.0,2831.0,510.0,1340.0,504.0,4.8316,238771.0,<1H OCEAN
-121.83,37.28,17.0,3057.0,606.0,2030.0,602.0,5.2166,263936.0,<1H OCEAN
-121.52,39.12,37.0,102.0,17.0,29.0,14.0,4.125,121398.0,INLAND
-122.41,37.63,37.0,1252.0,275.0,878.0,287.0,4.2262,268559.0,NEAR OCEAN
-120.88,38.58,8.0,3417.0,604.0,1703.0,623.0,4.0827,158604.0,INLAND
-118.25,34.14,37.0,584.0,260.0,552.0,235.0,1.8235,218622.01,<1H OCEAN
-122.28,37.75,20.0,1156.0,365.0,583.0,326.0,3.1972,247884.06,NEAR BAY
-116.52,32.9,18.0,4454.0,852.0,1754.0,656.0,4.57,193944.0,INLAND
-117.91,33.78,33.0,2729.0,549.0,2223.0,535.0,4.0362,193394.0,<1H OCEAN
-118.37,34.09,24.0,630.0,172.0,257.0,147.0,5.5224,357416.2,<1H OCEAN
-118.23,34.1,46.0,2483.0,587.0,2121.0,553.0,2.2788,159584.0,<1H OCEAN
-122.41,37.79,52.0,3610.0,1286.0,1504.0,1047.0,3.2059,445593.57,NEAR BAY
-122.08,37.3,30.0,2268.0,404.0,1197.0,372.0,7.0813,429346.35,<1H OCEAN
-121.3,38.13,27.0,1004.0,192.0,470.0,192.0,2.8942,115616.0,INLAND
-119.63,36.58,22.0,1794.0,435.0,1127.0,359.0,1.2647,56575.0,INLAND
-120.61,35.1,14.0,2919.0,691.0,1896.0,577.0,2.4003,153907.0,<1H OCEAN
-117.13,33.89,4.0,1611.0,239.0,275.0,84.0,3.5781,152339.0,INLAND
-119.79,36.72,19.0,1719.0,391.0,1369.0,368.0,1.25,58339.0,INLAND
-118.21,34.18,14.0,2672.0,335.0,1113.0,318.0,12.1579,497280.96,<1H OCEAN
-120.93,37.67,6.0,3491.0,657.0,2075.0,644.0,3.3844,130551.0,INLAND
-120.0,36.7,33.0,1902.0,370.0,1168.0,358.0,2.6852,71930.0,INLAND
-122.44,37.8,52.0,3830.0,,1310.0,963.0,3.4801,464351.65,NEAR BAY
-118.35,33.97,26.0,1725.0,431.0,1130.0,404.0,3.2708,223772.0,<1H OCEAN
-119.33,36.89,15.0,1879.0,411.0,755.0,294.0,2.0,81490.0,INLAND
-117.95,33.92,11.0,3127.0,706.0,1594.0,694.0,4.3426,200393.0,<1H OCEAN
-118.35,33.89,25.0,1769.0,440.0,1371.0,414.0,3.0833,229514.0,<1H OCEAN
-122.42,37.75,52.0,2112.0,528.0,1227.0,513.0,3.5536,305716.0,NEAR BAY
-121.96,37.71,6.0,8072.0,1050.0,3386.0,1062.0,7.2494,337215.0,<1H OCEAN
-121.06,37.67,31.0,906.0,146.0,383.0,129.0,3.4167,152551.0,INLAND
-118.05,34.11,42.0,3677.0,627.0,1779.0,622.0,5.1509,392134.01,INLAND
-117.81,33.64,4.0,1741.0,225.0,811.0,233.0,12.3411,478751.37,<1H OCEAN
-122.37,37.58,52.0,1900.0,290.0,665.0,276.0,4.5486,418249.18,NEAR OCEAN
-122.1,39.47,43.0,1320.0,215.0,512.0,197.0,2.4917,75157.0,INLAND
-117.69,33.51,4.0,1223.0,275.0,505.0,244.0,4.6607,314887.28,<1H OCEAN
-118.25,34.07,47.0,2059.0,618.0,2033.0,544.0,1.9028,184886.0,<1H OCEAN
-117.1,34.57,6.0,5110.0,1044.0,1938.0,724.0,3.1917,123141.0,INLAND
-120.64,35.15,7.0,7922.0,1442.0,2863.0,1197.0,4.849,269761.01,<1H OCEAN
-122.12,37.44,33.0,1509.0,303.0,748.0,268.0,4.875,293120.18,NEAR BAY
-118.39,34.03,19.0,1450.0,509.0,746.0,437.0,3.1415,317637.08,<1H OCEAN
-123.41,40.07,17.0,449.0,151.0,141.0,53.0,0.8362,58321.96,INLAND
-117.39,34.07,26.0,1387.0,277.0,664.0,239.0,3.0278,109259.0,INLAND
-116.48,33.79,14.0,9425.0,2020.0,1711.0,1000.0,2.6298,126591.0,INLAND
-121.63,36.71,19.0,5015.0,1013.0,3251.0,940.0,3.9818,222667.0,<1H OCEAN
-118.33,34.1,30.0,5293.0,2446.0,4123.0,2127.0,1.51,254246.07,<1H OCEAN
-118.49,34.18,31.0,3073.0,674.0,1486.0,684.0,4.8984,270453.0,<1H OCEAN
-122.49,38.22,33.0,1486.0,290.0,781.0,274.0,3.5647,253384.01,NEAR BAY
-118.14,34.13,16.0,3569.0,821.0,1505.0,783.0,4.9167,330813.11,<1H OCEAN
-118.14,33.97,31.0,2064.0,612.0,2461.0,573.0,2.0524,165221.0,<1H OCEAN
-117.13,32.75,50.0,1476.0,354.0,698.0,354.0,3.0,199529.01,NEAR OCEAN
-118.44,34.28,46.0,11.0,11.0,24.0,13.0,2.875,255061.11,<1H OCEAN
-118.16,33.97,30.0,2419.0,715.0,3208.0,719.0,2.1743,164151.0,<1H OCEAN
-117.47,34.06,33.0,1379.0,273.0,884.0,229.0,2.7574,102120.0,INLAND
-118.43,34.24,36.0,1379.0,265.0,896.0,246.0,4.6827,203530.02,<1H OCEAN
-120.93,39.9,20.0,1511.0,328.0,791.0,320.0,2.0221,79361.0,INLAND
-120.97,37.61,16.0,1326.0,375.0,884.0,375.0,1.871,122470.0,INLAND
-123.01,38.79,32.0,2697.0,529.0,1417.0,535.0,3.2546,158325.0,<1H OCEAN
-120.6,34.91,44.0,711.0,140.0,384.0,116.0,2.1094,164633.01,NEAR OCEAN
-122.69,38.44,31.0,1808.0,315.0,691.0,280.0,3.8583,177566.0,<1H OCEAN
-117.33,33.97,8.0,152.0,19.0,1275.0,20.0,1.625,122351.0,INLAND
-120.38,36.15,17.0,2279.0,448.0,1200.0,420.0,2.7461,73021.0,INLAND
-117.05,32.76,46.0,1887.0,359.0,795.0,358.0,3.25,162632.0,NEAR OCEAN
-118.03,34.1,32.0,2668.0,609.0,1512.0,541.0,2.9422,196148.0,INLAND
-124.14,41.06,32.0,1020.0,215.0,421.0,198.0,3.0208,93614.0,NEAR OCEAN
-118.22,34.14,52.0,1388.0,271.0,735.0,239.0,3.7404,265163.0,<1H OCEAN
-118.31,33.72,26.0,2711.0,508.0,1372.0,459.0,4.1451,321152.0,NEAR OCEAN
-120.71,38.85,8.0,1877.0,479.0,884.0,323.0,3.4688,132919.0,INLAND
-120.98,39.08,20.0,4570.0,906.0,2125.0,815.0,3.0403,131169.0,INLAND
-117.78,34.07,18.0,3610.0,772.0,2899.0,765.0,3.9784,156840.0,INLAND
-118.27,34.06,30.0,1771.0,788.0,2188.0,764.0,1.5885,202885.0,<1H OCEAN
-118.32,34.01,50.0,1842.0,377.0,817.0,341.0,3.1548,153858.0,<1H OCEAN
-122.39,38.0,33.0,44.0,6.0,23.0,11.0,4.125,249248.03,NEAR BAY
-117.9,33.66,4.0,456.0,91.0,623.0,84.0,6.6369,291568.03,<1H OCEAN
-117.24,32.83,18.0,3109.0,501.0,949.0,368.0,7.4351,360728.04,NEAR OCEAN
-121.94,38.27,35.0,10869.0,2226.0,9879.0,2152.0,2.5681,115051.0,INLAND
-117.15,33.7,2.0,6305.0,1265.0,2489.0,1152.0,3.1319,149473.0,INLAND
-118.53,34.18,16.0,7194.0,1976.0,3687.0,1894.0,3.1887,212868.0,<1H OCEAN
-117.99,33.7,25.0,2017.0,357.0,1063.0,369.0,4.0345,217549.0,<1H OCEAN
-122.43,37.77,52.0,2714.0,779.0,1438.0,733.0,3.6031,405538.13,NEAR BAY
-122.21,37.47,33.0,1266.0,415.0,1991.0,334.0,2.92,215547.0,NEAR OCEAN
-119.43,36.55,27.0,1621.0,323.0,882.0,324.0,2.75,79340.0,INLAND
-118.09,34.17,36.0,2875.0,552.0,1131.0,458.0,4.3083,297689.0,INLAND
-121.4,38.49,12.0,7290.0,1283.0,3960.0,1248.0,3.5968,123476.0,INLAND
-117.04,32.64,5.0,2329.0,542.0,1213.0,514.0,4.0298,146999.0,NEAR OCEAN
-119.69,36.25,35.0,2011.0,349.0,970.0,300.0,2.395,75518.0,INLAND
-119.8,36.74,25.0,1717.0,542.0,1343.0,471.0,0.799,63032.0,INLAND
-118.36,34.13,36.0,6871.0,1180.0,2216.0,1130.0,8.0499,496209.92,<1H OCEAN
-118.23,34.14,39.0,277.0,89.0,182.0,91.0,2.3958,189358.06,<1H OCEAN
-117.95,33.81,33.0,1724.0,291.0,943.0,285.0,5.118,222184.0,<1H OCEAN
-119.19,34.28,28.0,3231.0,524.0,1665.0,540.0,4.8583,242676.01,NEAR OCEAN
-121.83,37.34,21.0,6404.0,1232.0,6047.0,1235.0,4.2098,224981.01,<1H OCEAN
-121.93,38.31,25.0,185.0,32.0,85.0,32.0,4.875,139356.0,INLAND
-119.7,36.3,10.0,956.0,201.0,693.0,220.0,2.2895,70392.0,INLAND
-122.22,37.85,28.0,5287.0,1048.0,2031.0,956.0,5.457,334977.02,NEAR BAY
-118.36,34.04,48.0,1769.0,429.0,993.0,405.0,2.3214,173380.01,<1H OCEAN
-122.41,37.79,52.0,6016.0,2509.0,3436.0,2119.0,2.5166,291043.1,NEAR BAY
-122.71,37.9,23.0,1250.0,257.0,437.0,188.0,3.115,371399.03,NEAR OCEAN
-120.65,35.27,15.0,2365.0,538.0,1446.0,490.0,2.5129,202170.0,NEAR OCEAN
-118.36,33.89,40.0,756.0,122.0,371.0,130.0,5.0299,236909.01,<1H OCEAN
-116.12,33.53,17.0,2421.0,820.0,2971.0,685.0,1.654,69180.0,INLAND
-121.0,37.66,43.0,2369.0,413.0,944.0,422.0,3.2632,134499.0,INLAND
-122.46,37.74,51.0,1905.0,291.0,707.0,284.0,6.2561,427217.31,NEAR BAY
-121.24,37.94,5.0,2232.0,488.0,1857.0,435.0,2.8705,122170.0,INLAND
-121.49,38.55,51.0,4280.0,632.0,1486.0,621.0,5.0359,215929.0,INLAND
-122.41,37.8,52.0,1999.0,642.0,1846.0,620.0,1.9145,265070.05,NEAR BAY
-118.11,33.83,37.0,1249.0,202.0,517.0,189.0,4.4196,222916.0,<1H OCEAN
-118.18,33.77,41.0,2048.0,601.0,852.0,533.0,2.5726,210877.0,NEAR OCEAN
-118.28,34.03,40.0,2118.0,796.0,2195.0,658.0,1.7976,154786.0,<1H OCEAN
-117.32,34.09,30.0,1129.0,251.0,1034.0,237.0,2.3917,86175.0,INLAND
-117.32,33.23,24.0,2580.0,604.0,982.0,569.0,1.6402,183614.08,NEAR OCEAN
-117.65,33.6,13.0,2319.0,430.0,1004.0,380.0,5.133,261528.05,<1H OCEAN
-120.7,35.55,10.0,3979.0,761.0,1834.0,671.0,3.5,203262.0,<1H OCEAN
-116.89,33.92,10.0,2653.0,621.0,1967.0,598.0,2.6643,94857.0,INLAND
-122.49,37.54,15.0,3456.0,545.0,1527.0,535.0,6.3256,420320.25,NEAR OCEAN
-119.3,38.26,19.0,3325.0,660.0,750.0,286.0,2.9509,123795.0,INLAND
-121.11,38.04,32.0,1083.0,188.0,471.0,178.0,2.9241,113656.0,INLAND
-117.87,33.61,25.0,2267.0,359.0,866.0,348.0,7.79,347735.09,<1H OCEAN
-118.28,34.04,19.0,460.0,241.0,890.0,229.0,1.6089,182995.01,<1H OCEAN
-117.78,33.69,16.0,4702.0,806.0,2529.0,814.0,5.1299,237615.0,<1H OCEAN
-118.85,35.2,17.0,2783.0,678.0,2566.0,641.0,1.9907,59318.0,INLAND
-121.55,38.51,22.0,2403.0,431.0,1088.0,421.0,3.9,153955.0,INLAND
-118.08,34.11,42.0,2628.0,525.0,1494.0,523.0,3.9464,244944.01,<1H OCEAN
-121.35,38.6,27.0,4314.0,611.0,1662.0,575.0,5.0997,181759.0,INLAND
-122.33,37.58,28.0,2784.0,736.0,1534.0,685.0,3.38,329381.0,NEAR OCEAN
-117.88,33.77,31.0,2549.0,355.0,1044.0,362.0,6.9737,349591.02,<1H OCEAN
-119.84,36.75,34.0,1186.0,300.0,774.0,271.0,1.575,54144.0,INLAND
-118.29,33.96,32.0,3508.0,917.0,2794.0,839.0,1.554,118679.0,<1H OCEAN
-117.87,33.88,24.0,2655.0,702.0,1519.0,708.0,3.3036,204327.0,<1H OCEAN
-118.21,34.65,17.0,4001.0,814.0,2313.0,756.0,3.0441,108789.0,INLAND
-118.11,34.01,22.0,1141.0,332.0,1189.0,321.0,2.2042,156623.0,<1H OCEAN
-122.19,37.75,36.0,1126.0,263.0,482.0,150.0,1.9167,85464.0,NEAR BAY
-118.39,34.21,14.0,2807.0,868.0,2729.0,803.0,2.6667,180701.0,<1H OCEAN
-116.61,33.04,11.0,2522.0,538.0,616.0,269.0,3.875,166156.04,INLAND
-118.15,35.06,15.0,1069.0,296.0,569.0,263.0,2.0441,72345.99,INLAND
-118.49,34.21,25.0,1131.0,449.0,746.0,420.0,1.3565,202130.0,<1H OCEAN
-117.7,33.63,16.0,4428.0,745.0,1525.0,682.0,5.2325,231071.02,<1H OCEAN
-117.29,33.24,5.0,3109.0,634.0,1823.0,578.0,3.1875,156439.02,<1H OCEAN
-121.34,37.96,27.0,1839.0,442.0,2010.0,416.0,2.1284,71324.0,INLAND
-117.01,32.99,8.0,3372.0,430.0,1536.0,448.0,8.4284,395907.04,<1H OCEAN
-117.69,34.07,35.0,3222.0,559.0,1970.0,550.0,3.7083,136339.0,INLAND
-122.07,37.64,25.0,4524.0,860.0,2426.0,862.0,4.7083,226309.0,NEAR BAY
-122.12,37.7,17.0,2488.0,617.0,1287.0,538.0,2.9922,180125.0,NEAR BAY
-120.81,37.53,15.0,570.0,123.0,189.0,107.0,1.875,106189.0,INLAND
-122.45,37.81,52.0,1375.0,322.0,287.0,184.0,3.9028,490819.8,NEAR BAY
-117.21,32.86,26.0,1352.0,202.0,654.0,217.0,5.3693,293054.02,NEAR OCEAN
-117.79,33.68,10.0,2106.0,319.0,1002.0,332.0,8.735,356778.03,<1H OCEAN
-121.81,37.31,14.0,2731.0,578.0,1109.0,551.0,3.1382,200484.0,<1H OCEAN
-118.17,33.98,41.0,428.0,111.0,585.0,139.0,3.1786,141592.0,<1H OCEAN
-122.29,37.89,52.0,2248.0,422.0,870.0,377.0,3.4732,216407.0,NEAR BAY
-118.22,33.98,34.0,2225.0,753.0,2980.0,736.0,1.6685,153091.0,<1H OCEAN
-118.3,34.09,29.0,3245.0,1190.0,3906.0,1102.0,2.1927,226009.0,<1H OCEAN
-118.15,34.2,52.0,1786.0,306.0,1018.0,322.0,4.1518,232012.0,INLAND
-117.23,32.72,38.0,2827.0,581.0,972.0,558.0,3.2361,330230.08,NEAR OCEAN
-117.55,33.87,18.0,8136.0,1584.0,4976.0,1516.0,3.9414,173730.0,INLAND
-117.69,34.01,30.0,2598.0,573.0,2170.0,518.0,2.3,118651.0,INLAND
-121.91,36.62,52.0,1431.0,300.0,657.0,293.0,3.2865,263512.04,<1H OCEAN
-123.22,40.16,27.0,1848.0,449.0,396.0,150.0,2.8472,90992.0,INLAND
-118.14,34.04,43.0,1949.0,464.0,1216.0,457.0,3.3214,210413.0,<1H OCEAN
-119.74,36.75,47.0,2236.0,418.0,1042.0,397.0,2.9545,75717.0,INLAND
-118.18,34.05,38.0,3272.0,731.0,3299.0,726.0,2.8295,149698.0,<1H OCEAN
-122.13,37.68,45.0,2457.0,445.0,1129.0,422.0,4.0588,200346.0,NEAR BAY
-118.23,34.66,25.0,2627.0,387.0,1059.0,338.0,3.6382,127913.0,INLAND
-118.33,33.9,21.0,6603.0,1984.0,5546.0,1745.0,2.6091,197376.0,<1H OCEAN
-122.34,37.95,44.0,1675.0,317.0,806.0,311.0,3.0694,125518.0,NEAR BAY
-118.19,34.03,50.0,1183.0,246.0,851.0,231.0,3.2639,155833.0,<1H OCEAN
-118.38,33.87,23.0,2387.0,418.0,1008.0,415.0,5.8518,337429.05,<1H OCEAN
-122.48,37.64,7.0,120.0,21.0,50.0,27.0,12.5,292654.08,NEAR OCEAN
-122.41,37.79,52.0,2909.0,851.0,1711.0,830.0,3.0296,352805.13,NEAR BAY
-122.22,38.1,44.0,2256.0,451.0,1057.0,426.0,3.1204,127852.0,NEAR BAY
-121.83,37.95,17.0,1133.0,244.0,716.0,235.0,2.875,131976.0,INLAND
-117.71,33.51,12.0,4676.0,698.0,1543.0,598.0,6.379,322524.03,<1H OCEAN
-117.23,33.1,4.0,1862.0,291.0,685.0,248.0,7.745,366515.13,NEAR OCEAN
-121.25,38.67,14.0,6155.0,1034.0,2407.0,941.0,4.2262,173285.0,INLAND
-117.8,33.67,4.0,3345.0,552.0,1525.0,539.0,6.7962,290683.0,<1H OCEAN
-122.0,39.94,27.0,852.0,176.0,464.0,148.0,1.7125,72910.0,INLAND
-120.3,38.9,11.0,1961.0,435.0,113.0,53.0,0.9227,130362.02,INLAND
-121.91,37.31,16.0,2962.0,898.0,1555.0,795.0,2.5804,186137.0,<1H OCEAN
-117.07,32.69,28.0,1485.0,275.0,820.0,283.0,4.069,130214.0,NEAR OCEAN
-117.0,32.8,29.0,2045.0,398.0,912.0,368.0,3.0189,164605.0,<1H OCEAN
-121.32,37.67,21.0,1494.0,271.0,781.0,255.0,4.3015,201785.0,INLAND
-119.23,34.44,34.0,3193.0,664.0,1434.0,627.0,2.4777,219304.0,<1H OCEAN
-122.43,37.77,52.0,2514.0,729.0,1428.0,597.0,2.3977,313461.04,NEAR BAY
-122.02,37.31,35.0,2355.0,384.0,1248.0,378.0,5.9714,325694.0,<1H OCEAN
-121.38,36.84,6.0,3769.0,669.0,2061.0,648.0,4.1875,275062.0,INLAND
-117.28,34.12,47.0,2456.0,611.0,1653.0,512.0,1.3973,73682.0,INLAND
-117.08,33.04,10.0,2577.0,347.0,1193.0,365.0,6.53,283978.0,<1H OCEAN
-120.65,38.42,23.0,1538.0,305.0,730.0,267.0,2.6078,112645.0,INLAND
-121.33,38.68,13.0,5826.0,1411.0,2244.0,1219.0,1.9093,114297.0,INLAND
-117.97,33.75,32.0,1564.0,270.0,973.0,290.0,3.75,190066.0,<1H OCEAN
-121.44,37.75,16.0,2229.0,458.0,1199.0,445.0,3.4821,135178.0,INLAND
-121.51,38.26,52.0,910.0,212.0,429.0,212.0,1.6458,106400.0,INLAND
-122.29,37.81,20.0,835.0,161.0,290.0,133.0,2.483,115265.01,NEAR BAY
-122.08,37.65,17.0,5018.0,1439.0,3069.0,1299.0,2.7694,169848.0,NEAR BAY
-122.49,37.78,47.0,2695.0,643.0,1505.0,644.0,3.0877,350707.01,NEAR BAY
-120.42,38.42,18.0,2912.0,663.0,999.0,411.0,2.7344,113206.0,INLAND
-118.13,34.16,52.0,1872.0,357.0,984.0,364.0,4.0,248356.0,<1H OCEAN
-117.01,34.9,36.0,2181.0,555.0,1404.0,492.0,2.3077,56341.97,INLAND
-117.24,32.74,43.0,2216.0,375.0,918.0,388.0,5.5289,393820.32,NEAR OCEAN
-118.15,33.84,29.0,2448.0,354.0,894.0,349.0,7.6526,393899.16,<1H OCEAN
-118.01,33.94,36.0,1921.0,329.0,969.0,327.0,4.9191,223402.0,<1H OCEAN
-118.36,33.94,38.0,2169.0,688.0,3036.0,639.0,2.3125,168677.0,<1H OCEAN
-118.19,33.99,36.0,1273.0,379.0,1398.0,353.0,2.4516,153491.0,<1H OCEAN
-121.9,37.31,52.0,2125.0,431.0,1014.0,443.0,5.8186,415050.21,<1H OCEAN
-118.43,34.29,38.0,1237.0,298.0,1073.0,293.0,3.6726,164814.0,<1H OCEAN
-121.08,38.93,14.0,4239.0,824.0,1729.0,794.0,2.4278,140757.0,INLAND
-122.48,38.9,10.0,304.0,63.0,161.0,61.0,2.1964,103663.99,INLAND
-122.18,37.91,31.0,7200.0,876.0,2428.0,843.0,10.9405,494985.95,NEAR BAY
-121.42,38.6,23.0,3713.0,1078.0,2194.0,1018.0,1.7451,92313.0,INLAND
-117.17,32.72,44.0,626.0,256.0,572.0,229.0,1.5909,152641.0,NEAR OCEAN
-117.88,33.7,18.0,2135.0,373.0,1464.0,405.0,5.4836,248973.0,<1H OCEAN
-120.97,37.73,19.0,3725.0,543.0,1412.0,463.0,5.7476,211760.0,INLAND
-121.63,39.15,16.0,1547.0,418.0,940.0,400.0,1.5613,88888.0,INLAND
-120.27,37.12,42.0,1142.0,236.0,597.0,210.0,1.7279,72849.0,INLAND
-121.96,37.43,18.0,2514.0,578.0,2205.0,545.0,3.3859,219516.0,<1H OCEAN
-118.32,34.17,45.0,3448.0,690.0,1562.0,643.0,4.0648,281720.02,<1H OCEAN
-117.95,33.78,26.0,4115.0,883.0,2184.0,825.0,3.9536,198512.0,<1H OCEAN
-121.87,37.3,14.0,360.0,124.0,134.0,84.0,2.7411,251603.12,<1H OCEAN
-117.23,34.11,22.0,1162.0,221.0,995.0,244.0,2.5875,102029.0,INLAND
-117.96,33.85,36.0,1951.0,365.0,1254.0,358.0,4.8438,190087.0,<1H OCEAN
-122.42,37.79,52.0,2737.0,1241.0,1761.0,1029.0,1.8068,352507.11,NEAR BAY
-120.08,39.23,19.0,1746.0,306.0,251.0,104.0,4.8182,173990.0,INLAND
-118.25,34.02,50.0,180.0,89.0,356.0,76.0,2.1944,108239.0,<1H OCEAN
-119.33,36.19,27.0,418.0,163.0,332.0,141.0,1.0714,61598.0,INLAND
-120.56,35.07,14.0,6788.0,1216.0,2866.0,1036.0,3.3603,207560.0,<1H OCEAN
-117.1,32.58,17.0,2046.0,559.0,1585.0,530.0,2.25,124866.0,NEAR OCEAN
-118.2,34.13,30.0,3369.0,824.0,2032.0,795.0,4.0052,276679.02,<1H OCEAN
-117.22,32.81,24.0,730.0,196.0,335.0,203.0,3.5078,203574.03,NEAR OCEAN
-118.41,34.0,18.0,1307.0,441.0,884.0,456.0,2.9338,345961.11,<1H OCEAN
-119.71,36.81,19.0,1648.0,368.0,557.0,354.0,1.7969,90584.99,INLAND
-118.44,34.06,28.0,3910.0,959.0,1763.0,867.0,5.5,445610.67,<1H OCEAN
-117.97,33.84,34.0,874.0,153.0,549.0,153.0,4.8667,194336.0,<1H OCEAN
-119.63,36.32,36.0,1518.0,287.0,749.0,255.0,2.2333,76757.0,INLAND
-118.53,34.04,45.0,1711.0,264.0,735.0,261.0,9.1078,497200.96,<1H OCEAN
-117.93,34.07,36.0,1207.0,209.0,683.0,213.0,5.3559,220982.0,<1H OCEAN
-117.31,34.08,40.0,2011.0,495.0,1528.0,469.0,1.9375,77393.0,INLAND
-122.44,37.7,6.0,3523.0,664.0,1705.0,608.0,4.9318,245402.0,NEAR OCEAN
-122.04,37.34,23.0,2590.0,725.0,1795.0,680.0,3.16,253665.01,<1H OCEAN
-121.26,38.65,17.0,2655.0,421.0,991.0,384.0,4.6484,172855.0,INLAND
-118.49,34.19,23.0,2087.0,571.0,1809.0,553.0,3.1667,201432.0,<1H OCEAN
-118.29,34.09,35.0,2198.0,998.0,3441.0,912.0,2.0467,211821.0,<1H OCEAN
-122.04,38.24,30.0,2081.0,456.0,1005.0,438.0,1.9954,94375.0,INLAND
-117.82,33.73,24.0,845.0,190.0,482.0,190.0,4.7039,203996.0,<1H OCEAN
-117.81,33.74,24.0,2696.0,649.0,1908.0,626.0,3.3047,169241.0,<1H OCEAN
-117.95,33.7,17.0,5781.0,924.0,2585.0,915.0,5.343,282899.0,<1H OCEAN
-123.82,40.12,33.0,2985.0,591.0,1221.0,486.0,2.087,97451.0,<1H OCEAN
-118.36,33.86,37.0,1249.0,218.0,583.0,214.0,5.7422,364291.14,<1H OCEAN
-118.77,34.28,27.0,1416.0,251.0,1024.0,268.0,5.1074,212121.0,<1H OCEAN
-122.29,37.86,52.0,1665.0,404.0,815.0,372.0,1.9946,164782.0,NEAR BAY
-120.18,36.59,25.0,948.0,198.0,613.0,171.0,2.3026,73861.0,INLAND
-118.02,34.09,24.0,2080.0,514.0,1976.0,478.0,2.6917,174647.0,INLAND
-117.96,33.82,29.0,2176.0,468.0,1632.0,428.0,3.707,187461.0,<1H OCEAN
-120.13,39.06,22.0,2465.0,539.0,381.0,146.0,2.875,139793.0,INLAND
-121.35,38.68,18.0,7923.0,1558.0,3789.0,1473.0,3.5403,124806.0,INLAND
-121.73,36.9,23.0,2392.0,721.0,3074.0,718.0,2.5195,151447.0,<1H OCEAN
-117.18,34.08,28.0,2243.0,399.0,1464.0,379.0,3.2105,101463.0,INLAND
-122.91,39.18,43.0,89.0,18.0,86.0,27.0,2.0208,89338.92,INLAND
-119.74,36.65,19.0,2546.0,463.0,1257.0,418.0,2.9013,78576.0,INLAND
-118.34,33.99,48.0,2225.0,433.0,1170.0,401.0,2.9643,161160.01,<1H OCEAN
-118.13,34.2,45.0,1213.0,206.0,529.0,231.0,5.6629,279891.02,INLAND
-117.17,32.83,24.0,3541.0,530.0,1591.0,530.0,5.3538,234837.0,NEAR OCEAN
-118.5,34.2,42.0,1558.0,322.0,884.0,334.0,2.2304,201878.01,<1H OCEAN
-117.97,33.72,24.0,2991.0,500.0,1437.0,453.0,5.4286,262085.0,<1H OCEAN
-118.39,34.08,27.0,6605.0,1710.0,2665.0,1520.0,3.8088,382800.21,<1H OCEAN
-119.71,36.83,5.0,1087.0,338.0,623.0,362.0,1.8061,100159.0,INLAND
-117.89,33.88,27.0,2091.0,336.0,1037.0,332.0,5.7519,258939.0,<1H OCEAN
-117.19,33.14,12.0,3652.0,923.0,1677.0,728.0,2.3267,137568.0,<1H OCEAN
-114.62,33.62,26.0,18.0,3.0,5.0,3.0,0.536,129403.02,INLAND
-122.25,37.8,29.0,2468.0,864.0,1335.0,773.0,1.3929,203159.03,NEAR BAY
-118.25,33.97,32.0,879.0,257.0,1057.0,230.0,1.6776,103856.0,<1H OCEAN
-122.14,37.72,45.0,1397.0,253.0,555.0,248.0,2.983,186612.0,NEAR BAY
-117.97,34.17,35.0,5005.0,848.0,2112.0,813.0,4.9968,286815.02,INLAND
-122.55,38.42,24.0,2220.0,411.0,894.0,365.0,4.2891,250043.0,<1H OCEAN
-118.22,34.52,7.0,4524.0,735.0,2298.0,717.0,6.5538,244297.0,INLAND
-118.23,34.13,34.0,609.0,149.0,407.0,145.0,4.5766,226515.01,<1H OCEAN
-117.13,32.72,43.0,2160.0,504.0,1221.0,452.0,2.4821,153270.0,NEAR OCEAN
-119.03,35.36,41.0,1944.0,363.0,977.0,388.0,3.9097,95424.0,INLAND
-122.41,37.8,52.0,3278.0,775.0,1279.0,709.0,5.4378,437152.48,NEAR BAY
-122.46,37.72,37.0,1833.0,388.0,1093.0,363.0,3.0703,259059.0,NEAR OCEAN
-118.07,33.93,5.0,906.0,187.0,1453.0,158.0,4.125,159655.0,<1H OCEAN
-121.82,37.28,33.0,2873.0,489.0,1946.0,475.0,5.0709,242108.02,<1H OCEAN
-121.9,36.58,31.0,1431.0,,704.0,393.0,3.1977,293261.02,NEAR OCEAN
-117.94,34.15,33.0,859.0,144.0,421.0,138.0,4.4821,232623.01,INLAND
-121.3,38.13,26.0,2256.0,360.0,937.0,372.0,5.0528,161050.0,INLAND
-118.36,34.06,39.0,2810.0,670.0,1109.0,624.0,3.25,343924.12,<1H OCEAN
-118.23,34.14,33.0,2865.0,864.0,2061.0,790.0,2.6268,200157.0,<1H OCEAN
-119.72,34.43,27.0,984.0,299.0,777.0,313.0,2.5694,256052.01,<1H OCEAN
-121.76,36.75,21.0,1141.0,257.0,671.0,195.0,3.8424,230066.01,<1H OCEAN
-117.09,32.74,23.0,3130.0,779.0,2472.0,744.0,2.32,113499.0,NEAR OCEAN
-118.19,34.04,39.0,1074.0,323.0,1613.0,308.0,2.3015,145013.0,<1H OCEAN
-118.36,33.89,34.0,760.0,174.0,723.0,198.0,5.3169,283379.0,<1H OCEAN
-118.09,33.96,20.0,1911.0,472.0,1407.0,465.0,2.7647,166660.0,<1H OCEAN
-119.9,37.49,13.0,2230.0,443.0,920.0,361.0,3.0,110931.0,INLAND
-117.49,33.64,3.0,8874.0,1302.0,3191.0,1027.0,6.8588,305003.02,<1H OCEAN
-121.36,38.01,16.0,926.0,230.0,451.0,198.0,4.0221,130114.0,INLAND
-117.35,34.16,36.0,1717.0,348.0,1054.0,279.0,2.4444,87965.0,INLAND
-118.35,33.8,19.0,6224.0,1105.0,3152.0,1076.0,5.9541,327229.05,<1H OCEAN
-117.2,32.84,34.0,3353.0,544.0,1583.0,571.0,4.55,226479.0,NEAR OCEAN
-118.46,34.32,10.0,5777.0,1112.0,2917.0,1056.0,4.1514,218242.0,<1H OCEAN
-121.6,37.13,14.0,9483.0,1361.0,4108.0,1281.0,7.5,368098.02,<1H OCEAN
-118.35,33.98,33.0,1884.0,477.0,1518.0,449.0,3.1194,205892.0,<1H OCEAN
-121.72,38.0,7.0,7957.0,1314.0,4460.0,1293.0,4.9618,162840.0,INLAND
-117.99,33.73,24.0,2104.0,421.0,1181.0,414.0,3.8365,200654.0,<1H OCEAN
-121.85,37.33,16.0,2987.0,874.0,4241.0,841.0,2.8024,173367.0,<1H OCEAN
-117.93,33.62,33.0,1890.0,416.0,859.0,329.0,4.5658,393039.37,<1H OCEAN
-120.02,36.8,25.0,1270.0,255.0,1050.0,245.0,2.1618,65006.0,INLAND
-122.38,37.58,52.0,1704.0,226.0,671.0,243.0,8.4704,486215.83,NEAR OCEAN
-117.84,33.74,22.0,6072.0,1802.0,4715.0,1666.0,3.1353,172617.0,<1H OCEAN
-117.98,33.77,7.0,2252.0,570.0,1576.0,550.0,3.6333,162640.0,<1H OCEAN
-122.59,37.97,46.0,4036.0,856.0,1872.0,833.0,4.5625,326431.01,NEAR OCEAN
-119.35,35.59,14.0,2719.0,502.0,1497.0,457.0,3.176,84687.0,INLAND
-121.24,39.22,14.0,983.0,163.0,399.0,161.0,2.2917,111968.0,INLAND
-117.96,34.08,28.0,2831.0,552.0,2330.0,557.0,3.9741,186854.0,<1H OCEAN
-117.7,33.64,15.0,5743.0,773.0,2380.0,773.0,8.1926,369724.02,<1H OCEAN
-117.65,34.04,28.0,2360.0,607.0,2623.0,592.0,2.5048,115640.0,INLAND
-121.9,38.02,5.0,1560.0,369.0,1037.0,372.0,3.6154,141554.0,INLAND
-118.07,33.99,41.0,1204.0,252.0,1002.0,248.0,3.0577,166711.0,<1H OCEAN
-118.28,33.99,49.0,2174.0,481.0,1861.0,484.0,1.7159,102518.0,<1H OCEAN
-117.89,33.83,35.0,2984.0,446.0,1435.0,455.0,5.6276,249341.02,<1H OCEAN
-119.35,36.42,18.0,1115.0,193.0,1742.0,176.0,2.7969,71536.0,INLAND
-122.3,37.55,35.0,3675.0,735.0,1930.0,715.0,3.9833,305483.0,NEAR OCEAN
-118.16,34.7,33.0,2918.0,494.0,1365.0,478.0,4.8787,210310.0,INLAND
-122.48,38.48,29.0,2278.0,397.0,765.0,322.0,4.6379,279139.0,INLAND
-119.73,36.52,20.0,1741.0,331.0,1466.0,289.0,2.5921,68918.0,INLAND
-122.25,37.53,16.0,4428.0,664.0,1677.0,623.0,7.6864,398846.06,NEAR BAY
-118.37,34.07,52.0,1084.0,247.0,468.0,255.0,3.4286,404705.07,<1H OCEAN
-118.04,33.85,24.0,2233.0,347.0,1162.0,355.0,5.6094,261954.0,<1H OCEAN
-116.95,32.74,7.0,2722.0,578.0,1429.0,574.0,3.9583,165773.0,<1H OCEAN
-122.58,38.1,22.0,11872.0,2300.0,5600.0,2200.0,4.6463,241056.0,NEAR BAY
-118.47,34.04,21.0,5041.0,1491.0,2719.0,1420.0,3.5335,364196.16,<1H OCEAN
-118.25,33.92,44.0,1137.0,235.0,747.0,225.0,2.0,96819.0,<1H OCEAN
-117.29,34.14,52.0,1683.0,266.0,646.0,256.0,4.0481,136547.0,INLAND
-119.49,37.1,24.0,2532.0,555.0,1564.0,507.0,2.3359,85724.0,INLAND
-122.7,38.45,26.0,2011.0,557.0,855.0,530.0,1.125,162288.0,<1H OCEAN
-121.9,37.44,12.0,4228.0,734.0,2594.0,732.0,6.6086,315354.07,<1H OCEAN
-117.27,34.24,34.0,3687.0,756.0,941.0,367.0,2.875,101548.0,INLAND
-121.27,38.12,44.0,2356.0,482.0,1043.0,443.0,2.4949,93967.0,INLAND
-119.72,34.42,31.0,1524.0,383.0,1257.0,398.0,2.6019,232873.0,NEAR OCEAN
-119.54,36.51,36.0,49.0,7.0,28.0,2.0,4.625,139794.0,INLAND
-118.41,33.97,44.0,2298.0,388.0,849.0,360.0,5.5941,397202.21,<1H OCEAN
-120.85,37.51,15.0,1131.0,285.0,728.0,281.0,1.5531,110795.0,INLAND
-122.42,37.75,52.0,1207.0,302.0,1008.0,269.0,3.3816,262345.0,NEAR BAY
-118.28,33.98,47.0,865.0,193.0,782.0,217.0,2.2411,117970.0,<1H OCEAN
-118.27,33.82,39.0,1357.0,249.0,763.0,229.0,4.25,190979.0,<1H OCEAN
-117.01,32.73,22.0,2526.0,530.0,1556.0,529.0,2.8646,135752.0,NEAR OCEAN
-122.25,37.8,52.0,2087.0,510.0,1197.0,488.0,3.0149,236191.01,NEAR BAY
-118.44,33.88,35.0,2020.0,451.0,724.0,399.0,6.6494,459104.39,NEAR OCEAN
-118.35,33.85,35.0,1248.0,206.0,551.0,185.0,5.6426,315350.0,<1H OCEAN
-122.35,37.96,35.0,1326.0,346.0,1023.0,295.0,2.0724,100117.0,NEAR BAY
-118.43,34.16,41.0,2050.0,478.0,850.0,490.0,3.4208,356136.07,<1H OCEAN
-118.3,33.93,29.0,2228.0,396.0,1140.0,352.0,3.7969,169455.0,<1H OCEAN
-121.28,38.53,18.0,224.0,38.0,95.0,41.0,3.1042,142189.0,INLAND
-117.27,33.0,36.0,2426.0,454.0,1085.0,420.0,5.1523,347718.23,NEAR OCEAN
-122.41,37.63,35.0,865.0,226.0,602.0,217.0,3.0,268129.04,NEAR OCEAN
-117.18,32.76,8.0,3694.0,997.0,1297.0,807.0,3.6492,223126.0,NEAR OCEAN
-118.45,33.99,45.0,1132.0,269.0,654.0,264.0,4.5673,338506.0,<1H OCEAN
-117.07,32.8,36.0,2028.0,349.0,820.0,352.0,3.9828,166609.0,<1H OCEAN
-121.34,38.59,22.0,3273.0,480.0,1151.0,463.0,8.05,327321.0,INLAND
-118.64,34.22,16.0,4312.0,574.0,1902.0,574.0,8.4438,417121.06,<1H OCEAN
-117.94,33.88,46.0,1747.0,312.0,770.0,296.0,5.4217,280745.09,<1H OCEAN
-121.98,37.27,25.0,3075.0,564.0,1633.0,543.0,5.2528,276115.0,<1H OCEAN
-117.02,32.73,22.0,5201.0,865.0,3280.0,817.0,4.7952,167765.0,NEAR OCEAN
-118.09,34.15,45.0,1345.0,356.0,749.0,327.0,2.8007,221437.0,INLAND
-122.52,37.89,17.0,4363.0,1041.0,1640.0,989.0,3.9531,349800.05,NEAR BAY
-117.24,34.14,6.0,2383.0,606.0,1301.0,488.0,3.016,117413.0,INLAND
-118.58,34.21,27.0,2209.0,353.0,1034.0,344.0,4.7125,234893.01,<1H OCEAN
-118.02,33.92,34.0,2169.0,418.0,1169.0,406.0,3.2222,189370.0,<1H OCEAN
-117.82,33.82,22.0,3173.0,372.0,1181.0,355.0,8.3637,373475.02,<1H OCEAN
-117.87,33.84,23.0,1678.0,369.0,912.0,347.0,4.5,203658.0,<1H OCEAN
-122.45,38.01,36.0,4501.0,832.0,2196.0,800.0,4.3182,289161.02,NEAR BAY
-117.69,36.13,25.0,1709.0,439.0,632.0,292.0,1.7868,82482.99,INLAND
-118.18,34.03,26.0,859.0,255.0,835.0,232.0,1.1929,170006.01,<1H OCEAN
-122.44,37.78,37.0,1235.0,314.0,481.0,297.0,3.6875,371592.03,NEAR BAY
-117.99,34.08,35.0,1032.0,207.0,954.0,191.0,2.8906,149601.0,INLAND
-119.63,34.4,29.0,3865.0,814.0,1266.0,613.0,6.0069,404544.27,<1H OCEAN
-122.62,38.24,33.0,1369.0,280.0,758.0,246.0,4.0341,208126.0,<1H OCEAN
-122.33,38.29,14.0,3541.0,499.0,1577.0,459.0,5.3351,217334.0,NEAR BAY
-119.82,36.79,35.0,1474.0,291.0,709.0,294.0,2.6522,73436.0,INLAND
-118.61,34.21,41.0,1058.0,228.0,778.0,245.0,3.3534,188873.0,<1H OCEAN
-122.53,37.87,20.0,1814.0,282.0,658.0,253.0,7.9977,404011.06,NEAR BAY
-118.26,33.91,39.0,967.0,256.0,903.0,256.0,1.9038,97516.0,<1H OCEAN
-121.92,37.28,27.0,3028.0,486.0,1284.0,498.0,4.5833,291583.0,<1H OCEAN
-120.46,37.29,30.0,2972.0,635.0,1940.0,590.0,2.3594,85917.0,INLAND
-121.97,36.97,24.0,3665.0,870.0,1954.0,833.0,2.8036,234550.0,NEAR OCEAN
-117.16,32.73,52.0,1863.0,559.0,906.0,493.0,1.9203,171762.0,NEAR OCEAN
-118.19,33.78,24.0,225.0,72.0,439.0,71.0,2.8533,212626.06,NEAR OCEAN
-117.11,32.69,39.0,395.0,159.0,620.0,162.0,2.725,113358.0,NEAR OCEAN
-117.88,33.82,17.0,2247.0,705.0,1382.0,618.0,3.8631,195668.0,<1H OCEAN
-122.48,37.69,43.0,2661.0,455.0,1384.0,456.0,4.2421,243406.0,NEAR OCEAN
-118.15,34.17,36.0,930.0,280.0,1024.0,300.0,1.0846,199794.06,<1H OCEAN
-117.7,33.6,16.0,2092.0,489.0,877.0,392.0,3.0461,155486.0,<1H OCEAN
-116.22,33.73,38.0,1695.0,352.0,1279.0,305.0,2.1217,72273.0,INLAND
-119.07,35.34,16.0,4201.0,786.0,1667.0,724.0,4.8839,145090.0,INLAND
-120.71,37.38,14.0,1979.0,432.0,1756.0,382.0,2.6923,91824.0,INLAND
-121.36,37.99,8.0,1801.0,380.0,684.0,350.0,4.2589,171538.0,INLAND
-117.3,33.23,13.0,3619.0,791.0,1759.0,806.0,2.765,137661.0,<1H OCEAN
-118.15,33.94,37.0,1594.0,321.0,1003.0,323.0,3.3289,212069.0,<1H OCEAN
-118.11,34.15,40.0,1950.0,509.0,1038.0,438.0,2.6172,186738.0,<1H OCEAN
-117.1,32.74,30.0,1772.0,500.0,1389.0,447.0,2.3641,111675.0,NEAR OCEAN
-122.67,38.33,4.0,8072.0,1606.0,4323.0,1475.0,3.9518,197843.0,<1H OCEAN
-118.14,34.06,37.0,1339.0,258.0,706.0,238.0,4.7569,224770.0,<1H OCEAN
-118.27,34.0,43.0,1638.0,434.0,1213.0,390.0,1.3403,105285.0,<1H OCEAN
-118.31,33.67,42.0,1297.0,246.0,611.0,242.0,5.3074,357012.2,NEAR OCEAN
-122.23,40.57,18.0,1633.0,243.0,750.0,252.0,5.1585,185720.0,INLAND
-117.04,32.58,14.0,2355.0,406.0,1883.0,401.0,5.0311,160034.0,NEAR OCEAN
-118.51,34.0,52.0,1241.0,502.0,679.0,459.0,2.3098,368294.17,<1H OCEAN
-118.09,33.74,44.0,1671.0,390.0,871.0,367.0,4.6369,399412.16,NEAR OCEAN
-118.93,36.19,30.0,2685.0,546.0,951.0,523.0,2.6184,77701.0,INLAND
-117.22,32.75,26.0,696.0,185.0,384.0,184.0,2.6121,218223.03,NEAR OCEAN
-122.04,37.62,35.0,1032.0,173.0,453.0,176.0,6.396,361612.03,NEAR BAY
-117.22,34.07,8.0,3065.0,692.0,1440.0,666.0,3.2368,112274.0,INLAND
-117.13,34.24,17.0,2828.0,506.0,673.0,274.0,5.2563,160130.01,INLAND
-117.13,32.7,48.0,786.0,230.0,917.0,231.0,1.875,88556.0,NEAR OCEAN
-122.44,37.77,52.0,3475.0,807.0,1518.0,777.0,3.6186,458679.53,NEAR BAY
-118.24,33.96,34.0,1724.0,432.0,1876.0,416.0,2.1078,107142.0,<1H OCEAN
-119.08,35.32,8.0,11609.0,2141.0,5696.0,2100.0,5.0012,148183.0,INLAND
-119.29,34.28,38.0,2387.0,748.0,1537.0,741.0,2.3147,197234.0,NEAR OCEAN
-118.26,34.01,47.0,1269.0,323.0,1628.0,325.0,1.5089,112319.0,<1H OCEAN
-122.14,37.44,52.0,3117.0,468.0,1114.0,421.0,6.6756,469755.7,NEAR BAY
-117.13,32.58,27.0,2511.0,615.0,1427.0,576.0,3.1645,150776.01,NEAR OCEAN
-119.67,36.33,19.0,1241.0,244.0,850.0,237.0,2.9375,72426.0,INLAND
-122.43,37.81,39.0,3275.0,837.0,1137.0,725.0,3.7679,418556.5,NEAR BAY
-121.39,38.63,30.0,2930.0,739.0,1661.0,668.0,2.7813,118574.0,INLAND
-118.36,33.86,37.0,1768.0,314.0,802.0,290.0,5.0784,304024.03,<1H OCEAN
-118.33,33.92,23.0,969.0,288.0,670.0,251.0,3.267,179705.0,<1H OCEAN
-118.79,34.14,7.0,3003.0,504.0,1143.0,466.0,5.8548,375855.13,NEAR OCEAN
-117.82,34.13,27.0,3770.0,573.0,1606.0,562.0,6.1321,247254.02,INLAND
-114.57,33.57,20.0,1454.0,326.0,624.0,262.0,1.925,62084.0,INLAND
-118.08,34.13,46.0,1238.0,147.0,377.0,145.0,8.4546,464354.52,INLAND
-117.72,34.1,32.0,3241.0,895.0,1592.0,810.0,2.4952,136415.0,INLAND
-118.25,33.91,36.0,1950.0,365.0,1125.0,374.0,3.1111,127483.0,<1H OCEAN
-121.71,38.56,20.0,8627.0,1516.0,4071.0,1466.0,4.2198,194657.0,INLAND
-122.02,38.02,44.0,1465.0,247.0,817.0,237.0,4.8693,201462.0,NEAR BAY
-122.08,37.39,4.0,2292.0,,1050.0,584.0,4.8036,289249.05,NEAR BAY
-117.16,32.74,27.0,2335.0,604.0,982.0,590.0,3.1921,244353.06,NEAR OCEAN
-118.37,34.24,40.0,1283.0,246.0,594.0,236.0,4.1121,210608.0,<1H OCEAN
-118.31,34.0,47.0,1551.0,362.0,1329.0,322.0,1.9792,112676.0,<1H OCEAN
-120.48,37.29,17.0,2266.0,693.0,3200.0,664.0,1.5635,74577.0,INLAND
-122.54,37.99,32.0,2236.0,348.0,818.0,330.0,7.3521,410622.22,NEAR BAY
-117.11,32.79,16.0,2574.0,771.0,1129.0,721.0,3.3849,126572.0,NEAR OCEAN
-118.34,34.04,35.0,2345.0,607.0,2042.0,565.0,2.5955,184920.0,<1H OCEAN
-120.44,34.93,15.0,868.0,244.0,1133.0,253.0,2.0995,108541.0,<1H OCEAN
-118.54,34.23,29.0,1753.0,342.0,1318.0,333.0,4.125,196566.0,<1H OCEAN
-117.05,32.76,37.0,4879.0,906.0,2076.0,871.0,3.6625,163617.0,NEAR OCEAN
-122.04,36.97,30.0,2695.0,424.0,1098.0,420.0,5.3972,343622.03,NEAR OCEAN
-122.53,38.01,27.0,3121.0,531.0,1318.0,489.0,5.4781,293489.01,NEAR BAY
-118.39,34.16,20.0,4084.0,1062.0,1637.0,987.0,3.2388,327371.01,<1H OCEAN
-118.2,34.12,52.0,1580.0,426.0,1462.0,406.0,3.3326,172030.0,<1H OCEAN
-122.43,37.64,42.0,4091.0,757.0,1861.0,771.0,4.207,297621.0,NEAR OCEAN
-116.88,34.08,52.0,3419.0,777.0,710.0,265.0,3.9028,126412.0,INLAND
-122.09,37.41,8.0,1480.0,414.0,856.0,445.0,2.8203,209556.01,NEAR BAY
-121.9,37.3,39.0,3627.0,666.0,1531.0,635.0,4.537,271467.01,<1H OCEAN
-122.78,38.44,14.0,4143.0,656.0,1569.0,629.0,3.9766,205671.0,<1H OCEAN
-122.31,38.34,19.0,4187.0,684.0,1827.0,605.0,4.5293,191754.0,NEAR BAY
-117.74,34.02,33.0,2318.0,464.0,1904.0,451.0,3.7454,140578.0,INLAND
-122.01,37.93,25.0,2652.0,335.0,1062.0,334.0,7.5898,363338.06,NEAR BAY
-118.85,34.21,29.0,2195.0,414.0,1360.0,401.0,3.4773,196674.0,<1H OCEAN
-122.37,38.33,29.0,1868.0,291.0,764.0,284.0,4.825,206849.0,NEAR BAY
-118.11,34.07,19.0,3215.0,907.0,3072.0,870.0,2.3393,193810.01,<1H OCEAN
-121.28,38.7,15.0,5828.0,1051.0,2868.0,1037.0,3.7813,151549.0,INLAND
-118.1,34.08,37.0,2894.0,659.0,1977.0,636.0,2.543,189344.0,<1H OCEAN
-120.07,36.96,32.0,1268.0,283.0,549.0,273.0,1.4511,67197.0,INLAND
-118.37,33.95,32.0,1067.0,286.0,1053.0,277.0,2.8438,187782.0,<1H OCEAN
-122.42,37.8,52.0,3823.0,1040.0,1830.0,977.0,4.2458,489814.89,NEAR BAY
-118.7,34.3,23.0,2831.0,406.0,1284.0,393.0,6.1383,281758.02,<1H OCEAN
-117.12,32.57,35.0,1450.0,256.0,930.0,286.0,2.6715,137341.0,NEAR OCEAN
-122.42,37.8,52.0,3067.0,870.0,2122.0,850.0,2.5603,261807.08,NEAR BAY
-119.25,35.78,27.0,1513.0,342.0,1346.0,323.0,2.7411,79803.0,INLAND
-122.66,39.02,16.0,3715.0,810.0,943.0,510.0,1.7446,95563.0,INLAND
-118.45,33.99,52.0,1010.0,244.0,573.0,242.0,4.1861,331425.02,<1H OCEAN
-117.61,34.08,12.0,4427.0,,2400.0,843.0,4.7147,164665.0,INLAND
-117.96,33.93,15.0,2014.0,419.0,839.0,390.0,4.7446,214889.0,<1H OCEAN
-115.73,32.8,44.0,472.0,81.0,206.0,57.0,2.2083,81856.0,INLAND
-118.12,34.1,34.0,2918.0,555.0,1435.0,568.0,4.2344,296447.06,<1H OCEAN
-117.96,33.65,18.0,3603.0,879.0,1549.0,756.0,4.0229,216993.0,<1H OCEAN
-118.57,34.2,33.0,1759.0,311.0,943.0,315.0,5.223,245049.0,<1H OCEAN
-119.02,35.41,41.0,2221.0,516.0,1106.0,473.0,1.97,67260.0,INLAND
-119.06,35.33,14.0,5264.0,1064.0,3278.0,1049.0,3.8117,93088.0,INLAND
-122.44,37.77,52.0,3505.0,745.0,1374.0,714.0,4.3667,464601.64,NEAR BAY
-117.15,32.91,14.0,1259.0,238.0,889.0,247.0,4.9464,182445.0,<1H OCEAN
-118.44,34.29,30.0,1632.0,401.0,1357.0,401.0,3.1588,173582.0,<1H OCEAN
-119.8,36.02,20.0,156.0,39.0,171.0,37.0,3.05,94038.0,INLAND
-119.77,36.78,36.0,3616.0,779.0,1994.0,786.0,2.5434,71575.0,INLAND
-118.28,33.97,38.0,1819.0,497.0,2110.0,499.0,1.6027,98814.0,<1H OCEAN
-118.4,34.05,26.0,4473.0,923.0,1518.0,805.0,5.0762,458915.52,<1H OCEAN
-122.07,37.57,8.0,8647.0,1407.0,5019.0,1379.0,6.5615,351096.14,NEAR BAY
-121.56,39.08,26.0,1377.0,289.0,761.0,267.0,1.4934,63916.0,INLAND
-121.98,37.54,17.0,5133.0,1375.0,3386.0,1339.0,3.1326,217143.0,<1H OCEAN
-122.29,38.3,52.0,144.0,54.0,89.0,48.0,1.0096,181855.01,NEAR BAY
-118.15,33.9,20.0,2850.0,737.0,1855.0,662.0,2.809,177377.0,<1H OCEAN
-122.04,37.34,28.0,3081.0,460.0,1260.0,461.0,7.5372,437213.35,<1H OCEAN
-118.49,34.27,34.0,4877.0,815.0,2521.0,781.0,5.5714,270299.0,<1H OCEAN
-117.12,32.74,46.0,1898.0,441.0,978.0,439.0,3.2708,161946.0,NEAR OCEAN
-118.95,35.38,35.0,2220.0,388.0,906.0,373.0,3.5938,90209.0,INLAND
-122.08,37.4,23.0,806.0,158.0,373.0,156.0,5.9291,333853.06,NEAR BAY
-118.26,33.88,40.0,519.0,102.0,330.0,95.0,3.0972,133886.0,<1H OCEAN
-119.76,36.79,32.0,2463.0,468.0,1261.0,486.0,3.3281,87958.0,INLAND
-118.25,33.98,39.0,1553.0,461.0,2271.0,437.0,1.7378,101878.0,<1H OCEAN
-118.98,35.38,24.0,1807.0,465.0,1460.0,410.0,1.4786,51404.0,INLAND
-118.92,35.13,29.0,1297.0,262.0,909.0,253.0,1.9236,57671.0,INLAND
-118.21,33.8,44.0,1387.0,280.0,984.0,302.0,4.25,188159.0,NEAR OCEAN
-118.27,34.15,7.0,2837.0,776.0,2287.0,736.0,3.008,228757.0,<1H OCEAN
-119.96,35.99,25.0,1047.0,270.0,1505.0,286.0,2.0976,52149.0,INLAND
-118.0,34.15,48.0,3436.0,673.0,1540.0,648.0,4.275,248744.0,INLAND
-122.46,37.71,45.0,1799.0,394.0,1436.0,389.0,3.65,234716.0,NEAR OCEAN
-121.32,38.67,31.0,2532.0,479.0,1396.0,467.0,4.0417,123267.0,INLAND
-118.07,33.96,30.0,928.0,230.0,913.0,214.0,2.6991,161660.0,<1H OCEAN
-117.0,32.77,35.0,2114.0,317.0,881.0,320.0,5.5,198790.0,<1H OCEAN
-121.99,37.54,18.0,3584.0,715.0,1673.0,661.0,3.9444,234300.0,<1H OCEAN
-121.19,38.04,35.0,703.0,117.0,290.0,107.0,3.225,157231.0,INLAND
-118.56,34.21,13.0,8327.0,1849.0,4126.0,1773.0,3.7313,241247.0,<1H OCEAN
-116.92,32.82,16.0,2784.0,468.0,1458.0,465.0,4.0048,168305.0,<1H OCEAN
-122.2,37.78,50.0,1867.0,403.0,1128.0,378.0,2.5401,127325.0,NEAR BAY
-122.41,37.71,28.0,5015.0,1240.0,3900.0,1029.0,1.2269,216361.05,NEAR BAY
-122.07,37.64,22.0,5861.0,1516.0,5436.0,1463.0,2.5158,184430.0,NEAR BAY
-118.23,33.95,37.0,2667.0,671.0,2865.0,683.0,0.6831,112489.01,<1H OCEAN
-118.01,33.76,35.0,2072.0,349.0,1249.0,317.0,3.9855,202353.0,<1H OCEAN
-118.37,33.99,36.0,3228.0,543.0,1305.0,520.0,5.1695,328873.08,<1H OCEAN
-118.27,33.95,34.0,1261.0,315.0,1027.0,303.0,2.2946,101717.0,<1H OCEAN
-121.33,38.65,24.0,3533.0,741.0,1496.0,723.0,2.8106,136239.0,INLAND
-122.18,37.76,52.0,754.0,175.0,447.0,165.0,3.9063,159295.0,NEAR BAY
-121.97,37.28,27.0,2427.0,403.0,1301.0,438.0,5.0385,277137.0,<1H OCEAN
-117.5,34.0,15.0,1929.0,317.0,1237.0,316.0,4.4063,136315.0,INLAND
-124.1,40.9,18.0,4032.0,798.0,1948.0,775.0,2.7321,97010.0,NEAR OCEAN
-116.43,33.81,8.0,6710.0,1343.0,2069.0,781.0,3.5223,174137.08,INLAND
-120.76,38.47,17.0,1521.0,309.0,607.0,240.0,3.5,146045.0,INLAND
-118.41,34.17,35.0,2027.0,428.0,879.0,402.0,4.692,313362.02,<1H OCEAN
-122.83,38.4,37.0,2217.0,451.0,1019.0,428.0,3.1217,186021.0,<1H OCEAN
-118.46,34.4,12.0,25957.0,4798.0,10475.0,4490.0,4.542,211189.0,<1H OCEAN
-122.19,37.71,36.0,361.0,69.0,158.0,58.0,5.5461,304374.02,NEAR BAY
-119.91,37.23,17.0,2171.0,389.0,1042.0,375.0,3.625,116020.0,INLAND
-121.92,37.3,36.0,2088.0,358.0,772.0,347.0,4.2762,283023.01,<1H OCEAN
-117.26,32.95,22.0,5484.0,1227.0,1947.0,1012.0,4.4375,313567.02,NEAR OCEAN
-119.01,35.37,33.0,821.0,181.0,579.0,172.0,1.2469,57578.0,INLAND
-117.67,33.49,15.0,2782.0,579.0,983.0,525.0,2.1935,214997.19,<1H OCEAN
-117.81,35.65,19.0,1124.0,290.0,598.0,261.0,1.8984,71704.93,INLAND
-118.42,33.98,3.0,475.0,155.0,236.0,153.0,3.6667,305285.08,<1H OCEAN
-122.4,37.76,52.0,1495.0,311.0,506.0,275.0,4.4375,298626.01,NEAR BAY
-119.84,36.81,18.0,2789.0,378.0,937.0,364.0,7.7062,229422.0,INLAND
-121.43,37.75,42.0,1207.0,278.0,699.0,279.0,3.3611,124287.0,INLAND
-118.22,34.09,36.0,1427.0,415.0,1835.0,410.0,2.48,152900.0,<1H OCEAN
-117.04,32.55,15.0,2206.0,648.0,2511.0,648.0,1.6348,118817.0,NEAR OCEAN
-117.14,33.15,16.0,1129.0,198.0,758.0,178.0,5.0346,183536.0,<1H OCEAN
-117.94,34.04,36.0,1431.0,354.0,1367.0,334.0,3.5592,159360.0,<1H OCEAN
-117.93,34.57,5.0,5613.0,1060.0,3569.0,999.0,3.1946,139391.0,INLAND
-118.37,34.16,25.0,2450.0,618.0,1054.0,578.0,3.6375,295240.01,<1H OCEAN
-117.1,34.21,22.0,4397.0,931.0,1145.0,445.0,4.5268,136047.0,INLAND
-122.42,40.44,16.0,994.0,,495.0,181.0,2.1875,79661.0,INLAND
-121.47,38.54,47.0,2085.0,464.0,1346.0,402.0,1.2679,67497.0,INLAND
-118.14,34.08,30.0,1433.0,397.0,1110.0,346.0,2.3464,197679.0,<1H OCEAN
-118.39,34.23,18.0,3405.0,831.0,3001.0,795.0,3.0083,190547.0,<1H OCEAN
-121.41,38.69,28.0,1601.0,308.0,848.0,305.0,3.6429,108085.0,INLAND
-123.8,39.44,33.0,2024.0,459.0,1019.0,422.0,1.9208,96976.0,<1H OCEAN
-117.71,33.54,7.0,4907.0,577.0,1883.0,556.0,10.4415,465261.59,<1H OCEAN
-121.5,38.56,46.0,2646.0,645.0,1684.0,616.0,1.128,97248.0,INLAND
-117.24,32.75,36.0,2831.0,669.0,1279.0,660.0,2.9896,252972.0,NEAR OCEAN
-118.26,33.82,28.0,5091.0,1074.0,4753.0,1033.0,3.6477,205564.01,<1H OCEAN
-117.95,33.71,16.0,6058.0,1715.0,3285.0,1495.0,3.4133,186377.0,<1H OCEAN
-117.24,32.75,41.0,1989.0,514.0,1015.0,489.0,2.79,261332.0,NEAR OCEAN
-121.35,38.04,12.0,6217.0,1019.0,3771.0,961.0,3.7206,134729.0,INLAND
-117.57,33.88,39.0,679.0,164.0,769.0,179.0,2.3036,118138.0,INLAND
-117.24,32.94,12.0,2165.0,437.0,792.0,386.0,5.2648,281377.04,NEAR OCEAN
-121.63,39.12,34.0,1991.0,348.0,804.0,344.0,3.4492,118470.0,INLAND
-117.9,33.8,27.0,2176.0,442.0,1440.0,418.0,4.375,191644.0,<1H OCEAN
-122.01,38.26,12.0,4132.0,710.0,2087.0,633.0,4.5987,162433.0,INLAND
-118.44,34.17,29.0,2685.0,642.0,1085.0,599.0,3.2763,276821.01,<1H OCEAN
-117.92,33.9,13.0,1814.0,320.0,1010.0,313.0,6.3489,279334.01,<1H OCEAN
-122.64,38.01,36.0,1336.0,258.0,678.0,249.0,5.5789,340450.04,NEAR OCEAN
-119.97,36.44,18.0,1128.0,237.0,772.0,220.0,2.1771,65128.99,INLAND
-117.95,33.79,34.0,2912.0,520.0,1625.0,501.0,4.4667,204069.0,<1H OCEAN
-118.05,33.84,21.0,4890.0,653.0,2295.0,654.0,6.983,342453.01,<1H OCEAN
-121.26,37.95,44.0,819.0,184.0,677.0,183.0,1.725,67540.0,INLAND
-118.96,37.64,11.0,3934.0,697.0,901.0,345.0,4.2381,129691.0,INLAND
-121.64,39.11,18.0,3212.0,542.0,1817.0,508.0,3.3793,109059.0,INLAND
-117.12,32.76,28.0,2160.0,608.0,1339.0,571.0,1.9152,125246.0,NEAR OCEAN
-116.92,32.86,11.0,2204.0,518.0,1472.0,497.0,2.3693,127359.0,<1H OCEAN
-118.83,34.33,6.0,6679.0,1164.0,3196.0,1157.0,5.4493,273406.04,<1H OCEAN
-122.39,37.78,3.0,3464.0,1179.0,1441.0,919.0,4.7105,261028.1,NEAR BAY
-117.25,32.73,38.0,1840.0,291.0,633.0,283.0,4.9125,387149.12,NEAR OCEAN
-120.84,35.3,15.0,2062.0,327.0,781.0,316.0,4.9359,271086.01,NEAR OCEAN
-117.98,33.7,17.0,1997.0,340.0,952.0,341.0,4.4148,217363.0,<1H OCEAN
-122.24,37.77,52.0,1153.0,235.0,481.0,223.0,2.6411,158177.0,NEAR BAY
-121.36,38.66,22.0,2878.0,599.0,1362.0,541.0,2.7955,123111.0,INLAND
-122.5,37.92,32.0,2639.0,415.0,1013.0,408.0,6.1632,387685.09,NEAR BAY
-120.84,37.48,10.0,2874.0,612.0,1960.0,596.0,2.7381,111844.0,INLAND
-118.31,33.88,21.0,1490.0,430.0,686.0,400.0,2.3812,215079.0,<1H OCEAN
-118.09,34.68,4.0,23386.0,4171.0,10493.0,3671.0,4.0211,142708.0,INLAND
-119.23,35.77,26.0,2636.0,468.0,1416.0,485.0,4.1917,93205.0,INLAND
-118.32,34.19,37.0,1519.0,331.0,613.0,315.0,3.0179,236988.01,<1H OCEAN
-118.52,34.22,35.0,1275.0,222.0,959.0,226.0,5.0282,212505.0,<1H OCEAN
-118.3,34.1,25.0,3926.0,1715.0,4865.0,1612.0,1.6112,189465.01,<1H OCEAN
-121.25,36.32,12.0,4776.0,1082.0,4601.0,1066.0,2.9184,144527.0,<1H OCEAN
-118.15,33.94,36.0,1948.0,341.0,992.0,363.0,4.2594,234591.0,<1H OCEAN
-117.43,34.01,34.0,2101.0,426.0,1150.0,377.0,3.0909,111284.0,INLAND
-122.56,37.9,48.0,1550.0,253.0,641.0,276.0,8.634,463765.48,NEAR BAY
-120.84,37.51,20.0,1901.0,313.0,1258.0,320.0,3.8958,145120.0,INLAND
-118.28,34.06,52.0,936.0,454.0,990.0,354.0,1.1122,231724.02,<1H OCEAN
-119.17,34.15,18.0,2509.0,688.0,3129.0,677.0,2.6098,290290.02,NEAR OCEAN
-122.04,37.35,28.0,1582.0,264.0,696.0,270.0,5.678,318489.03,<1H OCEAN
-122.28,37.87,52.0,1813.0,353.0,828.0,339.0,3.5625,216552.0,NEAR BAY
-118.06,33.91,24.0,4880.0,1044.0,4516.0,1050.0,4.1387,193446.0,<1H OCEAN
-118.47,34.15,43.0,804.0,117.0,267.0,110.0,8.2269,478727.76,<1H OCEAN
-118.48,34.04,47.0,1956.0,277.0,724.0,277.0,8.9616,494836.93,<1H OCEAN
-117.08,32.76,27.0,1221.0,254.0,606.0,259.0,3.0833,194529.0,NEAR OCEAN
-118.71,34.3,20.0,1586.0,187.0,699.0,209.0,6.5483,297875.06,<1H OCEAN
-118.2,34.04,18.0,796.0,227.0,547.0,218.0,1.0333,172162.01,<1H OCEAN
-122.04,37.88,32.0,3250.0,550.0,1230.0,557.0,4.6424,290519.02,NEAR BAY
-117.76,33.83,15.0,3086.0,457.0,1262.0,436.0,6.4415,296337.0,<1H OCEAN
-117.11,33.74,18.0,4799.0,1035.0,1966.0,944.0,2.1182,108161.0,INLAND
-122.22,37.84,50.0,2935.0,473.0,1031.0,479.0,7.5,354377.04,NEAR BAY
-115.37,32.82,30.0,1602.0,322.0,1130.0,335.0,3.5735,87009.0,INLAND
-118.11,34.16,52.0,3158.0,459.0,1229.0,444.0,5.4223,343236.01,INLAND
-116.76,34.23,10.0,4374.0,989.0,1020.0,376.0,2.6071,97438.0,INLAND
-122.12,37.42,36.0,2607.0,551.0,1165.0,523.0,5.1524,345362.13,NEAR BAY
-117.23,32.78,35.0,1649.0,355.0,746.0,360.0,4.6293,260717.01,NEAR OCEAN
-118.44,34.19,19.0,3487.0,959.0,2278.0,835.0,2.6709,209955.0,<1H OCEAN
-120.9,37.64,26.0,1762.0,418.0,855.0,308.0,1.6767,88238.0,INLAND
-117.27,34.05,34.0,1703.0,395.0,849.0,359.0,3.1607,110452.0,INLAND
-120.85,37.06,31.0,2609.0,645.0,1796.0,629.0,1.5479,77044.0,INLAND
-116.99,32.7,15.0,3660.0,622.0,2629.0,612.0,4.0444,159554.0,NEAR OCEAN
-121.6,39.15,19.0,1396.0,336.0,940.0,309.0,1.5208,92055.0,INLAND
-117.32,34.55,18.0,279.0,59.0,188.0,60.0,0.8246,93074.98,INLAND
-121.47,38.49,17.0,3595.0,790.0,2760.0,770.0,2.3233,100431.0,INLAND
-118.45,34.23,15.0,5738.0,1767.0,4620.0,1581.0,2.3584,179802.0,<1H OCEAN
-118.08,34.12,27.0,1685.0,341.0,757.0,317.0,4.2434,258480.0,<1H OCEAN
-117.96,33.94,31.0,2397.0,518.0,1407.0,476.0,2.6641,177707.0,<1H OCEAN
-118.14,34.06,27.0,5257.0,1082.0,3496.0,1036.0,3.3906,246233.0,<1H OCEAN
-118.88,34.17,15.0,4260.0,,1701.0,669.0,5.1033,269119.03,<1H OCEAN
-117.23,33.77,5.0,2108.0,496.0,1666.0,461.0,2.0,105261.0,INLAND
-117.88,33.85,26.0,3924.0,781.0,2332.0,725.0,3.7772,207479.0,<1H OCEAN
-121.3,38.03,13.0,1014.0,200.0,712.0,197.0,3.1471,119386.0,INLAND
-117.9,33.99,18.0,8076.0,1789.0,5325.0,1707.0,3.443,187202.0,<1H OCEAN
-117.24,32.74,44.0,1488.0,259.0,667.0,281.0,4.0862,323656.02,NEAR OCEAN
-124.18,40.78,33.0,1076.0,222.0,656.0,236.0,2.5096,75982.0,NEAR OCEAN
-118.1,33.91,35.0,1592.0,335.0,1238.0,320.0,4.9732,189421.0,<1H OCEAN
-122.06,37.77,12.0,14316.0,2045.0,5781.0,2007.0,7.2634,356636.08,NEAR BAY
-121.68,39.15,14.0,2774.0,451.0,1292.0,428.0,4.3833,136331.0,INLAND
-117.14,32.7,32.0,1280.0,353.0,1335.0,330.0,1.6023,86759.0,NEAR OCEAN
-117.02,32.76,15.0,1204.0,326.0,543.0,326.0,1.0278,146947.0,<1H OCEAN
-117.86,33.62,17.0,2975.0,371.0,1247.0,398.0,10.1989,466877.54,<1H OCEAN
-117.13,32.79,35.0,1362.0,243.0,698.0,255.0,3.6458,164206.0,NEAR OCEAN
-118.2,34.04,52.0,1249.0,307.0,1223.0,297.0,2.07,142488.0,<1H OCEAN
-120.57,38.2,13.0,4110.0,847.0,1796.0,706.0,2.6417,126615.0,INLAND
-118.17,33.96,25.0,2249.0,681.0,2621.0,628.0,2.3,159854.0,<1H OCEAN
-117.74,33.46,9.0,6564.0,1316.0,1720.0,904.0,4.89,274793.04,<1H OCEAN
-117.18,34.54,5.0,3772.0,619.0,2097.0,635.0,3.8194,131086.0,INLAND
-118.42,34.18,40.0,1013.0,150.0,449.0,166.0,5.7143,363757.08,<1H OCEAN
-119.69,34.38,39.0,1383.0,459.0,677.0,362.0,2.25,272570.03,NEAR OCEAN
-117.27,33.03,19.0,2899.0,499.0,1356.0,512.0,4.87,286259.02,NEAR OCEAN
-118.41,34.25,36.0,1146.0,259.0,1173.0,272.0,3.6016,158654.0,<1H OCEAN
-118.66,34.02,23.0,8798.0,1465.0,2750.0,1208.0,8.7364,479194.72,NEAR OCEAN
-122.15,37.74,43.0,1383.0,275.0,853.0,272.0,3.5083,143573.0,NEAR BAY
-120.85,37.49,39.0,2840.0,733.0,2606.0,737.0,1.9429,75250.0,INLAND
-118.29,34.17,12.0,2238.0,682.0,1882.0,611.0,2.9,227367.0,<1H OCEAN
-122.7,38.43,28.0,1585.0,412.0,1362.0,424.0,1.6685,151859.0,<1H OCEAN
-117.76,33.86,14.0,3666.0,442.0,1400.0,433.0,10.1316,438480.22,<1H OCEAN
-122.58,38.15,9.0,1302.0,177.0,682.0,190.0,7.5,359692.13,<1H OCEAN
-118.32,34.04,39.0,2965.0,812.0,2638.0,794.0,2.532,196354.0,<1H OCEAN
-120.46,36.87,20.0,1287.0,310.0,954.0,269.0,1.3386,60238.0,INLAND
-117.92,33.7,15.0,3201.0,,1510.0,622.0,4.2708,199845.0,<1H OCEAN
-121.59,39.39,22.0,2515.0,482.0,1284.0,462.0,2.1776,68221.0,INLAND
-117.94,34.02,27.0,5026.0,955.0,3899.0,930.0,3.871,178585.0,<1H OCEAN
-120.45,34.94,26.0,1058.0,232.0,891.0,243.0,3.6422,180344.0,<1H OCEAN
-117.12,32.76,23.0,2681.0,717.0,1279.0,648.0,2.1597,129812.0,NEAR OCEAN
-117.34,34.0,27.0,321.0,64.0,214.0,67.0,3.175,120178.0,INLAND
-118.05,34.1,30.0,2143.0,427.0,1107.0,416.0,4.2321,244101.0,INLAND
-118.19,33.82,19.0,2953.0,895.0,1914.0,855.0,3.5521,227543.02,NEAR OCEAN
-117.38,34.06,17.0,3139.0,569.0,1612.0,516.0,3.3571,116057.0,INLAND
-121.27,37.97,39.0,1023.0,243.0,550.0,224.0,1.1141,72387.0,INLAND
-122.18,39.75,30.0,4157.0,834.0,1885.0,774.0,1.6948,64623.0,INLAND
-118.49,34.03,32.0,3851.0,900.0,1456.0,836.0,4.5208,453760.31,<1H OCEAN
-117.68,33.54,5.0,2840.0,403.0,1363.0,403.0,7.618,326199.0,<1H OCEAN
-122.92,39.05,38.0,3131.0,624.0,1591.0,568.0,2.5457,119484.0,INLAND
-120.0,38.92,26.0,529.0,116.0,191.0,83.0,3.5,135104.0,INLAND
-121.2,37.79,36.0,866.0,160.0,502.0,149.0,2.4798,103337.0,INLAND
-117.3,34.11,42.0,525.0,111.0,444.0,120.0,2.6771,80835.0,INLAND
-118.38,33.86,24.0,3124.0,560.0,1312.0,542.0,6.3021,331710.04,<1H OCEAN
-117.01,33.75,15.0,2873.0,903.0,1094.0,659.0,1.8015,103403.0,INLAND
-118.04,33.99,47.0,2530.0,565.0,1262.0,509.0,3.6475,206526.0,<1H OCEAN
-121.25,38.69,24.0,1014.0,185.0,606.0,194.0,4.1607,150918.0,INLAND
-122.09,37.65,35.0,1130.0,192.0,543.0,184.0,4.3897,194881.0,NEAR BAY
-121.26,37.96,43.0,940.0,208.0,690.0,181.0,2.3056,83991.0,INLAND
-117.35,33.97,27.0,3960.0,886.0,2807.0,838.0,3.024,108041.0,INLAND
-118.2,33.91,36.0,2283.0,499.0,1836.0,462.0,2.8793,130828.0,<1H OCEAN
-118.46,34.02,46.0,2571.0,502.0,1225.0,501.0,6.0436,423328.24,<1H OCEAN
-118.32,33.94,37.0,1487.0,296.0,863.0,291.0,3.1563,148144.0,<1H OCEAN
-118.25,33.8,36.0,1697.0,394.0,1274.0,396.0,3.35,171016.0,<1H OCEAN
-119.75,36.75,49.0,2331.0,460.0,1290.0,477.0,2.5111,70290.0,INLAND
-122.24,38.14,15.0,8479.0,1759.0,5008.0,1646.0,3.724,162842.0,NEAR BAY
-119.05,36.07,21.0,2472.0,523.0,1238.0,504.0,1.7756,66563.0,INLAND
-120.82,37.49,25.0,1611.0,285.0,882.0,261.0,3.5547,140997.0,INLAND
-121.96,37.06,16.0,1321.0,224.0,650.0,206.0,6.3258,323051.04,NEAR OCEAN
-122.13,37.45,37.0,1287.0,197.0,510.0,206.0,7.9029,467035.71,NEAR BAY
-118.05,33.82,25.0,1548.0,279.0,732.0,265.0,5.123,229941.0,<1H OCEAN
-122.03,38.25,13.0,3334.0,541.0,1923.0,538.0,4.0905,148677.0,INLAND
-121.94,37.33,36.0,1893.0,359.0,797.0,360.0,3.6818,265931.01,<1H OCEAN
-118.0,33.73,26.0,2236.0,280.0,809.0,282.0,6.7395,320431.01,<1H OCEAN
-118.32,33.89,44.0,1300.0,252.0,695.0,249.0,5.1669,245513.01,<1H OCEAN
-122.05,37.95,22.0,5175.0,1213.0,2804.0,1091.0,2.85,186947.0,NEAR BAY
-118.23,34.16,31.0,3105.0,582.0,1359.0,547.0,5.1718,299287.1,<1H OCEAN
-121.46,38.61,43.0,705.0,178.0,464.0,159.0,2.4205,116953.0,INLAND
-117.14,32.71,52.0,800.0,313.0,1337.0,282.0,1.5594,89833.0,NEAR OCEAN
-122.46,37.71,47.0,1527.0,283.0,1102.0,282.0,4.0,240599.0,NEAR OCEAN
-121.49,38.53,40.0,2966.0,536.0,1225.0,505.0,3.125,109208.0,INLAND
-118.49,34.22,30.0,1756.0,314.0,899.0,288.0,5.0325,230410.0,<1H OCEAN
-122.03,37.69,20.0,200.0,25.0,83.0,31.0,6.5,306235.01,NEAR BAY
-117.62,33.77,43.0,1911.0,439.0,930.0,433.0,4.6369,230500.04,<1H OCEAN
-118.07,34.12,30.0,2201.0,559.0,1194.0,531.0,4.1136,261625.0,INLAND
-118.1,33.96,36.0,2013.0,435.0,1476.0,475.0,3.9549,171156.0,<1H OCEAN
-118.36,34.03,43.0,1690.0,379.0,1017.0,359.0,2.1078,147467.0,<1H OCEAN
-117.27,34.17,16.0,30.0,3.0,49.0,8.0,4.625,193984.05,INLAND
-121.62,36.63,52.0,1437.0,298.0,836.0,257.0,3.6286,236421.0,<1H OCEAN
-118.53,34.26,18.0,3674.0,,1590.0,550.0,8.176,404108.09,<1H OCEAN
-118.52,34.04,47.0,1985.0,315.0,819.0,340.0,6.5147,457194.58,<1H OCEAN
-122.4,37.73,42.0,1413.0,406.0,1027.0,362.0,2.3625,220026.02,NEAR BAY
-117.84,33.66,5.0,1688.0,430.0,857.0,402.0,3.7857,253013.08,<1H OCEAN
-122.0,37.96,28.0,4071.0,713.0,2033.0,647.0,4.5833,177483.0,INLAND
-118.29,33.96,36.0,1717.0,417.0,902.0,368.0,1.4868,104885.0,<1H OCEAN
-121.53,39.53,35.0,1806.0,293.0,683.0,295.0,4.5156,147080.0,INLAND
-121.99,37.34,27.0,3353.0,653.0,1571.0,621.0,5.273,316194.0,<1H OCEAN
-122.23,40.2,17.0,762.0,138.0,322.0,139.0,4.2917,151441.0,INLAND
-117.25,32.73,37.0,2224.0,331.0,821.0,341.0,6.3331,416469.19,NEAR OCEAN
-118.38,33.81,41.0,1889.0,301.0,802.0,278.0,6.015,391141.28,NEAR OCEAN
-122.0,37.28,35.0,3133.0,541.0,1449.0,555.0,5.7295,330733.0,<1H OCEAN
-118.19,33.79,29.0,3497.0,1096.0,2994.0,919.0,1.8109,142748.0,NEAR OCEAN
-118.26,33.94,45.0,1080.0,218.0,850.0,237.0,2.25,109686.0,<1H OCEAN
-117.64,33.88,13.0,8010.0,1366.0,3920.0,1309.0,5.536,241885.0,<1H OCEAN
-122.41,37.61,43.0,1934.0,303.0,847.0,300.0,4.7381,321163.0,NEAR OCEAN
-117.87,33.87,7.0,2663.0,642.0,1367.0,677.0,4.6563,190081.0,<1H OCEAN
-116.47,33.84,3.0,9169.0,1512.0,3838.0,1270.0,4.3111,171717.02,INLAND
-118.47,34.19,41.0,1104.0,196.0,495.0,196.0,5.0929,286033.03,<1H OCEAN
-119.84,34.44,28.0,977.0,162.0,537.0,159.0,4.2404,294819.0,NEAR OCEAN
-120.44,34.65,30.0,2265.0,512.0,1402.0,471.0,1.975,139307.0,NEAR OCEAN
-118.1,33.9,37.0,796.0,175.0,740.0,183.0,3.6,166932.0,<1H OCEAN
-118.25,33.93,42.0,763.0,191.0,754.0,174.0,2.0486,97628.0,<1H OCEAN
-117.07,32.63,37.0,2372.0,444.0,1056.0,419.0,3.7583,149215.0,NEAR OCEAN
-122.33,38.33,15.0,3193.0,468.0,1303.0,426.0,5.3017,224743.0,NEAR BAY
-118.37,34.04,43.0,1465.0,278.0,727.0,290.0,4.0781,265358.06,<1H OCEAN
-121.88,37.39,13.0,3334.0,565.0,2240.0,561.0,7.105,338713.02,<1H OCEAN
-121.22,37.72,34.0,2123.0,387.0,1310.0,368.0,2.6368,88978.0,INLAND
-121.29,36.9,17.0,3610.0,593.0,1734.0,559.0,5.8324,235758.0,INLAND
-122.96,38.42,50.0,2530.0,524.0,940.0,361.0,2.9375,167414.01,<1H OCEAN
-121.84,37.32,14.0,5762.0,1538.0,3979.0,1389.0,3.6953,219061.0,<1H OCEAN
-119.56,36.09,14.0,1267.0,290.0,1077.0,279.0,1.85,56119.0,INLAND
-117.13,32.91,16.0,2715.0,581.0,1619.0,584.0,4.0,161552.0,<1H OCEAN
-118.99,35.4,43.0,2225.0,392.0,890.0,374.0,4.0208,100437.0,INLAND
-118.04,33.83,20.0,1488.0,312.0,972.0,283.0,4.055,205870.0,<1H OCEAN
-121.95,36.61,31.0,1736.0,250.0,497.0,170.0,6.3835,400186.15,NEAR OCEAN
-122.29,37.48,15.0,5480.0,892.0,2009.0,831.0,7.4678,437439.37,NEAR OCEAN
-122.3,37.52,38.0,2769.0,387.0,994.0,395.0,5.5902,374110.02,NEAR OCEAN
-122.34,37.93,30.0,2515.0,481.0,1327.0,428.0,2.1287,109967.0,NEAR BAY
-117.33,34.03,18.0,2342.0,402.0,1264.0,382.0,4.7986,146162.0,INLAND
-122.5,37.76,52.0,2018.0,422.0,1142.0,463.0,3.7083,299632.0,NEAR OCEAN
-121.03,37.69,5.0,4034.0,771.0,1967.0,742.0,3.8065,154827.0,INLAND
-118.28,33.74,16.0,855.0,271.0,486.0,250.0,0.7591,200554.0,NEAR OCEAN
-118.1,33.82,36.0,1930.0,354.0,915.0,328.0,5.2713,244023.0,<1H OCEAN
-121.37,38.01,15.0,2430.0,315.0,1016.0,314.0,10.0088,408956.32,INLAND
-118.2,34.2,44.0,2890.0,438.0,1219.0,429.0,6.987,435947.33,<1H OCEAN
-121.84,36.61,26.0,2902.0,761.0,2258.0,719.0,2.5663,166862.0,<1H OCEAN
-119.52,34.4,20.0,1834.0,477.0,1305.0,417.0,3.2125,267395.04,NEAR OCEAN
-117.98,34.0,22.0,3632.0,538.0,1968.0,566.0,6.019,264250.02,<1H OCEAN
-118.42,37.36,18.0,2281.0,520.0,1425.0,465.0,1.7388,104569.0,INLAND
-115.54,32.98,27.0,1513.0,395.0,1121.0,381.0,1.9464,64798.0,INLAND
-122.36,37.95,40.0,408.0,102.0,302.0,81.0,1.8333,93428.0,NEAR BAY
-117.29,32.92,25.0,2355.0,381.0,823.0,358.0,6.8322,374575.24,NEAR OCEAN
-116.25,33.75,33.0,278.0,91.0,375.0,81.0,2.025,69811.0,INLAND
-117.34,33.98,10.0,17286.0,4952.0,9851.0,4616.0,1.7579,103978.0,INLAND
-119.78,36.27,29.0,1871.0,315.0,1066.0,309.0,4.5714,128487.0,INLAND
-120.1,39.33,9.0,2738.0,510.0,1193.0,412.0,4.3958,157550.0,INLAND
-122.04,37.96,16.0,2913.0,723.0,1705.0,693.0,2.9097,160382.0,NEAR BAY
-117.91,33.65,19.0,1589.0,421.0,1118.0,394.0,4.1029,228773.01,<1H OCEAN
-118.99,34.23,9.0,10618.0,1617.0,4830.0,1606.0,6.6246,344207.11,<1H OCEAN
-119.27,34.29,32.0,2274.0,406.0,982.0,393.0,5.3254,311107.01,NEAR OCEAN
-118.32,34.03,50.0,1845.0,349.0,1109.0,335.0,2.8971,148899.0,<1H OCEAN
-117.2,33.2,16.0,4409.0,629.0,1875.0,609.0,5.543,293743.04,<1H OCEAN
-117.81,33.71,16.0,2666.0,387.0,1227.0,347.0,7.3769,318712.0,<1H OCEAN
-118.31,33.98,52.0,1837.0,426.0,1062.0,343.0,2.0,113195.0,<1H OCEAN
-122.3,37.88,46.0,1647.0,376.0,854.0,355.0,2.9,206808.0,NEAR BAY
-118.65,34.18,26.0,4607.0,656.0,1769.0,643.0,7.4918,369879.02,<1H OCEAN
-118.39,34.01,25.0,1101.0,285.0,543.0,294.0,2.3571,217637.02,<1H OCEAN
-117.94,33.65,20.0,5476.0,1073.0,2327.0,963.0,5.6637,317433.06,<1H OCEAN
-122.28,37.5,33.0,6499.0,998.0,2694.0,957.0,7.4787,447869.14,NEAR OCEAN
-121.96,37.81,12.0,6488.0,778.0,2404.0,765.0,8.3188,406894.05,<1H OCEAN
-122.43,37.8,52.0,2802.0,622.0,954.0,572.0,4.5399,490843.85,NEAR BAY
-119.77,36.79,34.0,2679.0,460.0,1141.0,470.0,3.2642,86792.0,INLAND
-122.41,40.58,35.0,2072.0,385.0,1029.0,375.0,2.8512,92228.0,INLAND
-118.14,34.03,44.0,2003.0,390.0,1291.0,392.0,4.0625,205648.0,<1H OCEAN
-119.45,36.35,22.0,1824.0,333.0,1076.0,282.0,2.3365,75308.0,INLAND
-118.46,34.0,36.0,1392.0,260.0,679.0,247.0,4.7344,394139.23,<1H OCEAN
-122.24,40.45,27.0,1804.0,321.0,782.0,300.0,3.5978,87222.0,INLAND
-117.25,32.78,21.0,1479.0,484.0,658.0,384.0,2.45,212815.0,NEAR OCEAN
-121.29,38.14,34.0,1500.0,337.0,674.0,282.0,2.515,109502.0,INLAND
-118.84,34.16,18.0,6075.0,1056.0,2571.0,1018.0,5.22,347752.24,<1H OCEAN
-120.47,37.29,16.0,749.0,222.0,1277.0,224.0,1.2054,72985.0,INLAND
-122.8,38.37,26.0,1634.0,315.0,909.0,317.0,4.1731,241131.0,<1H OCEAN
-117.08,32.62,28.0,2468.0,506.0,1353.0,522.0,3.0771,141365.0,NEAR OCEAN
-119.71,34.41,18.0,1225.0,317.0,694.0,306.0,3.6823,262002.04,NEAR OCEAN
-117.96,34.04,35.0,1141.0,212.0,924.0,212.0,3.1591,159143.0,<1H OCEAN
-122.06,37.99,16.0,2445.0,469.0,721.0,474.0,2.8043,168581.0,NEAR BAY
-121.25,38.14,16.0,1174.0,242.0,464.0,261.0,2.3,117349.0,INLAND
-121.26,37.88,42.0,465.0,93.0,256.0,93.0,3.1719,160594.0,INLAND
-122.28,40.5,21.0,2405.0,476.0,1197.0,412.0,2.6488,95709.0,INLAND
-117.98,33.84,31.0,1252.0,225.0,714.0,226.0,4.6042,194710.0,<1H OCEAN
-122.09,37.37,34.0,2165.0,355.0,776.0,339.0,5.2971,337889.09,NEAR BAY
-118.08,33.93,34.0,1558.0,375.0,1179.0,337.0,3.2188,161865.0,<1H OCEAN
-121.84,37.25,25.0,5939.0,989.0,3275.0,954.0,5.6488,275734.0,<1H OCEAN
-115.56,32.78,29.0,1568.0,283.0,848.0,245.0,3.1597,76096.0,INLAND
-117.37,33.7,8.0,4345.0,865.0,2425.0,785.0,3.2481,142259.0,<1H OCEAN
-119.78,34.48,21.0,2377.0,322.0,1007.0,328.0,7.9248,433629.25,NEAR OCEAN
-118.58,34.2,37.0,1389.0,252.0,826.0,249.0,5.015,264709.07,<1H OCEAN
-119.22,34.26,16.0,2596.0,625.0,1403.0,562.0,3.4018,205320.0,NEAR OCEAN
-122.09,37.39,34.0,1508.0,483.0,774.0,443.0,2.7279,206692.0,NEAR BAY
-118.37,34.05,48.0,1266.0,234.0,539.0,222.0,4.005,373669.09,<1H OCEAN
-119.24,36.33,9.0,3289.0,621.0,1866.0,631.0,3.1599,87771.0,INLAND
-117.68,34.15,4.0,4082.0,578.0,1996.0,580.0,6.7813,267137.0,INLAND
-117.78,34.11,23.0,7079.0,1381.0,3205.0,1327.0,3.0735,170366.0,INLAND
-119.65,36.34,46.0,1730.0,337.0,752.0,323.0,1.8529,59897.0,INLAND
-118.15,34.07,40.0,1072.0,204.0,940.0,200.0,3.125,184648.0,<1H OCEAN
-121.75,36.91,52.0,1211.0,447.0,1102.0,392.0,1.6875,157981.0,<1H OCEAN
-121.65,36.77,15.0,2191.0,358.0,1150.0,330.0,4.7969,239369.0,<1H OCEAN
-117.75,33.61,17.0,2499.0,566.0,781.0,522.0,3.1779,178408.03,<1H OCEAN
-117.41,33.94,22.0,4179.0,1081.0,2096.0,1013.0,2.4435,112349.0,INLAND
-117.88,33.85,25.0,1234.0,351.0,507.0,285.0,2.3173,189416.0,<1H OCEAN
-117.09,32.91,9.0,2012.0,316.0,802.0,289.0,6.5706,277368.01,<1H OCEAN
-119.18,35.5,36.0,1253.0,259.0,932.0,249.0,2.1635,60862.0,INLAND
-118.08,34.1,36.0,2679.0,548.0,1605.0,533.0,3.5313,220890.0,<1H OCEAN
-118.15,34.2,37.0,1997.0,361.0,1037.0,363.0,3.7932,247535.0,INLAND
-122.49,37.78,46.0,3304.0,792.0,1783.0,777.0,3.6148,340931.01,NEAR BAY
-119.79,36.32,19.0,3252.0,614.0,1971.0,607.0,3.0667,84906.0,INLAND
-117.66,34.09,23.0,1426.0,313.0,954.0,319.0,3.0357,128126.0,INLAND
-122.29,37.81,50.0,760.0,190.0,377.0,122.0,0.9011,97588.0,NEAR BAY
-118.27,33.79,26.0,2109.0,651.0,2120.0,605.0,2.1447,157412.0,<1H OCEAN
-118.37,34.03,43.0,1350.0,287.0,811.0,307.0,3.3636,231751.01,<1H OCEAN
-117.96,33.83,29.0,1194.0,176.0,474.0,170.0,6.1001,274053.08,<1H OCEAN
-119.2,34.27,8.0,4942.0,1173.0,3012.0,1033.0,3.445,206449.0,NEAR OCEAN
-118.27,33.98,39.0,2062.0,588.0,1933.0,570.0,1.3801,98627.0,<1H OCEAN
-119.17,34.26,10.0,3654.0,541.0,1638.0,551.0,6.1885,340167.1,NEAR OCEAN
-118.5,34.52,3.0,6577.0,1056.0,3032.0,1004.0,5.9263,230103.0,INLAND
-122.27,40.46,14.0,2633.0,530.0,1324.0,513.0,2.2768,84783.0,INLAND
-117.89,33.71,24.0,4365.0,804.0,2663.0,753.0,4.5814,205650.0,<1H OCEAN
-121.82,37.37,42.0,2913.0,577.0,1873.0,580.0,3.7214,185716.0,<1H OCEAN
-117.71,33.54,15.0,2460.0,368.0,962.0,320.0,7.3878,324857.0,<1H OCEAN
-122.48,38.54,37.0,1898.0,359.0,973.0,340.0,4.2096,240216.0,INLAND
-117.94,34.09,21.0,2707.0,675.0,1742.0,626.0,2.1062,170551.0,<1H OCEAN
-117.15,32.74,26.0,3149.0,832.0,1320.0,808.0,3.0259,206740.0,NEAR OCEAN
-118.25,34.02,32.0,1375.0,448.0,1698.0,432.0,1.6302,117511.0,<1H OCEAN
-117.38,34.11,36.0,1497.0,264.0,894.0,275.0,3.3066,104172.0,INLAND
-117.38,34.13,23.0,1326.0,300.0,722.0,263.0,2.1856,96073.0,INLAND
-121.8,38.68,11.0,3851.0,892.0,1847.0,747.0,3.4331,133364.0,INLAND
-122.06,37.34,20.0,3435.0,593.0,1293.0,553.0,6.7578,359656.07,<1H OCEAN
-117.43,33.93,36.0,2386.0,396.0,1176.0,374.0,4.5122,139341.0,INLAND
-117.06,33.13,12.0,8742.0,2114.0,4854.0,1957.0,2.8015,145819.0,<1H OCEAN
-118.52,34.32,18.0,7498.0,976.0,3189.0,955.0,8.1248,395746.06,<1H OCEAN
-117.91,33.94,15.0,5799.0,842.0,2314.0,787.0,6.3433,293483.0,<1H OCEAN
-118.32,34.14,23.0,4574.0,1423.0,1624.0,995.0,4.0965,409916.27,<1H OCEAN
-118.49,34.13,24.0,4394.0,,1443.0,528.0,11.2979,500001.0,<1H OCEAN
-121.94,37.25,16.0,3942.0,749.0,1894.0,737.0,5.2894,274684.0,<1H OCEAN
-121.44,38.63,38.0,1673.0,399.0,1116.0,382.0,1.3302,64468.0,INLAND
-118.74,34.26,22.0,4337.0,673.0,2347.0,636.0,5.4091,245067.0,<1H OCEAN
-119.38,36.53,38.0,1281.0,,1423.0,293.0,1.9602,57357.0,INLAND
-117.95,33.93,37.0,2633.0,630.0,1904.0,630.0,2.6123,165048.0,<1H OCEAN
-119.69,36.82,17.0,1897.0,433.0,1207.0,384.0,1.8021,64623.0,INLAND
-121.1,39.08,13.0,1110.0,216.0,602.0,209.0,2.5887,129806.0,INLAND
-118.04,34.15,34.0,1523.0,311.0,676.0,295.0,3.3621,229448.0,INLAND
-118.26,33.77,36.0,886.0,253.0,809.0,219.0,2.4545,154672.0,NEAR OCEAN
-117.14,32.71,52.0,500.0,,480.0,108.0,1.8696,116285.0,NEAR OCEAN
-119.25,34.27,46.0,679.0,159.0,382.0,143.0,3.5,229835.0,NEAR OCEAN
-118.39,34.04,52.0,1492.0,277.0,666.0,289.0,4.7386,374220.05,<1H OCEAN
-118.11,34.0,24.0,2403.0,590.0,2103.0,547.0,2.7292,176244.0,<1H OCEAN
-121.38,38.64,19.0,4563.0,1069.0,2256.0,926.0,2.1472,108444.0,INLAND
-118.02,34.08,29.0,2741.0,667.0,2449.0,677.0,3.6944,236980.0,INLAND
-116.94,32.83,38.0,1701.0,317.0,872.0,304.0,3.7831,159595.0,<1H OCEAN
-121.75,36.91,32.0,1461.0,422.0,1494.0,416.0,2.8056,157797.0,<1H OCEAN
-118.16,33.78,15.0,4798.0,1374.0,3087.0,1212.0,2.127,163243.0,NEAR OCEAN
-119.77,36.73,44.0,1960.0,393.0,1286.0,381.0,2.1518,63847.0,INLAND
-119.46,36.61,13.0,1348.0,258.0,719.0,246.0,3.625,92802.0,INLAND
-118.5,34.19,35.0,2720.0,490.0,1158.0,445.0,5.0796,265667.01,<1H OCEAN
-118.34,33.95,25.0,3762.0,1281.0,4015.0,1178.0,2.1587,145339.0,<1H OCEAN
-116.91,33.71,19.0,6807.0,1164.0,2703.0,1055.0,3.1591,144165.0,INLAND
-117.12,32.7,14.0,819.0,237.0,827.0,237.0,1.3194,91250.0,NEAR OCEAN
-121.97,37.36,36.0,765.0,134.0,306.0,136.0,4.575,263089.01,<1H OCEAN
-122.82,38.53,27.0,1823.0,360.0,907.0,317.0,3.276,189450.0,<1H OCEAN
-119.06,36.1,21.0,1344.0,249.0,868.0,221.0,2.5893,70170.0,INLAND
-117.98,33.85,23.0,2089.0,377.0,1085.0,362.0,4.765,217581.0,<1H OCEAN
-121.43,37.75,30.0,1912.0,451.0,1065.0,388.0,2.1424,84536.0,INLAND
-116.98,33.93,40.0,2277.0,498.0,1391.0,453.0,1.9472,81072.0,INLAND
-121.55,39.51,48.0,827.0,198.0,396.0,161.0,0.8024,71382.0,INLAND
-118.17,33.77,45.0,2151.0,643.0,1047.0,579.0,3.1149,320614.07,NEAR OCEAN
-117.14,32.76,32.0,2587.0,681.0,1246.0,650.0,2.1727,146412.0,NEAR OCEAN
-118.13,34.07,32.0,1880.0,428.0,1404.0,424.0,3.085,214246.0,<1H OCEAN
-117.9,33.65,30.0,1634.0,373.0,771.0,364.0,3.4125,294738.03,<1H OCEAN
-118.25,33.86,26.0,3022.0,476.0,1852.0,452.0,6.0531,283328.0,<1H OCEAN
-119.05,34.21,27.0,4357.0,926.0,2110.0,876.0,3.0119,203745.0,<1H OCEAN
-121.89,37.66,3.0,1565.0,464.0,769.0,461.0,2.1187,153931.0,INLAND
-118.4,34.05,34.0,2113.0,459.0,859.0,432.0,3.6953,419336.3,<1H OCEAN
-118.4,33.99,39.0,1613.0,380.0,1113.0,356.0,2.825,257111.01,<1H OCEAN
-118.23,33.98,30.0,2562.0,959.0,3909.0,955.0,1.9929,127205.0,<1H OCEAN
-118.25,33.95,48.0,1766.0,424.0,1655.0,420.0,0.9751,99449.0,<1H OCEAN
-122.27,37.85,52.0,1974.0,426.0,875.0,363.0,1.5817,134702.0,NEAR BAY
-121.45,38.48,28.0,2780.0,510.0,1638.0,533.0,2.9571,103761.0,INLAND
-121.36,38.64,24.0,6540.0,1008.0,2667.0,1031.0,5.5632,231189.0,INLAND
-118.21,34.06,30.0,511.0,153.0,1152.0,149.0,2.3611,140006.0,<1H OCEAN
-122.75,38.5,16.0,4196.0,638.0,1713.0,615.0,5.449,251650.0,<1H OCEAN
-122.27,37.51,36.0,1406.0,224.0,598.0,237.0,5.8964,389014.14,NEAR OCEAN
-122.12,37.68,40.0,1553.0,253.0,724.0,267.0,4.38,199957.0,NEAR BAY
-121.45,38.56,52.0,3420.0,555.0,1301.0,530.0,4.0417,155944.0,INLAND
-121.55,38.51,14.0,5490.0,851.0,2415.0,837.0,6.5253,268643.0,INLAND
-117.87,33.6,35.0,1598.0,398.0,782.0,411.0,5.1155,370245.28,<1H OCEAN
-118.05,33.72,17.0,1875.0,472.0,900.0,406.0,5.2589,256123.03,<1H OCEAN
-118.48,34.02,25.0,1583.0,460.0,983.0,422.0,2.7019,367879.07,<1H OCEAN
-119.67,36.8,9.0,3712.0,508.0,1632.0,474.0,6.011,157388.0,INLAND
-118.09,33.79,31.0,4231.0,617.0,1694.0,623.0,6.6312,387061.16,<1H OCEAN
-118.35,34.07,46.0,1651.0,410.0,512.0,397.0,4.0179,417926.19,<1H OCEAN
-118.2,34.05,40.0,1082.0,318.0,1085.0,273.0,1.7054,143655.0,<1H OCEAN
-121.01,37.69,20.0,3275.0,760.0,1538.0,705.0,2.48,125452.0,INLAND
-117.25,34.04,18.0,5761.0,1063.0,2763.0,1058.0,4.4472,140210.0,INLAND
-122.22,37.78,50.0,1920.0,530.0,1525.0,477.0,1.4886,119394.0,NEAR BAY
-118.46,33.97,19.0,2461.0,521.0,777.0,447.0,10.0,482712.57,<1H OCEAN
-117.28,34.17,26.0,3728.0,888.0,1765.0,727.0,1.7456,85297.0,INLAND
-120.47,34.65,31.0,1438.0,320.0,816.0,270.0,2.4583,138099.0,NEAR OCEAN
-121.87,37.26,24.0,2383.0,343.0,1146.0,341.0,5.6223,279826.0,<1H OCEAN
-122.26,38.29,10.0,969.0,160.0,482.0,180.0,6.5799,312140.06,NEAR BAY
-122.0,38.35,24.0,745.0,116.0,300.0,115.0,3.6176,127723.0,INLAND
-118.27,34.05,24.0,323.0,214.0,751.0,189.0,1.8304,220619.0,<1H OCEAN
-118.21,33.96,39.0,2265.0,628.0,2323.0,599.0,2.1522,157019.0,<1H OCEAN
-118.05,33.78,18.0,3414.0,434.0,1272.0,454.0,8.7015,402427.14,<1H OCEAN
-121.89,37.25,21.0,2080.0,352.0,1040.0,325.0,5.2887,262850.0,<1H OCEAN
-118.09,33.76,26.0,1625.0,440.0,533.0,414.0,1.808,83051.0,<1H OCEAN
-119.56,36.09,35.0,1648.0,285.0,792.0,265.0,3.2847,81561.0,INLAND
-118.13,33.79,20.0,6678.0,1797.0,3625.0,1599.0,3.7716,229626.02,NEAR OCEAN
-122.02,37.87,14.0,3056.0,369.0,1209.0,377.0,8.4352,398898.11,NEAR BAY
-122.26,37.82,31.0,4596.0,1331.0,2048.0,1180.0,2.8345,242019.0,NEAR BAY
-121.98,37.31,32.0,2248.0,460.0,1191.0,419.0,5.606,327853.03,<1H OCEAN
-117.34,34.13,29.0,1494.0,286.0,991.0,280.0,2.125,81562.0,INLAND
-117.01,32.81,26.0,4499.0,645.0,1866.0,626.0,5.516,219428.0,<1H OCEAN
-117.82,33.78,28.0,4485.0,667.0,2048.0,685.0,5.4562,246578.01,<1H OCEAN
-122.57,40.61,27.0,1540.0,315.0,883.0,321.0,2.8036,91720.0,INLAND
-118.18,33.95,39.0,2121.0,579.0,1991.0,528.0,2.9094,160327.0,<1H OCEAN
-117.39,33.95,35.0,1599.0,284.0,721.0,287.0,4.125,141153.0,INLAND
-117.35,34.15,32.0,2699.0,552.0,2086.0,551.0,2.2974,82899.0,INLAND
-117.84,33.73,20.0,2572.0,732.0,1534.0,669.0,2.4211,173927.0,<1H OCEAN
-119.54,36.52,16.0,2703.0,415.0,1106.0,372.0,4.2045,105938.0,INLAND
-122.31,37.54,45.0,1222.0,220.0,492.0,205.0,5.539,317266.04,NEAR OCEAN
-122.4,37.81,12.0,1349.0,349.0,536.0,334.0,7.7852,402154.18,NEAR BAY
-118.33,34.01,47.0,1320.0,259.0,653.0,291.0,3.7727,170360.0,<1H OCEAN
-116.92,32.79,24.0,4055.0,742.0,2123.0,744.0,4.5224,172953.0,<1H OCEAN
-117.13,33.13,17.0,3164.0,652.0,1123.0,699.0,2.082,148340.02,<1H OCEAN
-118.25,34.13,52.0,322.0,88.0,229.0,89.0,2.125,240541.05,<1H OCEAN
-121.03,39.37,15.0,1337.0,326.0,1172.0,306.0,2.6341,91205.0,INLAND
-121.29,37.95,52.0,288.0,86.0,272.0,54.0,0.696,64469.0,INLAND
-117.88,33.88,15.0,957.0,360.0,615.0,370.0,3.0263,176578.0,<1H OCEAN
-118.38,34.19,42.0,1308.0,289.0,950.0,302.0,2.7379,193999.0,<1H OCEAN
-122.09,37.66,40.0,1340.0,313.0,766.0,271.0,3.4722,173829.0,NEAR BAY
-122.05,39.6,34.0,2051.0,342.0,958.0,322.0,2.8466,83052.0,INLAND
-117.2,32.77,30.0,156.0,45.0,77.0,40.0,3.2679,203428.02,NEAR OCEAN
-122.03,37.97,20.0,3968.0,931.0,2629.0,903.0,2.9915,160092.0,NEAR BAY
-117.24,32.85,18.0,3117.0,475.0,904.0,368.0,6.7587,342628.11,NEAR OCEAN
-118.53,34.09,37.0,5477.0,833.0,1925.0,757.0,8.1888,495162.9,<1H OCEAN
-122.29,37.88,50.0,1211.0,261.0,523.0,227.0,3.8672,233785.0,NEAR BAY
-122.02,37.98,37.0,1474.0,343.0,782.0,331.0,3.4187,149263.0,NEAR BAY
-122.26,37.48,34.0,4453.0,682.0,1805.0,672.0,5.6038,346933.02,NEAR OCEAN
-122.33,40.52,23.0,2801.0,507.0,1318.0,454.0,3.5081,106111.0,INLAND
-119.06,34.23,29.0,3511.0,632.0,2591.0,596.0,3.0219,204785.0,<1H OCEAN
-121.92,37.96,14.0,5332.0,884.0,2093.0,839.0,5.2798,192669.0,INLAND
-118.88,34.2,23.0,4862.0,597.0,1938.0,594.0,7.3409,344903.01,<1H OCEAN
-122.4,40.58,40.0,3895.0,929.0,1782.0,910.0,1.3329,67032.0,INLAND
-122.3,38.32,20.0,2063.0,486.0,1045.0,460.0,2.5035,152988.0,NEAR BAY
-120.1,39.37,10.0,2325.0,410.0,1016.0,373.0,4.5208,154105.0,INLAND
-119.0,36.07,20.0,1042.0,183.0,509.0,175.0,2.9815,88569.0,INLAND
-117.17,32.77,6.0,3856.0,875.0,1547.0,816.0,4.5481,259637.0,NEAR OCEAN
-122.04,38.25,32.0,1203.0,287.0,571.0,255.0,3.0938,128483.0,INLAND
-121.84,39.73,52.0,502.0,100.0,311.0,100.0,1.5481,84642.0,INLAND
-121.23,37.95,36.0,811.0,168.0,514.0,152.0,2.625,93788.0,INLAND
-116.27,34.13,37.0,452.0,109.0,184.0,59.0,3.7292,115691.03,INLAND
-118.01,34.1,27.0,2424.0,542.0,1713.0,557.0,3.8085,223421.0,INLAND
-120.4,37.92,22.0,1022.0,194.0,517.0,198.0,3.625,130619.0,INLAND
-118.35,34.1,18.0,7432.0,2793.0,3596.0,2270.0,2.8036,297234.03,<1H OCEAN
-117.32,33.25,7.0,2499.0,420.0,1314.0,398.0,4.85,194879.0,<1H OCEAN
-116.9,32.77,8.0,3600.0,492.0,1421.0,482.0,6.2609,286900.0,<1H OCEAN
-117.08,32.71,27.0,2204.0,598.0,1656.0,521.0,1.4821,102245.0,NEAR OCEAN
-118.36,33.97,18.0,1284.0,283.0,990.0,289.0,4.0179,249700.0,<1H OCEAN
-117.41,34.0,26.0,2372.0,621.0,1647.0,612.0,1.4719,96017.0,INLAND
-117.33,34.06,42.0,530.0,123.0,390.0,124.0,1.0469,82669.0,INLAND
-122.15,37.74,49.0,1325.0,277.0,764.0,282.0,3.3125,180262.0,NEAR BAY
-122.07,37.39,19.0,1465.0,342.0,646.0,345.0,4.712,283416.04,NEAR BAY
-121.51,38.55,46.0,1485.0,278.0,531.0,291.0,2.7885,119006.0,INLAND
-117.15,34.05,9.0,1442.0,219.0,633.0,230.0,5.0227,141569.0,INLAND
-121.45,38.51,29.0,4221.0,901.0,2294.0,850.0,2.2245,85557.0,INLAND
-122.05,36.87,18.0,2232.0,440.0,1091.0,458.0,3.8269,256614.0,NEAR OCEAN
-121.83,37.23,22.0,5507.0,841.0,2785.0,848.0,6.0889,270018.0,<1H OCEAN
-118.36,33.95,42.0,2532.0,627.0,2038.0,591.0,2.875,157212.0,<1H OCEAN
-117.18,33.16,15.0,5923.0,1206.0,3943.0,1006.0,3.1793,181804.01,<1H OCEAN
-117.58,34.09,27.0,754.0,200.0,746.0,185.0,1.9531,98053.0,INLAND
-121.9,38.04,36.0,1489.0,331.0,838.0,259.0,1.2024,89769.0,INLAND
-117.46,34.14,10.0,714.0,131.0,381.0,119.0,0.8926,123657.0,INLAND
-118.43,33.98,19.0,8324.0,1590.0,2927.0,1538.0,7.5426,419795.42,<1H OCEAN
-122.14,39.65,33.0,419.0,77.0,190.0,67.0,3.6429,111653.0,INLAND
-122.13,39.74,20.0,1401.0,280.0,668.0,250.0,2.2569,82425.0,INLAND
-121.83,37.3,17.0,1299.0,211.0,825.0,217.0,4.5,217727.04,<1H OCEAN
-118.1,33.99,31.0,965.0,217.0,599.0,206.0,2.7202,170747.0,<1H OCEAN
-122.46,37.7,37.0,1028.0,275.0,904.0,261.0,3.5035,238305.0,NEAR OCEAN
-118.28,34.24,29.0,3390.0,580.0,1543.0,576.0,5.6184,286990.06,<1H OCEAN
-121.93,37.89,13.0,2085.0,292.0,852.0,264.0,7.3445,309829.0,INLAND
-118.5,34.03,52.0,1711.0,245.0,671.0,242.0,7.7572,489057.76,<1H OCEAN
-121.29,38.12,18.0,1534.0,275.0,741.0,263.0,3.9607,155588.0,INLAND
-117.22,32.85,26.0,1647.0,261.0,694.0,259.0,4.6875,210806.0,NEAR OCEAN
-122.47,37.77,52.0,3143.0,635.0,1350.0,623.0,3.8571,419376.31,NEAR BAY
-118.38,34.07,16.0,4814.0,1381.0,1897.0,1209.0,3.3725,412451.31,<1H OCEAN
-117.91,34.08,35.0,1443.0,266.0,861.0,262.0,3.5795,196392.0,<1H OCEAN
-118.32,34.1,52.0,786.0,270.0,756.0,273.0,2.2311,235769.0,<1H OCEAN
-121.36,38.01,16.0,2178.0,667.0,1192.0,579.0,2.3339,113060.0,INLAND
-118.12,33.99,27.0,2316.0,559.0,2012.0,544.0,2.8155,184399.0,<1H OCEAN
-118.14,33.91,34.0,1766.0,410.0,974.0,404.0,3.0703,210735.0,<1H OCEAN
-122.2,37.79,35.0,1802.0,459.0,1009.0,390.0,2.3036,123947.0,NEAR BAY
-118.13,34.19,42.0,2203.0,412.0,1012.0,377.0,4.0714,262590.0,INLAND
-118.9,35.41,6.0,4656.0,971.0,2320.0,935.0,3.0938,87482.0,INLAND
-114.61,34.83,31.0,2478.0,464.0,1346.0,479.0,3.212,84085.0,INLAND
-118.14,33.78,44.0,2101.0,496.0,1038.0,500.0,3.108,275693.02,NEAR OCEAN
-121.12,35.58,16.0,4109.0,798.0,1298.0,626.0,3.4799,260231.0,NEAR OCEAN
-117.65,34.04,15.0,3393.0,,2039.0,611.0,3.9336,156398.0,INLAND
-121.84,37.37,28.0,1579.0,339.0,1252.0,353.0,4.1615,180990.01,<1H OCEAN
-118.27,33.79,39.0,1513.0,365.0,1227.0,354.0,3.3929,169112.0,<1H OCEAN
-120.56,38.48,14.0,3545.0,702.0,946.0,411.0,3.4609,129123.0,INLAND
-121.39,39.61,22.0,2828.0,610.0,986.0,391.0,2.8871,88659.0,INLAND
-116.92,32.76,7.0,1659.0,237.0,862.0,242.0,5.2741,182146.0,<1H OCEAN
-121.29,37.96,52.0,888.0,324.0,630.0,258.0,1.2411,89342.0,INLAND
-118.03,33.78,25.0,3554.0,528.0,1600.0,537.0,6.6453,310962.0,<1H OCEAN
-117.83,33.68,4.0,3226.0,838.0,1666.0,800.0,4.1652,287338.2,<1H OCEAN
-121.79,36.64,11.0,32627.0,6445.0,28566.0,6082.0,2.3087,149560.0,<1H OCEAN
-118.43,34.02,42.0,1528.0,244.0,634.0,242.0,8.1631,498471.92,<1H OCEAN
-121.9,36.97,21.0,3707.0,751.0,1420.0,608.0,4.4485,292545.02,NEAR OCEAN
-121.95,37.33,31.0,1866.0,465.0,821.0,447.0,2.3547,223067.0,<1H OCEAN
-121.91,37.42,19.0,1684.0,387.0,1224.0,376.0,4.1389,203154.0,<1H OCEAN
-117.07,33.12,21.0,4578.0,927.0,2818.0,900.0,3.1458,158771.0,<1H OCEAN
-118.09,33.77,27.0,2301.0,640.0,847.0,627.0,1.7208,103091.02,<1H OCEAN
-118.32,33.82,22.0,2508.0,402.0,1254.0,395.0,7.0935,380503.21,<1H OCEAN
-118.12,34.04,34.0,2103.0,427.0,1355.0,434.0,4.5795,211913.0,<1H OCEAN
-118.22,33.89,37.0,797.0,190.0,485.0,166.0,2.7434,122338.0,<1H OCEAN
-121.86,36.63,37.0,338.0,109.0,231.0,100.0,2.5313,198714.01,<1H OCEAN
-122.43,37.74,52.0,2229.0,498.0,1079.0,472.0,5.0196,336682.0,NEAR BAY
-119.19,36.06,29.0,1815.0,376.0,1421.0,339.0,1.9091,50049.0,INLAND
-117.93,33.65,26.0,5831.0,1546.0,4738.0,1477.0,3.1483,221722.0,<1H OCEAN
-121.09,37.61,42.0,1787.0,296.0,921.0,287.0,3.8864,147943.0,INLAND
-122.07,37.67,27.0,3239.0,671.0,1469.0,616.0,3.2465,217050.0,NEAR BAY
-121.18,37.79,16.0,1326.0,286.0,509.0,297.0,1.9464,113258.0,INLAND
-120.61,35.11,11.0,3733.0,831.0,1839.0,739.0,3.3062,204977.0,<1H OCEAN
-117.69,34.05,10.0,1875.0,366.0,1055.0,363.0,4.3264,154121.0,INLAND
-117.14,33.39,17.0,2889.0,587.0,1931.0,510.0,3.8547,218403.0,<1H OCEAN
-122.95,40.67,17.0,1498.0,331.0,574.0,242.0,2.0268,79104.0,INLAND
-118.41,33.96,32.0,1044.0,219.0,567.0,222.0,4.1471,324802.03,<1H OCEAN
-119.76,36.8,20.0,6257.0,1346.0,2795.0,1267.0,2.2094,75475.0,INLAND
-117.18,32.83,31.0,1772.0,353.0,1090.0,350.0,3.9265,183328.0,NEAR OCEAN
-117.9,34.01,27.0,1702.0,381.0,2091.0,352.0,3.7917,162338.0,<1H OCEAN
-122.04,37.36,26.0,3298.0,460.0,1241.0,472.0,6.8753,400432.15,<1H OCEAN
-118.46,34.04,17.0,2729.0,897.0,1404.0,758.0,3.1235,347572.07,<1H OCEAN
-122.2,39.93,9.0,1296.0,287.0,768.0,260.0,1.9191,90198.0,INLAND
-117.77,33.51,29.0,3590.0,772.0,1070.0,603.0,4.4464,374130.12,<1H OCEAN
-121.99,37.26,17.0,4034.0,611.0,1158.0,560.0,8.2069,402852.15,<1H OCEAN
-117.38,33.14,14.0,5039.0,1373.0,1298.0,696.0,3.209,222517.01,NEAR OCEAN
-119.76,36.75,39.0,2233.0,563.0,2031.0,491.0,1.8641,56814.0,INLAND
-117.39,33.69,5.0,6529.0,997.0,3464.0,1006.0,5.3275,243488.0,<1H OCEAN
-117.05,34.02,21.0,3098.0,646.0,1351.0,614.0,2.598,99614.0,INLAND
-121.42,38.62,33.0,3171.0,832.0,1591.0,695.0,2.0786,96656.0,INLAND
-117.93,34.05,32.0,3055.0,623.0,1902.0,565.0,4.2926,195584.0,<1H OCEAN
-122.41,37.8,30.0,1821.0,738.0,1648.0,684.0,0.8836,276073.34,NEAR BAY
-122.11,37.67,36.0,2110.0,389.0,952.0,370.0,3.8,197867.0,NEAR BAY
-119.61,36.56,34.0,1911.0,497.0,1886.0,481.0,1.625,52507.0,INLAND
-118.01,34.06,26.0,557.0,153.0,455.0,196.0,2.7721,181639.0,INLAND
-118.19,33.99,37.0,2073.0,614.0,2544.0,598.0,2.9054,158342.0,<1H OCEAN
-118.31,34.03,46.0,2173.0,510.0,1343.0,476.0,2.025,142123.0,<1H OCEAN
-122.04,37.66,23.0,2419.0,348.0,1066.0,384.0,6.3501,306696.02,NEAR BAY
-122.07,37.06,31.0,1634.0,370.0,939.0,332.0,3.8625,237232.0,NEAR OCEAN
-121.65,37.12,14.0,4721.0,999.0,2648.0,888.0,3.6895,211336.0,<1H OCEAN
-122.37,37.59,39.0,4645.0,1196.0,2156.0,1113.0,3.4412,363605.06,NEAR OCEAN
-118.4,33.96,43.0,2416.0,454.0,1028.0,409.0,5.6732,390804.21,<1H OCEAN
-118.32,33.34,52.0,996.0,264.0,341.0,160.0,2.7361,298377.04,ISLAND
-118.88,35.34,20.0,1351.0,255.0,762.0,253.0,2.1111,61938.98,INLAND
-118.4,33.87,40.0,1679.0,372.0,719.0,385.0,6.435,464677.41,<1H OCEAN
-121.37,38.68,34.0,1086.0,187.0,663.0,190.0,3.3074,99217.0,INLAND
-122.1,37.39,36.0,1860.0,367.0,794.0,366.0,5.0871,312546.1,NEAR BAY
-119.81,36.78,36.0,1650.0,313.0,660.0,298.0,3.0,73040.0,INLAND
-117.16,33.54,4.0,4952.0,1000.0,2912.0,943.0,3.7538,195734.02,<1H OCEAN
-117.95,33.78,32.0,2296.0,560.0,1376.0,532.0,3.7303,192843.0,<1H OCEAN
-122.18,37.46,40.0,2529.0,293.0,831.0,258.0,15.0001,500001.0,NEAR BAY
-118.32,33.97,46.0,1504.0,270.0,814.0,306.0,4.3919,174808.0,<1H OCEAN
-117.99,33.88,25.0,3401.0,509.0,1503.0,498.0,6.6704,314080.01,<1H OCEAN
-118.26,34.23,33.0,1805.0,303.0,838.0,301.0,5.4306,272614.0,<1H OCEAN
-120.97,37.67,31.0,1648.0,293.0,792.0,294.0,2.4,109769.0,INLAND
-117.81,34.01,12.0,9197.0,1642.0,4332.0,1554.0,4.9589,233007.0,<1H OCEAN
-118.51,34.19,38.0,2182.0,409.0,1141.0,379.0,4.2865,231751.01,<1H OCEAN
-118.17,33.77,45.0,2508.0,797.0,1340.0,720.0,2.6786,212023.0,NEAR OCEAN
-117.19,33.9,3.0,21060.0,3366.0,9623.0,2812.0,4.189,152464.01,INLAND
-121.01,37.61,5.0,3655.0,696.0,2316.0,647.0,3.4703,134957.0,INLAND
-119.69,34.42,17.0,1826.0,544.0,1325.0,532.0,1.2762,214518.05,<1H OCEAN
-118.27,33.93,41.0,570.0,135.0,466.0,121.0,2.6458,118261.0,<1H OCEAN
-117.81,33.73,19.0,5471.0,1345.0,2828.0,1247.0,3.5719,167290.0,<1H OCEAN
-118.9,34.3,13.0,5591.0,1013.0,3188.0,971.0,5.5925,279563.0,<1H OCEAN
-117.14,32.76,24.0,3523.0,991.0,1775.0,873.0,2.1273,149795.0,NEAR OCEAN
-117.27,34.42,9.0,5643.0,1005.0,3166.0,957.0,3.2077,108759.0,INLAND
-122.06,37.35,31.0,1795.0,281.0,872.0,282.0,8.0599,482704.62,<1H OCEAN
-118.12,33.83,44.0,1712.0,314.0,691.0,293.0,4.3594,254492.0,<1H OCEAN
-118.84,34.11,12.0,7508.0,1058.0,2484.0,965.0,5.8788,362658.08,NEAR OCEAN
-120.6,35.11,17.0,2495.0,524.0,1292.0,501.0,2.2625,144858.0,<1H OCEAN
-119.77,36.76,40.0,2009.0,519.0,2219.0,505.0,1.2101,53226.0,INLAND
-117.81,33.84,17.0,4343.0,515.0,1605.0,484.0,10.5981,457146.52,<1H OCEAN
-117.05,32.68,19.0,1469.0,275.0,1010.0,292.0,3.5664,130526.0,NEAR OCEAN
-117.94,33.92,32.0,1053.0,207.0,1038.0,222.0,4.6696,173553.0,<1H OCEAN
-119.63,34.42,42.0,1765.0,263.0,753.0,260.0,8.5608,497712.94,<1H OCEAN
-121.56,39.51,47.0,1064.0,245.0,603.0,190.0,1.3654,62606.0,INLAND
-117.96,33.83,34.0,982.0,148.0,498.0,156.0,6.3214,255569.02,<1H OCEAN
-118.16,34.09,36.0,3334.0,920.0,2881.0,800.0,2.1696,167315.0,<1H OCEAN
-117.06,32.81,17.0,3939.0,550.0,1694.0,553.0,6.7927,294048.0,<1H OCEAN
-119.83,34.44,35.0,796.0,281.0,567.0,257.0,2.1389,240266.0,NEAR OCEAN
-118.44,34.22,39.0,1529.0,344.0,913.0,314.0,3.325,189966.0,<1H OCEAN
-122.0,38.83,26.0,272.0,49.0,194.0,52.0,3.4187,127526.0,INLAND
-118.45,34.25,34.0,2094.0,380.0,1207.0,380.0,5.2801,227061.0,<1H OCEAN
-118.18,34.09,44.0,1688.0,426.0,1605.0,384.0,3.3785,169144.0,<1H OCEAN
-122.41,37.75,9.0,1282.0,334.0,1176.0,305.0,2.6538,236685.02,NEAR BAY
-119.02,36.05,22.0,2078.0,431.0,1336.0,456.0,2.2202,64137.0,INLAND
-121.79,38.69,23.0,1755.0,321.0,1061.0,313.0,2.8864,116061.0,INLAND
-117.66,34.15,25.0,3430.0,485.0,1284.0,438.0,8.5282,343386.0,INLAND
-117.76,34.05,36.0,2910.0,819.0,3055.0,782.0,1.9029,113064.0,INLAND
-121.78,37.69,34.0,2358.0,498.0,1157.0,461.0,3.3618,167649.0,INLAND
-121.38,38.59,36.0,2253.0,434.0,1018.0,426.0,3.2596,125503.0,INLAND
-117.87,33.92,17.0,4575.0,764.0,2054.0,737.0,6.0571,287227.01,<1H OCEAN
-117.13,33.14,12.0,2258.0,456.0,1147.0,433.0,4.0495,175451.0,<1H OCEAN
-122.33,37.98,3.0,2850.0,544.0,1024.0,515.0,6.0115,296267.04,NEAR BAY
-118.18,34.13,52.0,2228.0,475.0,1311.0,452.0,3.5341,209835.0,<1H OCEAN
-121.83,37.27,14.0,2855.0,380.0,1420.0,383.0,6.6712,324516.04,<1H OCEAN
-120.76,38.65,17.0,2319.0,430.0,1126.0,372.0,3.5511,144692.0,INLAND
-121.24,37.97,47.0,886.0,196.0,517.0,188.0,2.1991,95167.0,INLAND
-122.11,37.7,29.0,1298.0,306.0,835.0,338.0,2.3274,173751.0,NEAR BAY
-117.14,32.9,16.0,3217.0,,2054.0,687.0,4.2234,165559.0,<1H OCEAN
-121.47,38.56,52.0,889.0,162.0,273.0,145.0,3.125,162664.0,INLAND
-118.21,33.9,43.0,1810.0,357.0,1335.0,358.0,3.1189,143759.0,<1H OCEAN
-117.93,33.75,24.0,1380.0,339.0,1472.0,304.0,4.2219,173255.0,<1H OCEAN
-122.24,37.75,45.0,891.0,,384.0,146.0,4.9489,292443.09,NEAR BAY
-117.22,33.81,4.0,9911.0,1946.0,5145.0,1661.0,3.4237,146306.0,INLAND
-118.03,33.83,25.0,768.0,195.0,529.0,184.0,3.175,215418.0,<1H OCEAN
-118.31,34.01,39.0,2073.0,566.0,1246.0,547.0,2.0417,122461.0,<1H OCEAN
-117.23,33.23,13.0,2899.0,657.0,1946.0,579.0,2.9875,148007.0,<1H OCEAN
-122.93,38.02,28.0,1284.0,265.0,628.0,219.0,3.5469,244301.0,NEAR OCEAN
-121.45,38.69,32.0,2962.0,526.0,1542.0,521.0,2.2243,100640.0,INLAND
-122.01,37.4,24.0,1297.0,297.0,441.0,282.0,3.1439,213722.0,<1H OCEAN
-121.47,38.51,52.0,20.0,4.0,74.0,9.0,3.625,249309.27,INLAND
-121.44,37.76,5.0,7264.0,1285.0,3670.0,1146.0,5.0443,193364.0,INLAND
-122.57,37.99,45.0,2404.0,425.0,926.0,400.0,4.9674,319575.05,NEAR BAY
-122.13,37.4,29.0,6027.0,1195.0,2687.0,1171.0,5.1335,344965.05,NEAR BAY
-118.3,34.17,16.0,1353.0,398.0,1211.0,357.0,3.1551,218279.02,<1H OCEAN
-117.29,34.13,52.0,2424.0,528.0,1171.0,455.0,1.4815,76581.0,INLAND
-122.05,37.36,34.0,2400.0,419.0,1017.0,384.0,4.1369,291303.0,<1H OCEAN
-118.15,33.8,44.0,1886.0,399.0,1167.0,372.0,3.1042,214156.0,NEAR OCEAN
-118.0,33.81,17.0,1530.0,404.0,883.0,344.0,2.8835,187882.0,<1H OCEAN
-117.96,33.76,22.0,2520.0,556.0,2126.0,527.0,3.7734,175923.0,<1H OCEAN
-118.11,34.14,52.0,2401.0,332.0,810.0,308.0,6.0948,430737.18,<1H OCEAN
-120.69,38.44,13.0,1473.0,265.0,597.0,228.0,4.2917,152795.0,INLAND
-117.04,32.98,16.0,1332.0,196.0,640.0,193.0,6.0226,219330.0,<1H OCEAN
-122.4,37.6,30.0,5351.0,1134.0,2558.0,1074.0,3.5817,327981.06,NEAR OCEAN
-118.6,34.23,19.0,8866.0,2355.0,5005.0,2194.0,3.2564,219696.0,<1H OCEAN
-118.5,34.15,33.0,3104.0,387.0,1111.0,376.0,13.4196,500001.0,<1H OCEAN
-118.32,33.9,37.0,1664.0,401.0,1316.0,409.0,3.0526,178882.0,<1H OCEAN
-122.64,41.73,36.0,3319.0,664.0,1492.0,631.0,1.8694,57340.0,INLAND
-117.97,33.77,25.0,1295.0,417.0,856.0,342.0,2.7157,201396.0,<1H OCEAN
-118.09,33.9,37.0,1147.0,258.0,742.0,242.0,4.0461,171622.0,<1H OCEAN
-120.75,37.37,32.0,1656.0,317.0,1037.0,286.0,2.4964,90704.0,INLAND
-121.39,36.16,28.0,1057.0,249.0,288.0,130.0,3.0526,287429.04,NEAR OCEAN
-122.3,37.91,39.0,2686.0,569.0,1159.0,559.0,2.9441,194075.0,NEAR BAY
-118.25,34.15,15.0,3712.0,1005.0,1888.0,890.0,3.6875,241284.0,<1H OCEAN
-121.48,38.58,42.0,1823.0,566.0,761.0,503.0,1.245,97459.0,INLAND
-121.94,37.29,22.0,2593.0,637.0,1249.0,623.0,3.75,274916.0,<1H OCEAN
-118.35,33.92,24.0,2728.0,845.0,2023.0,773.0,2.75,210209.0,<1H OCEAN
-118.92,34.18,17.0,2400.0,352.0,1067.0,323.0,6.3522,290200.01,<1H OCEAN
-122.5,37.74,44.0,2374.0,496.0,1087.0,426.0,3.5,278226.0,NEAR OCEAN
-118.33,34.15,44.0,1321.0,303.0,471.0,301.0,4.2679,415271.08,<1H OCEAN
-118.23,34.05,52.0,346.0,270.0,346.0,251.0,2.5313,155109.0,<1H OCEAN
-117.15,33.02,4.0,15029.0,2279.0,5613.0,1696.0,7.2731,327901.03,NEAR OCEAN
-118.22,33.99,24.0,1402.0,482.0,1976.0,466.0,2.6964,160878.0,<1H OCEAN
-116.54,33.81,31.0,6814.0,1714.0,2628.0,1341.0,2.1176,91143.0,INLAND
-118.02,33.85,31.0,1922.0,329.0,1030.0,353.0,5.3416,234173.0,<1H OCEAN
-122.05,37.36,29.0,1733.0,255.0,679.0,278.0,7.5337,425699.38,<1H OCEAN
-122.28,37.51,33.0,4719.0,,1980.0,757.0,6.1064,439499.47,NEAR OCEAN
-118.86,34.07,16.0,1409.0,244.0,970.0,172.0,8.0144,456443.61,NEAR OCEAN
-122.65,38.97,32.0,1856.0,472.0,703.0,292.0,1.1912,74924.0,INLAND
-121.91,37.69,23.0,2179.0,308.0,926.0,299.0,5.9345,270473.01,<1H OCEAN
-120.43,34.87,21.0,2131.0,329.0,1094.0,353.0,4.6648,184420.0,<1H OCEAN
-122.44,37.79,52.0,2045.0,353.0,722.0,327.0,8.0755,480356.85,NEAR BAY
-117.02,32.78,31.0,2567.0,,1198.0,499.0,3.4659,158294.0,<1H OCEAN
-117.83,33.82,23.0,1100.0,285.0,940.0,267.0,3.6953,188897.0,<1H OCEAN
-117.08,32.69,31.0,2558.0,487.0,1938.0,492.0,3.4875,125098.0,NEAR OCEAN
-120.1,39.19,17.0,1480.0,241.0,202.0,80.0,3.9375,156687.0,INLAND
-122.65,38.99,16.0,4279.0,951.0,1596.0,666.0,1.8571,97540.0,INLAND
-115.69,32.79,18.0,1564.0,340.0,1161.0,343.0,2.1792,67725.0,INLAND
-121.66,36.37,9.0,1580.0,287.0,465.0,208.0,6.1668,294198.06,<1H OCEAN
-122.39,40.52,24.0,2068.0,346.0,951.0,332.0,3.9306,121470.0,INLAND
-116.29,33.72,5.0,3584.0,760.0,1097.0,470.0,3.1771,132914.0,INLAND
-117.71,33.63,16.0,1565.0,274.0,950.0,280.0,5.8399,268822.01,<1H OCEAN
-121.8,37.31,21.0,2630.0,446.0,1789.0,389.0,5.0543,240063.02,<1H OCEAN
-116.46,33.78,33.0,2565.0,745.0,2301.0,638.0,2.5477,105864.0,INLAND
-118.31,33.83,45.0,2929.0,755.0,1635.0,652.0,2.9375,230191.0,<1H OCEAN
-120.25,36.65,31.0,1177.0,221.0,744.0,223.0,2.4937,74423.0,INLAND
-118.08,33.98,36.0,1492.0,282.0,1041.0,270.0,4.0677,171050.0,<1H OCEAN
-121.85,37.26,16.0,1982.0,280.0,1030.0,297.0,6.4339,268211.0,<1H OCEAN
-121.73,36.93,29.0,2931.0,535.0,1954.0,506.0,3.2917,181037.0,<1H OCEAN
-118.38,34.03,44.0,1913.0,441.0,1295.0,432.0,3.9537,286301.07,<1H OCEAN
-118.04,33.83,19.0,4526.0,830.0,2318.0,748.0,4.6681,216607.0,<1H OCEAN
-122.49,38.27,8.0,5092.0,988.0,1657.0,936.0,3.5625,235725.0,NEAR BAY
-120.08,39.61,32.0,1404.0,247.0,544.0,201.0,2.7778,77999.0,INLAND
-116.6,33.06,23.0,1731.0,365.0,612.0,258.0,2.7813,132108.0,INLAND
-118.37,34.18,42.0,1140.0,300.0,643.0,252.0,3.3958,210018.0,<1H OCEAN
-117.12,32.75,13.0,2795.0,773.0,1869.0,690.0,2.1767,115332.0,NEAR OCEAN
-121.91,37.23,22.0,2614.0,453.0,1240.0,462.0,6.0712,295269.0,<1H OCEAN
-119.78,36.71,35.0,1987.0,394.0,1233.0,383.0,1.3587,58829.0,INLAND
-118.25,34.07,18.0,4297.0,1420.0,4332.0,1286.0,2.2545,205459.0,<1H OCEAN
-121.68,36.72,12.0,19234.0,4492.0,12153.0,4372.0,3.2652,193073.0,<1H OCEAN
-118.19,33.91,35.0,2695.0,748.0,2935.0,706.0,2.0134,136320.01,<1H OCEAN
-119.73,34.44,48.0,2114.0,390.0,973.0,367.0,4.8021,325311.03,NEAR OCEAN
-116.94,32.84,32.0,1607.0,253.0,778.0,262.0,4.5278,164858.0,<1H OCEAN
-120.19,39.32,16.0,1536.0,298.0,646.0,208.0,2.3594,110876.0,INLAND
-118.36,34.18,34.0,1471.0,423.0,995.0,386.0,2.9583,206364.0,<1H OCEAN
-122.09,37.36,37.0,2269.0,325.0,930.0,321.0,7.5274,483431.76,NEAR BAY
-122.28,37.83,52.0,1511.0,390.0,901.0,403.0,1.4103,122016.0,NEAR BAY
-121.19,39.05,14.0,1131.0,193.0,520.0,178.0,3.9,167062.0,INLAND
-122.27,37.77,52.0,1731.0,377.0,872.0,363.0,4.1667,262320.0,NEAR BAY
-118.16,34.19,44.0,2195.0,449.0,1377.0,417.0,3.5887,211079.0,<1H OCEAN
-118.18,34.04,44.0,1079.0,275.0,1249.0,249.0,3.0417,142992.0,<1H OCEAN
-121.06,40.23,23.0,1127.0,225.0,215.0,85.0,3.4844,96932.0,INLAND
-120.06,37.02,13.0,6301.0,1080.0,3840.0,1033.0,3.5258,104929.0,INLAND
-121.97,37.36,34.0,884.0,153.0,534.0,154.0,6.0116,309674.0,<1H OCEAN
-117.09,32.7,15.0,869.0,217.0,887.0,216.0,1.4583,108285.0,NEAR OCEAN
-122.43,37.76,52.0,3708.0,849.0,1531.0,822.0,3.3565,381723.04,NEAR BAY
-122.1,37.68,37.0,2116.0,503.0,1109.0,448.0,2.535,176563.0,NEAR BAY
-118.31,33.92,35.0,1307.0,246.0,672.0,219.0,4.8456,164988.0,<1H OCEAN
-117.35,34.04,14.0,2991.0,522.0,1729.0,537.0,3.5139,119090.0,INLAND
-117.91,34.04,15.0,8749.0,1761.0,5278.0,1691.0,4.6324,235939.0,<1H OCEAN
-118.08,34.0,32.0,1165.0,358.0,997.0,361.0,0.9817,167040.0,<1H OCEAN
-120.62,37.35,18.0,874.0,203.0,572.0,190.0,1.6833,94064.0,INLAND
-117.66,35.63,33.0,2579.0,564.0,1155.0,431.0,2.0441,67631.0,INLAND
-122.68,38.43,18.0,2723.0,529.0,1150.0,520.0,3.5885,173265.0,<1H OCEAN
-118.4,34.09,45.0,2686.0,283.0,857.0,259.0,15.0001,500001.0,<1H OCEAN
-118.35,34.03,43.0,2122.0,524.0,1510.0,436.0,2.2273,142538.0,<1H OCEAN
-121.95,37.32,20.0,1145.0,198.0,431.0,173.0,3.1103,248336.0,<1H OCEAN
-117.07,32.71,26.0,4151.0,823.0,2822.0,697.0,2.8372,132420.0,NEAR OCEAN
-117.71,34.12,20.0,11250.0,1893.0,4952.0,1859.0,5.6785,225771.0,INLAND
-121.95,37.52,33.0,3994.0,764.0,2721.0,763.0,5.2308,247289.01,<1H OCEAN
-121.35,38.51,29.0,2337.0,391.0,1054.0,352.0,4.2206,143002.0,INLAND
-122.01,37.37,25.0,2213.0,360.0,1066.0,390.0,7.2165,350968.05,<1H OCEAN
-118.31,34.26,41.0,1297.0,327.0,733.0,315.0,3.0583,229919.01,<1H OCEAN
-122.04,37.35,20.0,2016.0,313.0,767.0,310.0,6.837,346092.04,<1H OCEAN
-117.03,32.72,38.0,886.0,176.0,505.0,188.0,3.5938,139593.0,NEAR OCEAN
-118.61,34.21,33.0,2609.0,431.0,1208.0,406.0,5.4527,259332.0,<1H OCEAN
-121.36,38.39,10.0,5121.0,763.0,2568.0,758.0,5.2447,181604.0,INLAND
-118.26,33.91,39.0,935.0,210.0,711.0,193.0,2.4375,105638.0,<1H OCEAN
-117.21,34.51,17.0,4379.0,629.0,1720.0,595.0,5.086,188276.0,INLAND
-122.21,38.1,36.0,3018.0,557.0,1445.0,556.0,3.8029,134709.0,NEAR BAY
-117.98,33.84,35.0,984.0,179.0,661.0,199.0,5.0747,203192.0,<1H OCEAN
-122.4,37.76,52.0,1529.0,385.0,1347.0,348.0,2.9312,248828.0,NEAR BAY
-118.33,34.15,39.0,493.0,168.0,259.0,138.0,2.3667,253681.08,<1H OCEAN
-118.36,33.92,26.0,3695.0,1144.0,2308.0,1009.0,2.6667,205954.0,<1H OCEAN
-122.07,37.67,38.0,2104.0,409.0,1039.0,394.0,3.875,200475.0,NEAR BAY
-117.39,34.13,9.0,2228.0,398.0,1316.0,370.0,4.1632,136631.0,INLAND
-121.1,38.92,21.0,4064.0,871.0,1847.0,859.0,3.0321,137923.0,INLAND
-121.28,37.96,28.0,1942.0,724.0,1618.0,638.0,0.9365,77139.0,INLAND
-117.68,34.07,32.0,1775.0,314.0,1067.0,302.0,4.0375,142959.0,INLAND
-118.5,34.19,26.0,2156.0,509.0,1142.0,470.0,4.0,252236.01,<1H OCEAN
-122.35,37.93,28.0,1995.0,488.0,1182.0,439.0,2.3352,106326.0,NEAR BAY
-117.18,32.69,48.0,2764.0,491.0,978.0,449.0,5.1249,419623.33,NEAR OCEAN
-121.87,39.74,7.0,1737.0,290.0,747.0,265.0,3.9,124974.0,INLAND
-118.01,34.55,2.0,2701.0,530.0,1368.0,430.0,4.071,165417.0,INLAND
-117.95,33.99,15.0,3978.0,692.0,2418.0,665.0,5.0142,237386.0,<1H OCEAN
-124.14,41.95,21.0,2696.0,578.0,1208.0,494.0,2.275,95377.0,NEAR OCEAN
-120.79,38.83,15.0,1374.0,291.0,709.0,239.0,1.7222,109028.0,INLAND
-121.38,38.49,11.0,8537.0,1643.0,4224.0,1648.0,2.9647,113974.0,INLAND
-118.13,34.18,52.0,1464.0,211.0,603.0,226.0,5.8309,307254.01,INLAND
-117.28,34.09,44.0,376.0,,273.0,107.0,2.2917,89268.0,INLAND
-117.14,32.71,52.0,1225.0,332.0,955.0,321.0,1.6011,93200.0,NEAR OCEAN
-122.42,38.31,18.0,1479.0,246.0,550.0,217.0,4.7356,237056.01,NEAR BAY
-119.61,36.33,32.0,1492.0,284.0,926.0,264.0,3.0139,75595.0,INLAND
-117.89,34.07,35.0,834.0,137.0,392.0,123.0,4.5179,186167.0,<1H OCEAN
-118.37,34.21,36.0,2080.0,455.0,1939.0,484.0,4.2875,187393.0,<1H OCEAN
-124.17,40.62,32.0,1595.0,309.0,706.0,277.0,2.8958,89896.0,NEAR OCEAN
-121.17,37.97,28.0,1374.0,248.0,769.0,229.0,3.6389,150230.0,INLAND
-121.51,38.54,34.0,2815.0,479.0,1075.0,471.0,3.9792,164329.0,INLAND
-122.18,37.78,50.0,1642.0,322.0,713.0,284.0,3.2984,182855.0,NEAR BAY
-118.44,34.06,13.0,4833.0,1119.0,1649.0,807.0,6.2389,376829.16,<1H OCEAN
-122.27,37.85,47.0,1375.0,307.0,843.0,319.0,1.3785,135534.0,NEAR BAY
-121.47,38.52,42.0,2316.0,515.0,1597.0,522.0,1.8205,70350.0,INLAND
-122.13,38.26,40.0,1538.0,255.0,669.0,263.0,3.3281,135734.0,NEAR BAY
-122.05,37.33,21.0,2052.0,346.0,933.0,351.0,5.3167,333194.02,<1H OCEAN
-118.32,34.1,30.0,2193.0,965.0,2197.0,836.0,1.8277,232125.02,<1H OCEAN
-117.02,32.71,20.0,4050.0,745.0,2870.0,761.0,3.7366,133898.0,NEAR OCEAN
-122.01,37.18,37.0,3852.0,652.0,1534.0,567.0,5.8596,388638.1,<1H OCEAN
-122.09,37.4,26.0,3218.0,1021.0,2087.0,964.0,3.2875,267623.01,NEAR BAY
-118.27,33.99,38.0,1407.0,447.0,1783.0,402.0,1.8086,100594.0,<1H OCEAN
-118.19,33.95,41.0,1368.0,309.0,1244.0,312.0,3.0833,155654.0,<1H OCEAN
-117.23,32.99,17.0,2718.0,326.0,1011.0,319.0,15.0001,493477.8,NEAR OCEAN
-114.6,33.62,16.0,3741.0,801.0,2434.0,824.0,2.6797,77639.0,INLAND
-118.16,34.17,52.0,1193.0,228.0,703.0,221.0,3.1741,210022.0,<1H OCEAN
-122.47,37.78,52.0,2275.0,412.0,1166.0,424.0,4.0652,396999.01,NEAR BAY
-118.32,34.1,28.0,1759.0,716.0,1463.0,620.0,1.7306,212251.01,<1H OCEAN
-117.67,33.51,18.0,1645.0,393.0,1490.0,355.0,3.4792,178846.0,<1H OCEAN
-122.47,37.74,52.0,3797.0,668.0,1633.0,658.0,5.6787,429416.44,NEAR BAY
-117.22,32.81,21.0,1703.0,335.0,902.0,369.0,3.7813,214799.01,NEAR OCEAN
-122.28,37.87,52.0,589.0,132.0,288.0,131.0,3.5156,200119.0,NEAR BAY
-118.34,34.04,42.0,1681.0,360.0,987.0,337.0,2.6,174820.0,<1H OCEAN
-118.4,34.03,13.0,6152.0,1978.0,3397.0,1845.0,3.4058,297639.05,<1H OCEAN
-117.85,33.76,33.0,1866.0,327.0,1053.0,371.0,4.5461,215307.01,<1H OCEAN
-117.26,32.81,25.0,2076.0,586.0,1060.0,554.0,2.8421,235857.01,NEAR OCEAN
-118.43,34.05,52.0,1693.0,290.0,727.0,305.0,6.7115,453460.57,<1H OCEAN
-122.74,38.45,25.0,2696.0,496.0,1296.0,514.0,4.0798,203861.0,<1H OCEAN
-119.18,34.21,46.0,2062.0,484.0,1522.0,469.0,3.087,190374.0,NEAR OCEAN
-122.49,37.69,35.0,2576.0,443.0,1273.0,433.0,4.7391,274874.0,NEAR OCEAN
-117.51,33.88,24.0,3044.0,602.0,2541.0,564.0,4.131,156144.0,INLAND
-117.4,34.0,24.0,2316.0,599.0,1829.0,532.0,1.6955,95799.0,INLAND
-122.19,37.76,49.0,1368.0,282.0,790.0,269.0,1.7056,86072.0,NEAR BAY
-116.97,32.56,23.0,1262.0,294.0,5176.0,275.0,2.5625,136941.0,NEAR OCEAN
-122.32,37.92,22.0,1119.0,220.0,565.0,199.0,3.3594,241402.06,NEAR BAY
-121.78,37.69,35.0,2853.0,588.0,1761.0,572.0,4.3533,195572.0,INLAND
-118.26,33.97,44.0,1246.0,308.0,1031.0,295.0,1.9556,98867.0,<1H OCEAN
-122.69,38.37,8.0,6322.0,1001.0,2969.0,1043.0,4.8233,210080.0,<1H OCEAN
-118.25,33.99,41.0,2215.0,544.0,2054.0,480.0,1.5272,100037.0,<1H OCEAN
-117.06,32.63,29.0,4168.0,742.0,2096.0,713.0,4.2204,164075.0,NEAR OCEAN
-118.22,33.9,22.0,312.0,107.0,583.0,119.0,1.9423,124860.0,<1H OCEAN
-118.32,34.06,52.0,955.0,100.0,457.0,120.0,15.0001,499831.99,<1H OCEAN
-117.14,33.18,11.0,5546.0,974.0,2300.0,970.0,3.7109,189621.0,<1H OCEAN
-118.14,33.97,31.0,1161.0,267.0,1175.0,282.0,3.0114,171300.0,<1H OCEAN
-117.19,34.27,16.0,7961.0,1147.0,879.0,280.0,5.2146,177342.0,INLAND
-122.72,38.43,31.0,2020.0,476.0,1408.0,437.0,2.5735,160330.0,<1H OCEAN
-122.09,37.64,36.0,1885.0,307.0,853.0,271.0,4.1141,202143.04,NEAR BAY
-117.27,34.13,36.0,3337.0,687.0,2388.0,589.0,2.9628,88702.0,INLAND
-116.98,32.75,25.0,4137.0,662.0,1905.0,630.0,4.375,177006.0,<1H OCEAN
-122.12,37.82,26.0,2269.0,317.0,918.0,313.0,6.6657,348023.02,NEAR BAY
-121.96,37.95,25.0,4026.0,791.0,1850.0,709.0,4.1483,185981.0,INLAND
-117.31,33.16,17.0,1704.0,263.0,781.0,281.0,5.6605,299898.04,NEAR OCEAN
-124.15,40.8,47.0,1486.0,335.0,765.0,329.0,1.755,66947.0,NEAR OCEAN
-117.76,35.63,12.0,2014.0,372.0,1027.0,356.0,3.9261,86548.0,INLAND
-121.49,38.63,6.0,12197.0,2617.0,5634.0,2329.0,3.7449,142969.0,INLAND
-119.25,36.32,32.0,1821.0,345.0,812.0,299.0,2.75,76875.0,INLAND
-120.62,38.71,10.0,6305.0,1150.0,2597.0,921.0,4.0197,154651.0,INLAND
-118.18,33.8,15.0,2407.0,589.0,1591.0,506.0,3.0513,201981.01,NEAR OCEAN
-118.06,33.99,47.0,1588.0,309.0,827.0,292.0,3.7833,194946.0,<1H OCEAN
-122.11,37.7,19.0,2693.0,789.0,1765.0,724.0,2.4206,165914.0,NEAR BAY
-119.33,35.6,32.0,2703.0,683.0,2682.0,675.0,1.4619,53798.0,INLAND
-118.41,33.92,22.0,2340.0,584.0,1141.0,554.0,4.5729,360141.02,<1H OCEAN
-121.99,37.53,25.0,5405.0,939.0,2831.0,923.0,5.0423,248896.0,<1H OCEAN
-119.82,34.45,24.0,3592.0,533.0,1683.0,528.0,6.7247,384959.12,NEAR OCEAN
-117.08,32.75,20.0,1989.0,508.0,1452.0,462.0,2.0077,110363.0,NEAR OCEAN
-117.21,32.8,34.0,1398.0,222.0,532.0,244.0,3.7102,209194.04,NEAR OCEAN
-117.0,32.76,31.0,2545.0,373.0,956.0,342.0,4.3977,187301.0,<1H OCEAN
-120.35,36.16,18.0,1519.0,296.0,846.0,272.0,2.7792,76890.0,INLAND
-117.08,33.12,37.0,1060.0,268.0,823.0,229.0,1.8363,138022.0,<1H OCEAN
-118.39,34.03,25.0,3442.0,1050.0,1890.0,914.0,3.0574,325104.1,<1H OCEAN
-121.3,37.98,47.0,2373.0,461.0,990.0,444.0,4.175,163595.0,INLAND
-119.85,34.4,14.0,2307.0,650.0,5723.0,615.0,2.1652,209020.03,NEAR OCEAN
-117.64,33.45,26.0,1528.0,,607.0,218.0,6.2871,363421.27,NEAR OCEAN
-117.73,34.07,33.0,1921.0,489.0,1430.0,467.0,2.3406,119812.0,INLAND
-118.31,33.87,27.0,3348.0,695.0,1545.0,625.0,4.7543,273153.0,<1H OCEAN
-118.1,34.06,36.0,1463.0,369.0,1492.0,366.0,3.25,165508.0,<1H OCEAN
-121.97,37.77,13.0,7241.0,1007.0,3221.0,947.0,7.2216,343639.02,<1H OCEAN
-122.08,37.4,52.0,766.0,203.0,448.0,196.0,2.5208,205010.0,NEAR BAY
-121.92,37.72,4.0,7477.0,1576.0,2937.0,1506.0,5.1437,258030.0,<1H OCEAN
-117.8,33.69,13.0,1161.0,289.0,630.0,296.0,3.3438,209654.02,<1H OCEAN
-117.89,33.74,32.0,1562.0,365.0,2145.0,347.0,2.9167,164707.0,<1H OCEAN
-118.09,34.12,45.0,2966.0,415.0,1231.0,409.0,7.8347,476132.59,<1H OCEAN
-117.26,33.02,9.0,4632.0,759.0,1724.0,685.0,6.3712,333270.08,NEAR OCEAN
-118.06,33.82,24.0,3983.0,675.0,1568.0,638.0,4.6458,222887.0,<1H OCEAN
-117.59,33.41,17.0,2248.0,448.0,878.0,423.0,5.1298,318807.06,NEAR OCEAN
-117.39,33.98,37.0,2337.0,452.0,948.0,437.0,3.145,122693.0,INLAND
-118.54,34.25,26.0,2639.0,378.0,1191.0,401.0,6.2788,293531.01,<1H OCEAN
-122.23,38.12,49.0,2715.0,435.0,1006.0,429.0,4.2308,175434.0,NEAR BAY
-118.11,33.89,35.0,1139.0,197.0,772.0,233.0,4.375,190158.0,<1H OCEAN
-122.32,37.95,37.0,1887.0,353.0,895.0,359.0,4.45,181731.0,NEAR BAY
-121.02,37.61,33.0,1469.0,370.0,1318.0,349.0,1.7104,87246.0,INLAND
-116.31,33.65,8.0,3079.0,558.0,1572.0,474.0,4.5938,195350.0,INLAND
-117.24,34.15,23.0,3847.0,608.0,1621.0,630.0,4.6111,141506.0,INLAND
-122.1,37.66,35.0,686.0,142.0,480.0,149.0,3.875,173846.0,NEAR BAY
-118.45,34.03,41.0,2083.0,528.0,993.0,481.0,4.0231,430703.48,<1H OCEAN
-121.31,38.71,18.0,3998.0,744.0,2071.0,660.0,4.3836,140070.0,INLAND
-117.98,34.04,29.0,1468.0,310.0,1390.0,276.0,3.75,165637.0,<1H OCEAN
-120.14,36.04,27.0,2533.0,518.0,1371.0,461.0,2.9708,74288.0,INLAND
-117.96,33.65,23.0,5379.0,684.0,1826.0,555.0,7.0151,341770.0,<1H OCEAN
-121.78,37.34,21.0,1959.0,292.0,891.0,300.0,7.375,333410.02,<1H OCEAN
-117.81,33.73,17.0,1063.0,189.0,363.0,183.0,2.1719,172989.02,<1H OCEAN
-118.27,34.08,38.0,2265.0,801.0,2899.0,792.0,2.5521,193214.0,<1H OCEAN
-117.19,32.77,9.0,634.0,152.0,248.0,133.0,3.8571,202322.01,NEAR OCEAN
-118.28,34.11,46.0,1156.0,203.0,514.0,213.0,4.2019,300274.03,<1H OCEAN
-122.13,37.66,19.0,862.0,167.0,407.0,183.0,4.3456,206482.0,NEAR BAY
-117.36,33.97,32.0,1625.0,335.0,1212.0,327.0,2.7596,100435.0,INLAND
-118.56,34.22,34.0,1599.0,294.0,819.0,306.0,4.3194,220621.0,<1H OCEAN
-120.21,36.98,21.0,1667.0,303.0,861.0,276.0,2.6012,79501.0,INLAND
-118.15,33.78,12.0,4436.0,1133.0,2176.0,1002.0,3.5812,244385.01,NEAR OCEAN
-121.42,38.6,36.0,1327.0,209.0,613.0,230.0,3.8672,136444.0,INLAND
-118.18,33.77,37.0,2653.0,754.0,1087.0,698.0,2.3523,182429.0,NEAR OCEAN
-117.11,32.69,36.0,1421.0,367.0,1418.0,355.0,1.9425,89387.0,NEAR OCEAN
-118.42,34.29,34.0,1489.0,326.0,1389.0,313.0,3.4821,155167.0,<1H OCEAN
-118.74,34.05,19.0,3487.0,686.0,2782.0,584.0,7.9184,453159.59,NEAR OCEAN
-122.44,37.8,52.0,3149.0,719.0,1145.0,658.0,4.625,497672.93,NEAR BAY
-118.34,34.11,40.0,5485.0,1242.0,2034.0,1133.0,3.6974,361038.11,<1H OCEAN
-121.4,38.62,28.0,3671.0,886.0,1733.0,820.0,2.2292,112366.0,INLAND
-122.14,37.74,52.0,1071.0,201.0,440.0,192.0,4.0662,199781.0,NEAR BAY
-116.16,33.68,12.0,1230.0,277.0,1334.0,260.0,2.2679,72927.0,INLAND
-121.88,37.34,40.0,1547.0,625.0,1493.0,543.0,1.2887,208649.0,<1H OCEAN
-117.64,33.62,16.0,3970.0,771.0,1202.0,734.0,3.4115,229318.07,<1H OCEAN
-118.32,34.11,33.0,5135.0,1450.0,2404.0,1292.0,3.2462,308914.03,<1H OCEAN
-117.91,33.87,29.0,1121.0,,762.0,276.0,2.5,197769.01,<1H OCEAN
-118.05,33.99,42.0,2480.0,401.0,1085.0,438.0,5.193,270662.03,<1H OCEAN
-118.42,34.25,37.0,1545.0,341.0,1909.0,352.0,3.6791,154793.0,<1H OCEAN
-120.77,37.01,28.0,1689.0,378.0,1057.0,267.0,3.125,118316.0,INLAND
-118.35,34.18,46.0,1840.0,379.0,866.0,360.0,3.3056,244339.02,<1H OCEAN
-118.3,34.11,25.0,1590.0,218.0,568.0,206.0,8.4389,463852.66,<1H OCEAN
-117.93,33.87,10.0,1277.0,488.0,730.0,417.0,1.4803,154495.0,<1H OCEAN
-117.55,34.25,39.0,1578.0,317.0,872.0,322.0,4.555,165381.0,INLAND
-122.17,37.74,34.0,1223.0,281.0,824.0,280.0,2.2917,92247.0,NEAR BAY
-117.61,34.09,23.0,1945.0,362.0,1483.0,383.0,4.4205,147740.0,INLAND
-121.17,38.68,37.0,1252.0,267.0,686.0,256.0,3.0,116693.0,INLAND
-122.41,37.61,46.0,2975.0,643.0,1479.0,577.0,3.8214,273091.0,NEAR OCEAN
-118.46,34.3,32.0,2424.0,476.0,2291.0,419.0,4.0337,173530.0,<1H OCEAN
-122.7,38.35,16.0,1328.0,187.0,607.0,197.0,5.0366,220820.0,<1H OCEAN
-122.06,37.73,5.0,3596.0,467.0,1738.0,512.0,7.0568,347964.08,NEAR BAY
-121.81,38.45,24.0,1951.0,341.0,1140.0,338.0,3.7061,151487.0,INLAND
-117.65,34.14,9.0,3877.0,490.0,1815.0,490.0,8.4839,312383.0,INLAND
-122.45,37.72,52.0,982.0,197.0,653.0,171.0,4.2167,250934.0,NEAR BAY
-121.76,37.0,21.0,1416.0,269.0,779.0,200.0,3.1987,219950.02,<1H OCEAN
-122.44,37.66,21.0,5108.0,1510.0,3288.0,1405.0,3.1927,281640.01,NEAR OCEAN
-117.93,33.83,32.0,1792.0,411.0,1131.0,381.0,2.4942,184396.0,<1H OCEAN
-118.36,34.19,46.0,1676.0,322.0,846.0,295.0,5.1814,322139.02,<1H OCEAN
-122.24,37.79,27.0,1632.0,492.0,1171.0,429.0,2.3173,132117.0,NEAR BAY
-116.99,32.8,34.0,3657.0,538.0,1513.0,562.0,5.2907,202392.0,<1H OCEAN
-122.02,36.97,39.0,2124.0,661.0,1365.0,606.0,1.6642,221716.0,NEAR OCEAN
-117.85,33.78,23.0,3187.0,870.0,1977.0,852.0,3.3939,214742.0,<1H OCEAN
-122.2,37.96,9.0,6306.0,962.0,2581.0,911.0,6.7741,370121.15,NEAR BAY
-122.38,40.56,23.0,2281.0,408.0,1164.0,420.0,3.5347,103186.0,INLAND
-117.0,32.85,24.0,1888.0,319.0,950.0,319.0,5.282,186523.0,<1H OCEAN
-117.1,32.83,16.0,1049.0,154.0,467.0,160.0,6.2047,231562.0,<1H OCEAN
-118.18,33.78,36.0,1697.0,550.0,1379.0,434.0,1.2746,151380.0,NEAR OCEAN
-117.82,33.73,27.0,1270.0,258.0,809.0,264.0,5.0162,207386.0,<1H OCEAN
-120.46,34.63,48.0,1408.0,301.0,682.0,279.0,2.9271,202212.02,NEAR OCEAN
-118.73,36.01,14.0,3263.0,651.0,1910.0,594.0,2.8603,84164.0,INLAND
-119.7,36.83,23.0,3532.0,756.0,1885.0,758.0,2.5904,90300.0,INLAND
-118.32,34.05,50.0,1389.0,364.0,976.0,302.0,1.5882,199049.0,<1H OCEAN
-119.1,36.4,31.0,1533.0,361.0,1518.0,386.0,1.5608,50004.0,INLAND
-118.22,33.83,44.0,1792.0,404.0,1115.0,358.0,3.9091,173656.0,<1H OCEAN
-118.98,37.65,18.0,1795.0,416.0,483.0,208.0,4.5375,138177.0,INLAND
-123.02,38.81,45.0,1717.0,389.0,916.0,367.0,3.2425,138907.0,<1H OCEAN
-122.06,37.38,20.0,4293.0,1272.0,2389.0,1210.0,4.2719,312999.13,NEAR BAY
-122.3,37.88,45.0,453.0,146.0,749.0,137.0,1.475,162918.05,NEAR BAY
-121.54,39.6,15.0,886.0,204.0,576.0,205.0,2.1467,85615.0,INLAND
-121.53,38.48,5.0,27870.0,5027.0,11935.0,4855.0,4.8811,181544.0,INLAND
-118.26,33.95,38.0,1387.0,346.0,1240.0,355.0,1.6898,95594.0,<1H OCEAN
-117.73,34.12,26.0,6459.0,894.0,2487.0,885.0,6.2089,246985.0,INLAND
-122.0,37.36,17.0,6012.0,1737.0,3539.0,1625.0,3.8464,268756.02,<1H OCEAN
-115.49,32.67,24.0,1266.0,275.0,1083.0,298.0,1.4828,72611.0,INLAND
-118.28,34.09,49.0,3828.0,1197.0,2862.0,1009.0,2.4677,240516.01,<1H OCEAN
-118.39,33.86,28.0,3619.0,764.0,1735.0,789.0,6.1404,401833.16,<1H OCEAN
-117.15,34.06,25.0,3670.0,644.0,1815.0,634.0,4.0658,130821.0,INLAND
-122.29,37.94,20.0,7578.0,1426.0,3637.0,1362.0,4.4387,212067.04,NEAR BAY
-118.55,34.2,21.0,2549.0,651.0,1624.0,628.0,3.6905,229288.0,<1H OCEAN
-118.15,33.93,42.0,1839.0,346.0,1034.0,339.0,4.9808,213178.0,<1H OCEAN
-121.18,37.99,31.0,2450.0,559.0,1459.0,478.0,2.4674,108596.0,INLAND
-122.24,37.8,52.0,996.0,228.0,731.0,228.0,2.2697,140617.01,NEAR BAY
-116.11,33.64,20.0,1273.0,354.0,1548.0,355.0,2.0871,62853.0,INLAND
-118.31,34.02,52.0,1832.0,441.0,1186.0,420.0,1.2434,117355.0,<1H OCEAN
-118.55,33.99,39.0,2603.0,456.0,928.0,410.0,7.9096,489055.71,NEAR OCEAN
-121.34,38.55,11.0,2838.0,498.0,1701.0,504.0,4.1447,159757.0,INLAND
-121.09,37.33,40.0,524.0,112.0,329.0,96.0,1.7188,89239.0,INLAND
-118.13,34.01,40.0,2412.0,629.0,2119.0,600.0,2.075,152731.0,<1H OCEAN
-122.26,38.1,30.0,3317.0,1058.0,1794.0,990.0,1.1835,138114.03,NEAR BAY
-123.91,41.68,22.0,1880.0,360.0,743.0,314.0,2.9688,107639.0,<1H OCEAN
-117.91,33.83,32.0,1855.0,527.0,2568.0,504.0,2.5509,170228.0,<1H OCEAN
-117.28,32.77,38.0,1267.0,340.0,442.0,250.0,4.3403,369113.21,NEAR OCEAN
-118.24,33.92,44.0,1079.0,210.0,601.0,182.0,2.2411,111761.0,<1H OCEAN
-118.75,34.17,16.0,2950.0,387.0,1228.0,379.0,5.3749,295391.06,NEAR OCEAN
-119.81,36.28,24.0,544.0,112.0,442.0,106.0,3.1071,103097.0,INLAND
-121.4,39.33,15.0,2655.0,493.0,1200.0,432.0,3.5179,120645.0,INLAND
-118.04,34.07,52.0,177.0,59.0,269.0,75.0,2.3611,228341.16,<1H OCEAN
-117.71,34.1,52.0,567.0,152.0,2688.0,126.0,1.875,103798.0,INLAND
-118.18,33.88,42.0,2326.0,503.0,1832.0,501.0,3.1713,153342.0,<1H OCEAN
-118.36,33.87,22.0,2114.0,541.0,1300.0,538.0,3.4208,264703.0,<1H OCEAN
-118.05,34.08,25.0,4909.0,1422.0,4983.0,1293.0,2.7254,181948.0,<1H OCEAN
-121.36,38.0,17.0,4535.0,762.0,1562.0,743.0,5.3224,222302.0,INLAND
-117.8,33.74,33.0,2890.0,453.0,1300.0,452.0,6.5616,345251.09,<1H OCEAN
-121.31,37.96,52.0,2654.0,468.0,1157.0,494.0,3.226,124104.0,INLAND
-117.26,34.53,10.0,3103.0,520.0,1283.0,464.0,3.071,104079.0,INLAND
-118.31,34.01,48.0,2544.0,532.0,1357.0,498.0,2.5263,142191.0,<1H OCEAN
-117.69,33.64,18.0,3783.0,654.0,1843.0,623.0,5.7559,243785.0,<1H OCEAN
-122.12,39.91,16.0,4006.0,797.0,2028.0,752.0,2.3929,89090.0,INLAND
-118.07,33.98,32.0,3304.0,714.0,2032.0,690.0,3.2093,184783.0,<1H OCEAN
-121.79,37.33,13.0,2978.0,505.0,1794.0,485.0,6.6813,310785.0,<1H OCEAN
-118.08,34.14,52.0,1282.0,189.0,431.0,187.0,6.1159,353841.07,INLAND
-116.97,33.75,22.0,3740.0,965.0,2011.0,824.0,1.3039,87246.0,INLAND
-121.9,37.45,16.0,2952.0,446.0,1525.0,460.0,5.6063,254089.0,<1H OCEAN
-120.46,37.31,35.0,2042.0,378.0,953.0,356.0,2.7344,86313.0,INLAND
-122.41,40.53,28.0,1127.0,245.0,538.0,208.0,2.037,70731.0,INLAND
-118.42,34.28,29.0,1271.0,272.0,1338.0,266.0,4.125,171626.0,<1H OCEAN
-122.1,40.05,26.0,633.0,129.0,305.0,140.0,2.1827,68737.0,INLAND
-118.06,33.98,38.0,1862.0,319.0,975.0,305.0,4.7266,212677.0,<1H OCEAN
-121.03,39.14,10.0,3138.0,524.0,1275.0,511.0,4.0775,182049.0,INLAND
-119.71,36.79,34.0,1891.0,323.0,966.0,355.0,3.6681,91548.0,INLAND
-117.69,34.0,28.0,707.0,154.0,561.0,129.0,2.5781,157986.0,INLAND
-122.01,37.59,2.0,838.0,295.0,240.0,149.0,2.875,235463.04,NEAR BAY
-115.88,32.93,15.0,208.0,49.0,51.0,20.0,4.0208,182833.04,INLAND
-121.74,39.15,20.0,2302.0,412.0,1205.0,399.0,2.8,109609.0,INLAND
-117.3,34.13,52.0,1859.0,395.0,968.0,333.0,1.2034,76495.0,INLAND
-117.95,33.85,13.0,6963.0,1426.0,3892.0,1375.0,4.1325,207657.0,<1H OCEAN
-122.35,37.93,39.0,2002.0,416.0,1166.0,395.0,1.7257,92645.0,NEAR BAY
-120.72,37.38,22.0,1311.0,319.0,1455.0,340.0,2.2813,87427.0,INLAND
-121.09,37.56,32.0,1717.0,325.0,1356.0,307.0,2.6705,99540.0,INLAND
-120.33,37.97,17.0,2530.0,526.0,1024.0,496.0,2.0057,115378.0,INLAND
-117.34,33.94,13.0,7910.0,,3382.0,1176.0,5.5563,201013.0,INLAND
-119.91,34.4,24.0,2001.0,365.0,1170.0,330.0,6.0992,332019.04,NEAR OCEAN
-121.59,39.1,24.0,1107.0,261.0,768.0,205.0,1.7167,79968.0,INLAND
-119.83,36.79,35.0,1872.0,363.0,1054.0,369.0,3.3272,88404.0,INLAND
-116.92,32.81,23.0,2668.0,528.0,1510.0,524.0,3.3669,163382.0,<1H OCEAN
-121.93,37.27,35.0,1855.0,345.0,985.0,329.0,6.0196,311757.0,<1H OCEAN
-118.46,34.07,49.0,2418.0,301.0,850.0,318.0,14.2867,500001.0,<1H OCEAN
-120.98,37.64,45.0,1913.0,335.0,839.0,333.0,3.1397,123134.0,INLAND
-121.76,37.7,9.0,3980.0,736.0,1705.0,679.0,5.7068,241326.0,INLAND
-122.06,37.67,22.0,3882.0,816.0,1830.0,743.0,4.2733,223334.0,NEAR BAY
-122.77,38.33,32.0,2054.0,324.0,843.0,306.0,4.5875,254953.0,<1H OCEAN
-117.21,34.12,32.0,1677.0,354.0,1021.0,339.0,3.6853,107253.0,INLAND
-117.66,34.14,8.0,1692.0,253.0,857.0,251.0,6.9418,275807.0,INLAND
-120.89,37.21,25.0,3301.0,678.0,994.0,306.0,3.2262,132682.0,INLAND
-120.4,34.85,26.0,2384.0,385.0,1323.0,400.0,4.8185,213190.01,<1H OCEAN
-118.33,33.89,42.0,1816.0,338.0,897.0,306.0,5.1874,255611.03,<1H OCEAN
-121.89,37.28,32.0,4308.0,717.0,2002.0,695.0,4.1645,240799.0,<1H OCEAN
-118.35,33.89,29.0,2940.0,708.0,2175.0,684.0,3.6486,232599.0,<1H OCEAN
-122.66,38.81,22.0,852.0,176.0,461.0,142.0,3.4375,134208.0,INLAND
-117.76,33.53,24.0,2105.0,346.0,712.0,332.0,10.6349,496869.87,<1H OCEAN
-117.9,33.74,25.0,808.0,163.0,1066.0,189.0,4.7679,183554.0,<1H OCEAN
-118.3,33.88,35.0,3227.0,749.0,1881.0,696.0,2.8445,215454.0,<1H OCEAN
-118.87,35.65,33.0,1504.0,325.0,584.0,223.0,3.4792,84980.0,INLAND
-119.28,36.35,7.0,3598.0,701.0,2080.0,678.0,3.1111,87813.0,INLAND
-117.31,32.98,17.0,2789.0,648.0,849.0,345.0,4.1012,291065.04,NEAR OCEAN
-119.83,34.45,24.0,2168.0,373.0,934.0,366.0,5.4197,319824.01,NEAR OCEAN
-121.26,37.98,41.0,1633.0,433.0,885.0,413.0,0.9782,65911.0,INLAND
-122.3,38.3,44.0,3690.0,809.0,1922.0,736.0,2.6346,156749.0,NEAR BAY
-118.34,33.88,31.0,3122.0,727.0,1885.0,715.0,3.8657,253993.0,<1H OCEAN
-117.13,32.8,35.0,2129.0,382.0,1044.0,350.0,3.9732,172189.01,NEAR OCEAN
-117.5,33.92,31.0,2529.0,513.0,1504.0,426.0,2.9821,118643.0,INLAND
-118.2,34.02,48.0,2230.0,593.0,2419.0,598.0,2.3944,141417.0,<1H OCEAN
-118.28,33.99,38.0,1454.0,323.0,1098.0,297.0,1.5109,98792.0,<1H OCEAN
-121.94,37.83,11.0,2836.0,373.0,959.0,335.0,10.5815,448338.66,INLAND
-122.19,37.8,48.0,1694.0,259.0,610.0,238.0,4.744,235447.0,NEAR BAY
-118.25,33.9,37.0,2119.0,442.0,1372.0,406.0,1.9605,105002.0,<1H OCEAN
-118.25,33.79,38.0,1730.0,460.0,1724.0,424.0,2.7308,153981.0,NEAR OCEAN
-121.06,38.88,17.0,7635.0,1284.0,3096.0,1227.0,4.2917,178160.0,INLAND
-122.19,39.53,34.0,2679.0,533.0,1287.0,505.0,2.165,65078.0,INLAND
-117.2,32.83,36.0,1089.0,240.0,623.0,226.0,2.5909,214193.0,NEAR OCEAN
-117.86,33.79,31.0,3523.0,922.0,2660.0,949.0,3.1792,195956.0,<1H OCEAN
-124.01,40.89,28.0,1470.0,336.0,811.0,314.0,2.4559,93172.0,<1H OCEAN
-120.2,34.61,15.0,2958.0,690.0,1348.0,617.0,3.8582,242992.01,NEAR OCEAN
-120.97,37.63,39.0,2360.0,607.0,2047.0,605.0,1.7054,76365.0,INLAND
-121.62,37.09,37.0,1593.0,303.0,1030.0,287.0,3.9306,229168.0,<1H OCEAN
-117.17,32.81,26.0,2424.0,388.0,974.0,375.0,4.739,206205.0,NEAR OCEAN
-117.09,32.76,31.0,1235.0,387.0,816.0,397.0,1.5517,128168.0,NEAR OCEAN
-122.24,37.81,52.0,1490.0,238.0,634.0,256.0,6.0302,357949.06,NEAR BAY
-121.34,38.58,18.0,1631.0,228.0,599.0,228.0,7.8031,262048.0,INLAND
-118.28,34.03,26.0,2107.0,809.0,2821.0,572.0,0.844,180567.0,<1H OCEAN
-121.88,37.41,23.0,3224.0,652.0,2183.0,655.0,4.3807,203211.0,<1H OCEAN
-117.11,33.15,14.0,8374.0,1407.0,2916.0,1295.0,4.7019,212183.0,<1H OCEAN
-118.32,33.98,44.0,1448.0,314.0,861.0,310.0,2.2396,122034.0,<1H OCEAN
-122.05,37.31,25.0,4601.0,696.0,2003.0,666.0,8.0727,414397.16,<1H OCEAN
-122.3,38.28,31.0,1633.0,316.0,944.0,300.0,3.3977,144077.0,NEAR BAY
-121.43,38.62,36.0,1765.0,438.0,1008.0,382.0,2.0639,78369.0,INLAND
-123.23,39.77,25.0,2075.0,435.0,991.0,377.0,1.2281,70033.0,INLAND
-116.95,33.79,20.0,2399.0,546.0,1726.0,542.0,1.8845,85286.0,INLAND
-121.01,37.7,12.0,9148.0,1906.0,4656.0,1853.0,3.2447,145192.0,INLAND
-121.2,38.36,14.0,2634.0,463.0,1402.0,432.0,3.8897,148230.0,INLAND
-118.15,33.92,40.0,1335.0,281.0,804.0,282.0,4.3194,188403.0,<1H OCEAN
-122.08,37.39,44.0,1498.0,430.0,848.0,400.0,2.8438,208999.0,NEAR BAY
-121.24,37.96,37.0,1175.0,260.0,951.0,267.0,2.875,84495.0,INLAND
-118.02,33.77,33.0,2683.0,436.0,1520.0,456.0,5.0091,234417.0,<1H OCEAN
-121.3,38.14,17.0,3507.0,696.0,1867.0,709.0,3.2123,115701.0,INLAND
-118.27,33.99,30.0,504.0,140.0,529.0,123.0,1.9531,102647.0,<1H OCEAN
-119.95,37.47,32.0,1312.0,315.0,600.0,265.0,1.5,96355.0,INLAND
-122.04,38.25,52.0,582.0,131.0,241.0,106.0,2.4,111872.0,INLAND
-121.84,37.4,25.0,1866.0,271.0,840.0,275.0,6.8677,322126.03,<1H OCEAN
-117.91,33.87,52.0,2031.0,506.0,1191.0,463.0,2.9076,191974.01,<1H OCEAN
-117.94,33.88,35.0,1694.0,296.0,679.0,282.0,4.3333,223818.0,<1H OCEAN
-119.01,35.44,20.0,3458.0,651.0,1465.0,621.0,2.5806,84900.0,INLAND
-121.44,39.5,26.0,1652.0,325.0,790.0,292.0,3.0446,80496.0,INLAND
-122.25,40.15,15.0,1677.0,346.0,858.0,327.0,2.4375,94701.0,INLAND
-118.16,33.84,36.0,2444.0,432.0,1199.0,424.0,4.1538,221809.01,<1H OCEAN
-118.3,33.89,37.0,2132.0,565.0,1369.0,565.0,3.285,193144.0,<1H OCEAN
-117.66,33.46,26.0,2073.0,370.0,952.0,340.0,5.0877,281729.03,<1H OCEAN
-118.32,34.11,42.0,2462.0,543.0,857.0,482.0,4.0833,414296.31,<1H OCEAN
-122.68,38.44,36.0,1311.0,259.0,648.0,268.0,3.4545,171402.0,<1H OCEAN
-121.84,39.73,52.0,957.0,263.0,513.0,223.0,1.3672,88920.0,INLAND
-121.26,37.93,33.0,2109.0,531.0,2248.0,588.0,1.4583,68965.0,INLAND
-118.19,34.05,46.0,1051.0,302.0,1435.0,305.0,1.6667,133930.0,<1H OCEAN
-117.74,34.07,42.0,2504.0,553.0,1550.0,509.0,3.0294,127332.0,INLAND
-121.62,39.15,23.0,1984.0,528.0,1043.0,452.0,1.9375,85422.0,INLAND
-118.92,35.38,33.0,3122.0,579.0,1733.0,545.0,3.8307,88180.0,INLAND
-122.72,38.42,26.0,1168.0,253.0,937.0,248.0,1.9458,149245.0,<1H OCEAN
-122.01,38.25,16.0,1081.0,181.0,792.0,184.0,4.6779,202733.0,INLAND
-118.18,33.83,39.0,3622.0,745.0,1330.0,648.0,3.3125,284185.0,NEAR OCEAN
-119.78,34.45,23.0,2077.0,306.0,705.0,256.0,6.4744,318207.02,NEAR OCEAN
-118.29,34.09,35.0,2624.0,1116.0,3548.0,1008.0,2.0132,211797.0,<1H OCEAN
-122.47,37.78,52.0,2042.0,378.0,1153.0,408.0,4.1856,400732.01,NEAR BAY
-122.36,37.94,26.0,1540.0,343.0,1007.0,338.0,1.3365,91218.0,NEAR BAY
-117.68,33.51,19.0,2930.0,428.0,1481.0,430.0,6.323,290816.0,<1H OCEAN
-117.61,33.42,31.0,3959.0,856.0,1919.0,775.0,4.0313,285077.02,NEAR OCEAN
-121.9,37.67,15.0,2130.0,273.0,876.0,285.0,7.2639,320083.0,<1H OCEAN
-118.14,33.77,51.0,2812.0,621.0,1171.0,566.0,3.875,383581.02,NEAR OCEAN
-122.42,37.77,52.0,1176.0,493.0,1136.0,436.0,1.375,214606.03,NEAR BAY
-118.12,34.0,31.0,3281.0,768.0,2385.0,733.0,2.7308,183977.0,<1H OCEAN
-121.43,38.58,35.0,5298.0,954.0,1933.0,918.0,3.9167,150995.0,INLAND
-118.17,33.96,25.0,3297.0,1066.0,5027.0,1041.0,2.2817,154039.0,<1H OCEAN
-122.13,37.72,26.0,2862.0,394.0,1030.0,397.0,7.912,425257.11,NEAR BAY
-118.3,33.97,42.0,944.0,200.0,567.0,190.0,2.6311,131653.0,<1H OCEAN
-121.87,37.41,24.0,3308.0,548.0,1891.0,544.0,5.6683,248218.0,<1H OCEAN
-123.36,39.01,35.0,1551.0,321.0,857.0,288.0,2.7232,123082.0,<1H OCEAN
-122.41,37.8,52.0,3260.0,1535.0,3260.0,1457.0,0.9,278766.21,NEAR BAY
-121.99,36.99,29.0,3119.0,507.0,1476.0,487.0,5.8123,376719.28,NEAR OCEAN
-119.05,35.42,35.0,2353.0,483.0,1368.0,455.0,2.325,64408.0,INLAND
-116.9,34.25,16.0,3018.0,523.0,556.0,244.0,3.5288,145342.0,INLAND
-118.35,33.99,48.0,2741.0,439.0,1115.0,459.0,5.0514,248982.02,<1H OCEAN
-122.04,36.95,36.0,1862.0,364.0,1080.0,364.0,4.4567,251027.01,NEAR OCEAN
-122.01,36.95,52.0,1217.0,325.0,508.0,237.0,2.0547,230130.0,NEAR OCEAN
-122.02,37.95,25.0,1205.0,260.0,608.0,272.0,2.4519,167388.0,NEAR BAY
-118.05,33.87,18.0,4928.0,773.0,2952.0,754.0,5.8855,304712.08,<1H OCEAN
-116.93,32.79,19.0,3354.0,,1948.0,682.0,3.0192,173199.0,<1H OCEAN
-117.22,34.12,30.0,2512.0,597.0,1390.0,523.0,2.3725,85831.0,INLAND
-119.83,36.79,24.0,3505.0,819.0,2098.0,774.0,1.9575,66896.0,INLAND
-118.28,33.96,34.0,2074.0,562.0,1913.0,514.0,1.6156,97980.0,<1H OCEAN
-119.71,36.82,12.0,2144.0,568.0,1320.0,566.0,2.3381,76805.0,INLAND
-118.27,33.96,38.0,977.0,295.0,1073.0,292.0,1.0208,94080.0,<1H OCEAN
-118.26,33.89,36.0,2230.0,417.0,1395.0,381.0,2.8493,128600.0,<1H OCEAN
-122.48,37.74,52.0,2166.0,423.0,1072.0,370.0,4.131,321696.01,NEAR OCEAN
-118.08,34.12,34.0,2921.0,641.0,1541.0,562.0,3.6827,239054.0,<1H OCEAN
-118.0,33.81,13.0,2782.0,605.0,1749.0,628.0,4.1276,189660.0,<1H OCEAN
-118.2,33.98,43.0,1091.0,320.0,1418.0,316.0,2.1522,154082.0,<1H OCEAN
-118.3,34.01,52.0,1908.0,428.0,1271.0,394.0,2.5885,126345.0,<1H OCEAN
-122.44,37.76,38.0,2202.0,452.0,833.0,435.0,6.8939,398433.21,NEAR BAY
-117.94,33.62,28.0,1765.0,390.0,832.0,349.0,6.5928,421941.22,<1H OCEAN
-121.48,38.53,43.0,1378.0,280.0,708.0,280.0,2.3542,103521.0,INLAND
-117.32,34.1,27.0,2053.0,461.0,1737.0,463.0,3.1213,105705.0,INLAND
-122.1,37.89,21.0,3282.0,653.0,1398.0,601.0,5.2079,297259.01,NEAR BAY
-117.97,33.92,24.0,2017.0,416.0,900.0,436.0,3.0,185841.0,<1H OCEAN
-118.3,34.06,21.0,3960.0,1490.0,3468.0,1335.0,1.8214,251698.04,<1H OCEAN
-117.91,33.72,32.0,2436.0,504.0,2839.0,516.0,4.5607,191838.01,<1H OCEAN
-118.33,34.04,33.0,1806.0,444.0,1161.0,393.0,2.5927,179469.0,<1H OCEAN
-121.47,38.55,52.0,1384.0,295.0,561.0,244.0,2.0242,104559.0,INLAND
-117.82,33.68,3.0,3068.0,494.0,1357.0,486.0,7.9187,340362.01,<1H OCEAN
-117.94,33.82,29.0,1422.0,409.0,1057.0,390.0,2.3347,179099.0,<1H OCEAN
-122.28,37.86,52.0,938.0,195.0,393.0,189.0,3.8594,206046.0,NEAR BAY
-117.64,33.45,27.0,334.0,56.0,130.0,46.0,4.875,298921.05,NEAR OCEAN
-122.13,39.0,23.0,3832.0,774.0,2435.0,747.0,2.2754,87141.0,INLAND
-118.44,34.2,28.0,1732.0,435.0,1198.0,417.0,2.9219,203848.0,<1H OCEAN
-119.58,36.77,19.0,3225.0,548.0,1760.0,542.0,4.0227,95903.0,INLAND
-118.28,33.99,37.0,1971.0,513.0,1673.0,464.0,1.4625,99182.0,<1H OCEAN
-121.4,38.55,26.0,2697.0,398.0,1088.0,389.0,5.0,159601.0,INLAND
-118.21,33.84,28.0,822.0,205.0,627.0,192.0,3.4583,158399.0,<1H OCEAN
-119.01,35.36,38.0,1838.0,388.0,1203.0,373.0,1.6797,55899.0,INLAND
-117.63,34.02,13.0,4864.0,729.0,2780.0,723.0,5.6168,199767.0,INLAND
-118.18,33.77,36.0,1833.0,688.0,1128.0,620.0,1.1483,151309.0,NEAR OCEAN
-118.32,34.02,51.0,2010.0,460.0,1355.0,433.0,2.0304,120132.0,<1H OCEAN
-121.49,38.53,42.0,1468.0,281.0,571.0,271.0,3.3906,109800.0,INLAND
-120.39,38.0,33.0,2177.0,404.0,891.0,383.0,3.212,112991.0,INLAND
-118.21,34.05,26.0,745.0,258.0,694.0,236.0,1.3846,163689.0,<1H OCEAN
-118.22,33.94,42.0,1046.0,287.0,1218.0,289.0,2.6538,129870.0,<1H OCEAN
-118.19,33.91,33.0,915.0,225.0,826.0,212.0,2.7708,130256.0,<1H OCEAN
-118.41,34.01,26.0,2503.0,449.0,1218.0,426.0,5.3683,418874.3,<1H OCEAN
-118.12,34.14,25.0,3420.0,977.0,1718.0,947.0,3.1033,215620.0,<1H OCEAN
-122.34,37.57,28.0,3751.0,949.0,1691.0,846.0,3.9728,363769.03,NEAR OCEAN
-122.53,38.32,22.0,3577.0,,1371.0,501.0,5.795,286787.0,<1H OCEAN
-121.62,36.43,20.0,1335.0,290.0,717.0,243.0,4.7891,243084.01,<1H OCEAN
-117.87,33.72,37.0,2216.0,497.0,2445.0,506.0,3.8421,178883.0,<1H OCEAN
-120.69,35.52,26.0,2758.0,571.0,1291.0,522.0,2.925,176737.0,<1H OCEAN
-121.87,37.66,27.0,1569.0,242.0,583.0,214.0,5.7519,295783.0,INLAND
-117.73,33.51,5.0,4549.0,786.0,1238.0,632.0,6.1785,356341.16,<1H OCEAN
-121.99,37.33,35.0,1802.0,291.0,841.0,315.0,4.8365,262469.0,<1H OCEAN
-122.01,37.06,19.0,4113.0,767.0,2006.0,732.0,5.1121,325033.02,NEAR OCEAN
-119.64,37.61,30.0,2857.0,661.0,291.0,135.0,2.6838,128594.0,INLAND
-117.23,32.75,23.0,2415.0,653.0,1275.0,596.0,3.1389,235406.0,NEAR OCEAN
-117.16,32.89,5.0,8576.0,1952.0,5006.0,1827.0,4.3598,214054.0,<1H OCEAN
-117.98,33.76,24.0,1880.0,405.0,967.0,418.0,4.4545,205772.0,<1H OCEAN
-118.07,34.11,47.0,832.0,194.0,419.0,156.0,3.1576,224261.01,<1H OCEAN
-122.45,37.78,45.0,2747.0,699.0,1320.0,693.0,3.1576,366619.12,NEAR BAY
-122.22,38.08,37.0,2811.0,,1574.0,516.0,3.1053,118481.0,NEAR BAY
-118.25,34.0,32.0,1218.0,342.0,1292.0,304.0,1.5781,105209.0,<1H OCEAN
-121.96,36.99,23.0,3209.0,748.0,1423.0,666.0,2.7375,234450.01,NEAR OCEAN
-118.28,34.25,35.0,2045.0,450.0,1166.0,407.0,3.5214,221902.0,<1H OCEAN
-118.38,34.3,39.0,1622.0,355.0,903.0,314.0,4.1125,198336.0,<1H OCEAN
-118.37,34.08,22.0,3008.0,938.0,1224.0,816.0,3.2149,364272.13,<1H OCEAN
-121.33,38.7,15.0,2226.0,421.0,1004.0,417.0,2.7868,130805.0,INLAND
-118.08,34.14,42.0,2690.0,589.0,1149.0,535.0,3.88,282203.0,INLAND
-122.26,38.16,23.0,2840.0,491.0,1586.0,466.0,4.0337,145618.0,NEAR BAY
-118.43,34.29,50.0,1181.0,265.0,1196.0,269.0,3.2095,219167.05,<1H OCEAN
-122.44,37.76,30.0,5089.0,1210.0,1935.0,1139.0,4.6053,412287.21,NEAR BAY
-120.86,37.77,28.0,1208.0,232.0,535.0,232.0,2.3523,101438.0,INLAND
-117.89,33.82,21.0,1591.0,298.0,904.0,297.0,4.8906,209926.0,<1H OCEAN
-121.37,38.6,36.0,1119.0,144.0,414.0,150.0,5.8336,218712.01,INLAND
-118.14,33.95,42.0,1413.0,228.0,630.0,219.0,6.8564,431055.41,<1H OCEAN
-122.07,37.66,21.0,5031.0,1168.0,2461.0,1042.0,3.875,230127.02,NEAR BAY
-118.56,34.41,4.0,17313.0,3224.0,6902.0,2707.0,5.6798,291612.05,<1H OCEAN
-121.88,37.27,24.0,4567.0,688.0,2102.0,695.0,5.6895,260844.0,<1H OCEAN
-122.2,37.77,39.0,2689.0,597.0,1888.0,537.0,2.2562,108069.0,NEAR BAY
-118.34,34.17,49.0,3033.0,580.0,1284.0,561.0,4.1161,288126.03,<1H OCEAN
-122.43,37.61,21.0,10252.0,2595.0,4790.0,2428.0,4.1692,328553.07,NEAR OCEAN
-117.99,33.68,13.0,4000.0,883.0,1999.0,881.0,4.7245,259307.0,<1H OCEAN
-121.91,37.33,52.0,2212.0,563.0,1195.0,532.0,2.894,201367.0,<1H OCEAN
-118.32,33.88,37.0,1402.0,254.0,722.0,251.0,6.4781,399798.23,<1H OCEAN
-122.05,37.97,16.0,60.0,10.0,65.0,19.0,6.1359,228085.0,NEAR BAY
-122.2,39.75,18.0,2603.0,576.0,1616.0,588.0,2.0192,73277.0,INLAND
-123.85,39.42,11.0,1804.0,506.0,895.0,451.0,1.7574,99775.0,<1H OCEAN
-118.9,34.2,16.0,6510.0,817.0,2304.0,778.0,7.9943,408762.07,<1H OCEAN
-120.86,37.6,25.0,1178.0,206.0,709.0,214.0,4.5625,154855.0,INLAND
-122.26,38.57,22.0,509.0,103.0,139.0,73.0,2.1979,118969.99,INLAND
-118.36,33.9,42.0,1935.0,388.0,1136.0,379.0,4.74,231859.0,<1H OCEAN
-117.57,33.9,7.0,3797.0,850.0,2369.0,720.0,3.5525,145900.0,INLAND
-119.69,34.43,37.0,2801.0,497.0,1150.0,476.0,5.8311,393164.22,<1H OCEAN
-121.92,36.56,39.0,2144.0,538.0,749.0,419.0,2.7039,259848.01,NEAR OCEAN
-121.47,38.61,35.0,1372.0,360.0,850.0,328.0,1.6331,68185.0,INLAND
-118.4,34.1,27.0,3979.0,510.0,1351.0,520.0,15.0001,500001.0,<1H OCEAN
-119.87,36.83,4.0,4833.0,784.0,2088.0,789.0,5.1781,146344.0,INLAND
-120.42,34.94,32.0,2844.0,551.0,1337.0,516.0,2.7188,148808.0,<1H OCEAN
-121.27,38.05,26.0,378.0,75.0,164.0,65.0,3.4107,142730.0,INLAND
-118.15,33.85,36.0,1435.0,249.0,606.0,234.0,4.1439,215060.0,<1H OCEAN
-122.2,37.9,36.0,2107.0,287.0,740.0,280.0,10.3416,493575.91,NEAR BAY
-118.16,33.78,14.0,1709.0,558.0,1939.0,520.0,1.9808,155645.0,NEAR OCEAN
-122.38,37.59,49.0,1657.0,266.0,613.0,270.0,5.7837,400854.21,NEAR OCEAN
-118.2,33.9,26.0,1000.0,275.0,1178.0,263.0,2.12,119452.0,<1H OCEAN
-118.23,33.91,33.0,677.0,182.0,984.0,174.0,2.5893,102179.0,<1H OCEAN
-121.4,38.63,31.0,1540.0,452.0,1079.0,444.0,1.8571,74986.0,INLAND
-121.82,37.81,12.0,4711.0,659.0,2089.0,621.0,8.3209,333922.06,INLAND
-118.29,34.08,43.0,3056.0,1345.0,3920.0,1304.0,1.925,216507.01,<1H OCEAN
-118.55,34.17,36.0,2127.0,297.0,761.0,274.0,7.8392,485531.81,<1H OCEAN
-117.85,33.81,32.0,1766.0,322.0,876.0,330.0,4.0417,223838.0,<1H OCEAN
-117.83,33.81,28.0,1972.0,315.0,970.0,326.0,5.4298,237215.0,<1H OCEAN
-122.47,37.74,52.0,1538.0,305.0,819.0,319.0,4.0846,317262.01,NEAR BAY
-120.18,34.75,17.0,2074.0,382.0,1035.0,359.0,3.7958,205076.01,<1H OCEAN
-116.99,33.2,17.0,2980.0,539.0,1531.0,505.0,3.1553,205460.0,<1H OCEAN
-121.76,38.55,23.0,8800.0,1857.0,6330.0,1832.0,2.065,108016.0,INLAND
-118.36,33.86,35.0,2126.0,434.0,1044.0,433.0,5.5456,328335.02,<1H OCEAN
-119.72,36.32,40.0,1185.0,221.0,676.0,256.0,2.2721,61170.0,INLAND
-117.12,32.59,28.0,2793.0,706.0,1825.0,676.0,2.6724,155271.0,NEAR OCEAN
-122.26,37.54,5.0,3264.0,442.0,1607.0,453.0,9.1415,464131.52,NEAR BAY
-117.58,34.1,4.0,6360.0,1584.0,3359.0,1396.0,3.5186,145955.0,INLAND
-122.2,37.47,40.0,2959.0,389.0,985.0,365.0,9.9025,500001.0,NEAR BAY
-116.9,34.69,10.0,337.0,102.0,108.0,50.0,0.4999,261810.38,INLAND
-120.84,38.81,11.0,1280.0,286.0,609.0,248.0,3.1635,139104.0,INLAND
-117.37,33.97,34.0,3676.0,697.0,2653.0,682.0,2.5804,103548.0,INLAND
-117.02,32.71,30.0,3187.0,592.0,2082.0,631.0,3.5388,124433.0,NEAR OCEAN
-118.21,33.92,37.0,1705.0,403.0,1839.0,410.0,2.5833,124183.0,<1H OCEAN
-121.64,40.9,24.0,2237.0,434.0,834.0,318.0,1.7538,69593.0,INLAND
-117.23,32.86,16.0,1675.0,354.0,604.0,332.0,5.2326,276149.06,NEAR OCEAN
-122.92,38.97,20.0,2067.0,384.0,904.0,333.0,2.9934,146675.0,<1H OCEAN
-118.36,34.09,34.0,2832.0,883.0,1594.0,843.0,1.7558,263312.02,<1H OCEAN
-117.9,33.74,19.0,1566.0,379.0,1032.0,330.0,2.2105,170666.0,<1H OCEAN
-121.02,39.27,52.0,3720.0,707.0,1424.0,609.0,3.2,147773.0,INLAND
-122.19,37.76,52.0,2024.0,391.0,1030.0,350.0,2.4659,109318.0,NEAR BAY
-122.15,37.67,35.0,2472.0,398.0,1171.0,390.0,5.5797,283175.0,NEAR BAY
-119.18,34.16,12.0,460.0,101.0,405.0,103.0,5.2783,347761.24,NEAR OCEAN
-122.53,37.93,37.0,1722.0,352.0,648.0,337.0,4.125,352446.05,NEAR BAY
-117.67,33.55,6.0,3157.0,721.0,1695.0,710.0,3.7609,187691.0,<1H OCEAN
-119.85,36.82,15.0,1387.0,236.0,638.0,195.0,5.5842,148470.0,INLAND
-118.57,34.15,22.0,5791.0,706.0,2059.0,673.0,10.9201,500001.0,<1H OCEAN
-117.88,33.83,22.0,3522.0,543.0,1706.0,524.0,6.4685,271784.01,<1H OCEAN
-118.33,34.1,43.0,2732.0,1646.0,3049.0,1429.0,1.3157,268800.1,<1H OCEAN
-117.8,33.75,29.0,3058.0,488.0,1197.0,474.0,5.3903,275603.01,<1H OCEAN
-117.2,34.26,17.0,9419.0,1455.0,1382.0,459.0,6.2233,225999.0,INLAND
-117.68,33.65,6.0,10395.0,1915.0,4783.0,1811.0,5.928,287748.02,<1H OCEAN
-119.7,36.82,25.0,2379.0,540.0,1482.0,484.0,2.3173,68033.0,INLAND
-118.37,34.04,25.0,542.0,161.0,442.0,131.0,2.25,193362.02,<1H OCEAN
-121.63,39.18,13.0,1907.0,347.0,821.0,367.0,2.0978,83576.0,INLAND
-118.97,35.38,32.0,1361.0,363.0,1483.0,297.0,1.625,48944.0,INLAND
-121.75,39.4,29.0,1687.0,327.0,864.0,334.0,2.4943,79938.0,INLAND
-122.32,37.55,46.0,1437.0,266.0,607.0,263.0,4.8068,350820.11,NEAR OCEAN
-117.94,33.93,14.0,999.0,232.0,1037.0,244.0,2.7125,160165.0,<1H OCEAN
-119.42,36.35,20.0,1469.0,303.0,1031.0,259.0,1.6645,55479.0,INLAND
-122.31,38.0,29.0,3108.0,534.0,1687.0,516.0,4.3333,174971.0,NEAR BAY
-119.96,38.94,27.0,1492.0,393.0,717.0,254.0,1.8906,99219.0,INLAND
-117.04,34.0,21.0,4624.0,852.0,2174.0,812.0,3.5255,115246.0,INLAND
-117.9,33.71,15.0,539.0,71.0,287.0,66.0,6.3427,297100.0,<1H OCEAN
-122.46,37.88,35.0,2492.0,409.0,812.0,373.0,8.8386,464442.5,NEAR BAY
-118.34,34.19,48.0,814.0,165.0,490.0,176.0,3.1406,253867.08,<1H OCEAN
-118.36,34.2,14.0,1878.0,614.0,1874.0,559.0,2.5267,188150.0,<1H OCEAN
-118.18,34.02,43.0,887.0,219.0,965.0,217.0,2.625,139981.0,<1H OCEAN
-119.83,36.8,24.0,3756.0,681.0,1586.0,739.0,3.8571,93451.0,INLAND
-118.13,33.84,48.0,1895.0,294.0,881.0,293.0,6.3364,415978.23,<1H OCEAN
-122.71,38.43,38.0,1689.0,526.0,1071.0,529.0,1.5026,155283.0,<1H OCEAN
-119.72,34.43,36.0,1156.0,309.0,521.0,304.0,2.6014,300899.0,<1H OCEAN
-117.88,34.12,34.0,912.0,165.0,522.0,150.0,4.0417,172791.0,<1H OCEAN
-117.23,32.74,16.0,735.0,139.0,299.0,134.0,4.6354,238628.03,NEAR OCEAN
-122.46,37.66,15.0,6082.0,1284.0,3861.0,1198.0,5.4221,283486.0,NEAR OCEAN
-121.96,37.23,36.0,4423.0,632.0,1719.0,608.0,7.8407,485731.83,<1H OCEAN
-117.14,33.16,16.0,1660.0,,733.0,214.0,5.6874,239260.01,<1H OCEAN
-121.29,37.87,29.0,488.0,108.0,308.0,115.0,2.6563,105101.0,INLAND
-116.05,34.12,19.0,301.0,65.0,150.0,56.0,3.125,96692.0,INLAND
-118.3,33.89,30.0,2756.0,858.0,1806.0,787.0,3.0329,192839.0,<1H OCEAN
-122.38,37.58,52.0,2039.0,299.0,772.0,303.0,6.471,448079.36,NEAR OCEAN
-122.26,37.83,52.0,2432.0,715.0,1377.0,696.0,2.5898,206508.0,NEAR BAY
-117.46,34.1,35.0,908.0,226.0,667.0,203.0,2.5833,94085.0,INLAND
-121.92,37.33,52.0,2962.0,557.0,1215.0,506.0,4.7768,320187.02,<1H OCEAN
-122.07,37.69,29.0,2304.0,618.0,1021.0,552.0,2.5362,186852.0,NEAR BAY
-119.84,36.85,8.0,3791.0,487.0,1424.0,475.0,10.5144,384898.5,INLAND
-116.52,33.81,12.0,12396.0,2552.0,2548.0,1265.0,3.4394,157051.0,INLAND
-122.68,38.07,26.0,1445.0,244.0,510.0,207.0,5.6305,351321.03,NEAR OCEAN
-121.67,36.67,24.0,3071.0,544.0,1477.0,560.0,3.9219,199447.0,<1H OCEAN
-118.21,33.95,32.0,1116.0,328.0,1265.0,302.0,2.295,141791.0,<1H OCEAN
-121.98,37.28,28.0,3688.0,633.0,1877.0,620.0,5.7251,297091.01,<1H OCEAN
-117.93,33.84,34.0,2160.0,298.0,852.0,305.0,6.0531,290248.02,<1H OCEAN
-118.78,34.16,9.0,30405.0,4093.0,12873.0,3931.0,8.0137,428387.23,NEAR OCEAN
-122.3,37.9,35.0,1102.0,308.0,688.0,303.0,2.3946,178078.0,NEAR BAY
-119.23,34.42,16.0,630.0,117.0,343.0,100.0,5.75,324507.05,<1H OCEAN
-122.53,41.81,21.0,2400.0,485.0,1109.0,443.0,1.7639,65162.0,INLAND
-122.01,37.39,36.0,1976.0,361.0,1348.0,371.0,5.6447,280392.0,<1H OCEAN
-122.34,37.94,47.0,2313.0,433.0,947.0,430.0,3.942,159326.0,NEAR BAY
-121.62,36.71,24.0,4195.0,706.0,2200.0,647.0,4.3451,218763.0,<1H OCEAN
-118.1,33.84,36.0,690.0,109.0,316.0,104.0,3.7813,197362.0,<1H OCEAN
-122.5,37.75,45.0,1672.0,344.0,838.0,314.0,4.1419,276231.0,NEAR OCEAN
-118.12,34.68,12.0,5319.0,875.0,2439.0,779.0,4.6629,145095.0,INLAND
-117.31,33.24,6.0,1580.0,288.0,792.0,265.0,4.0469,175918.02,<1H OCEAN
-120.79,37.08,9.0,97.0,20.0,91.0,22.0,2.9063,136694.0,INLAND
-121.87,37.34,52.0,1170.0,215.0,604.0,207.0,2.6667,221292.0,<1H OCEAN
-117.79,33.77,21.0,4349.0,553.0,1680.0,519.0,6.9014,304201.0,<1H OCEAN
-122.52,37.96,35.0,2012.0,346.0,818.0,352.0,5.2818,310470.02,NEAR BAY
-118.3,33.87,27.0,3144.0,722.0,1510.0,680.0,3.1597,232923.0,<1H OCEAN
-118.05,34.06,45.0,531.0,164.0,722.0,166.0,2.1406,175248.03,<1H OCEAN
-118.21,34.14,44.0,1681.0,407.0,1105.0,387.0,3.2222,207265.0,<1H OCEAN
-117.98,33.78,31.0,2825.0,546.0,1908.0,563.0,3.9798,196577.0,<1H OCEAN
-117.15,34.04,14.0,2845.0,420.0,1172.0,377.0,7.5822,261124.0,INLAND
-118.11,33.81,37.0,1694.0,280.0,776.0,271.0,6.2187,408604.21,<1H OCEAN
-118.48,34.21,25.0,2879.0,723.0,2077.0,649.0,3.3864,214782.0,<1H OCEAN
-118.17,33.82,52.0,2539.0,497.0,1152.0,488.0,4.1354,256431.0,NEAR OCEAN
-121.22,38.4,14.0,2655.0,441.0,1277.0,422.0,4.6989,177248.0,INLAND
-118.19,34.12,46.0,3387.0,820.0,2833.0,813.0,2.987,194218.0,<1H OCEAN
-117.71,34.08,26.0,2744.0,494.0,1411.0,465.0,4.2639,168334.0,INLAND
-118.08,33.85,22.0,1055.0,204.0,682.0,216.0,6.0,273180.0,<1H OCEAN
-118.4,33.87,45.0,2093.0,497.0,842.0,472.0,6.3231,460523.36,<1H OCEAN
-117.4,34.04,17.0,1906.0,334.0,1550.0,338.0,3.025,105614.0,INLAND
-123.5,39.67,22.0,2124.0,450.0,1122.0,446.0,2.1793,86252.0,INLAND
-120.67,37.37,18.0,164.0,30.0,104.0,32.0,1.6607,117847.01,INLAND
-121.48,38.54,41.0,3364.0,685.0,1841.0,626.0,2.1975,88693.0,INLAND
-122.18,37.45,43.0,2061.0,437.0,817.0,385.0,4.4688,382747.39,NEAR BAY
-117.01,32.76,34.0,3415.0,608.0,1464.0,593.0,4.0549,171083.0,<1H OCEAN
-118.36,33.93,40.0,1625.0,500.0,2036.0,476.0,2.6298,168081.0,<1H OCEAN
-122.71,38.34,22.0,1249.0,335.0,699.0,308.0,2.6033,169060.0,<1H OCEAN
-118.51,34.2,35.0,1614.0,308.0,850.0,330.0,4.1806,214803.0,<1H OCEAN
-118.56,34.18,36.0,1366.0,224.0,719.0,270.0,4.8264,230299.0,<1H OCEAN
-122.09,37.35,30.0,1502.0,186.0,501.0,180.0,10.0259,498941.98,NEAR BAY
-119.01,36.05,27.0,1127.0,294.0,839.0,276.0,1.3807,50429.0,INLAND
-117.4,34.08,21.0,3622.0,667.0,2503.0,720.0,3.8531,120236.0,INLAND
-118.41,34.24,38.0,490.0,101.0,402.0,100.0,3.125,243148.01,<1H OCEAN
-117.9,33.74,18.0,1884.0,442.0,1915.0,442.0,2.3783,167977.0,<1H OCEAN
-117.92,34.09,35.0,1810.0,318.0,1164.0,332.0,5.0123,207622.0,<1H OCEAN
-122.28,37.52,29.0,1526.0,355.0,724.0,315.0,4.0313,312846.0,NEAR OCEAN
-117.22,33.14,5.0,4576.0,848.0,2314.0,705.0,5.0123,267806.02,NEAR OCEAN
-122.41,37.75,52.0,1678.0,386.0,1220.0,357.0,2.5809,253842.03,NEAR BAY
-122.47,37.76,52.0,4001.0,809.0,1886.0,756.0,3.3239,346949.02,NEAR BAY
-118.24,33.93,37.0,1027.0,258.0,824.0,248.0,1.5132,93571.0,<1H OCEAN
-118.32,34.04,47.0,1989.0,532.0,1430.0,519.0,1.8333,144953.0,<1H OCEAN
-120.27,37.12,17.0,3328.0,628.0,1580.0,619.0,2.9861,94920.0,INLAND
-121.07,39.15,15.0,6828.0,1319.0,3002.0,1318.0,2.4726,124869.0,INLAND
-122.27,37.82,43.0,1868.0,456.0,1061.0,407.0,1.5045,127402.0,NEAR BAY
-120.43,37.35,15.0,1613.0,203.0,673.0,213.0,5.9378,183711.0,INLAND
-122.47,37.79,52.0,2383.0,477.0,990.0,464.0,3.9688,478324.73,NEAR BAY
-122.31,37.91,39.0,2955.0,696.0,1417.0,682.0,2.7628,169304.0,NEAR BAY
-118.14,33.76,52.0,2677.0,642.0,1144.0,624.0,4.3889,379395.02,NEAR OCEAN
-121.9,37.37,20.0,78.0,72.0,120.0,69.0,1.0938,297837.11,<1H OCEAN
-118.01,33.84,28.0,4097.0,838.0,2112.0,803.0,4.5,203741.0,<1H OCEAN
-117.7,33.57,4.0,3283.0,911.0,1512.0,782.0,3.3125,215834.02,<1H OCEAN
-119.94,38.95,25.0,1789.0,536.0,1134.0,396.0,2.32,107603.0,INLAND
-121.82,37.26,10.0,3030.0,574.0,1623.0,589.0,5.1356,273774.0,<1H OCEAN
-121.24,38.78,18.0,549.0,143.0,249.0,136.0,0.8691,106496.0,INLAND
-122.42,37.77,52.0,1925.0,568.0,867.0,515.0,2.879,331251.06,NEAR BAY
-122.3,37.9,30.0,1772.0,471.0,880.0,437.0,2.2672,181587.0,NEAR BAY
-118.15,33.78,13.0,3056.0,861.0,1600.0,824.0,3.3003,233119.0,NEAR OCEAN
-117.88,33.87,35.0,1919.0,349.0,1302.0,345.0,5.6409,232828.0,<1H OCEAN
-118.51,33.98,40.0,1901.0,679.0,865.0,587.0,2.3417,327023.03,<1H OCEAN
-121.5,38.34,36.0,1212.0,255.0,569.0,256.0,2.0048,98612.0,INLAND
-117.94,33.81,25.0,1731.0,482.0,1127.0,455.0,3.256,199081.0,<1H OCEAN
-118.18,33.92,32.0,2035.0,519.0,2282.0,480.0,3.2734,151950.0,<1H OCEAN
-122.33,40.6,5.0,6383.0,1206.0,2965.0,1141.0,3.8103,127322.0,INLAND
-121.42,38.53,37.0,1958.0,367.0,1171.0,366.0,2.8298,88756.0,INLAND
-118.19,33.83,30.0,2246.0,552.0,1032.0,548.0,3.5871,261738.05,NEAR OCEAN
-122.69,38.27,32.0,2344.0,434.0,1066.0,384.0,4.0313,251754.0,<1H OCEAN
-118.3,34.02,42.0,2386.0,670.0,2327.0,661.0,1.6699,126619.0,<1H OCEAN
-117.77,33.67,12.0,4329.0,1068.0,1913.0,978.0,4.5094,248967.0,<1H OCEAN
-117.98,33.9,6.0,1537.0,347.0,506.0,280.0,4.8264,208225.0,<1H OCEAN
-122.28,37.81,17.0,1237.0,462.0,762.0,439.0,0.9241,140351.0,NEAR BAY
-118.76,34.26,26.0,1750.0,284.0,962.0,278.0,4.5673,220273.02,<1H OCEAN
-117.94,33.89,30.0,2577.0,404.0,1076.0,374.0,6.7528,372880.07,<1H OCEAN
-121.27,38.75,21.0,4812.0,1117.0,1985.0,1045.0,2.5083,141170.0,INLAND
-119.31,36.34,14.0,2985.0,607.0,2250.0,607.0,2.1602,77705.0,INLAND
-117.11,32.73,27.0,3160.0,627.0,1628.0,612.0,3.8864,139076.0,NEAR OCEAN
-118.17,34.05,45.0,733.0,178.0,715.0,165.0,2.5962,134239.0,<1H OCEAN
-120.41,36.77,24.0,1335.0,312.0,1180.0,267.0,1.947,61832.0,INLAND
-118.04,34.1,38.0,2317.0,451.0,1155.0,426.0,4.1488,284047.0,INLAND
-117.87,33.99,21.0,2837.0,515.0,2031.0,555.0,4.9271,213582.0,<1H OCEAN
-118.19,33.8,41.0,2125.0,591.0,1604.0,555.0,2.9943,194813.0,NEAR OCEAN
-120.19,36.61,29.0,1479.0,338.0,1408.0,322.0,2.293,69022.0,INLAND
-122.42,37.74,52.0,1916.0,432.0,889.0,424.0,4.0391,293241.0,NEAR BAY
-117.65,33.48,6.0,1638.0,188.0,572.0,174.0,13.0502,485477.34,<1H OCEAN
-122.03,37.55,22.0,9167.0,1373.0,4319.0,1404.0,6.992,388612.13,NEAR BAY
-117.98,33.94,36.0,4297.0,717.0,2038.0,700.0,5.2851,231150.01,<1H OCEAN
-122.41,37.76,52.0,3452.0,784.0,2987.0,753.0,2.8135,301321.0,NEAR BAY
-118.06,34.12,34.0,2941.0,558.0,1660.0,576.0,4.5667,272157.0,INLAND
-122.08,37.04,34.0,2800.0,577.0,1353.0,512.0,4.1161,248399.01,NEAR OCEAN
-118.41,34.02,16.0,5825.0,1866.0,3390.0,1752.0,3.0965,290982.01,<1H OCEAN
-121.46,38.66,3.0,3438.0,603.0,1602.0,554.0,3.9914,136159.0,INLAND
-121.1,39.15,10.0,680.0,143.0,354.0,140.0,4.0333,160105.0,INLAND
-118.32,33.83,19.0,3792.0,790.0,2105.0,834.0,5.2363,315061.0,<1H OCEAN
-117.78,33.71,4.0,974.0,232.0,428.0,203.0,4.6141,202007.05,<1H OCEAN
-119.71,36.8,25.0,875.0,156.0,646.0,166.0,3.0,86392.0,INLAND
-121.92,37.31,13.0,6035.0,1551.0,2946.0,1481.0,4.0524,253414.01,<1H OCEAN
-121.28,38.7,14.0,5827.0,1246.0,2578.0,1038.0,3.0212,120207.0,INLAND
-121.82,39.75,37.0,2236.0,372.0,974.0,379.0,3.2016,104030.0,INLAND
-118.37,34.08,28.0,4376.0,1202.0,1847.0,1128.0,2.6713,311809.04,<1H OCEAN
-118.34,33.99,47.0,1107.0,199.0,437.0,178.0,3.7344,185737.0,<1H OCEAN
-121.24,37.98,33.0,450.0,123.0,236.0,103.0,1.1964,76565.0,INLAND
-122.31,38.27,34.0,1748.0,284.0,783.0,303.0,4.3585,195233.0,NEAR BAY
-122.01,37.38,32.0,726.0,204.0,538.0,203.0,4.505,250628.0,<1H OCEAN
-118.34,34.16,44.0,1717.0,391.0,848.0,353.0,3.6111,281455.03,<1H OCEAN
-120.88,38.16,8.0,2029.0,387.0,1000.0,364.0,4.0109,148525.0,INLAND
-117.77,33.71,5.0,4050.0,584.0,1986.0,598.0,7.5847,329344.0,<1H OCEAN
-118.13,33.96,36.0,1933.0,341.0,958.0,335.0,4.4732,238229.0,<1H OCEAN
-117.05,33.02,18.0,917.0,121.0,388.0,131.0,6.3517,261641.0,<1H OCEAN
-118.41,33.9,39.0,2040.0,336.0,926.0,351.0,7.5552,454929.52,<1H OCEAN
-122.06,37.39,26.0,18.0,4.0,8.0,4.0,3.75,201748.05,NEAR BAY
-122.3,37.97,34.0,2854.0,528.0,1211.0,452.0,3.5353,161333.0,NEAR BAY
-121.81,39.71,18.0,1222.0,250.0,708.0,281.0,2.0288,80749.0,INLAND
-118.35,34.09,35.0,2705.0,785.0,1526.0,793.0,3.0349,324522.06,<1H OCEAN
-117.02,33.76,20.0,1317.0,203.0,453.0,158.0,2.8393,126482.0,INLAND
-121.68,36.67,26.0,5745.0,1017.0,2780.0,996.0,5.0,261142.0,<1H OCEAN
-118.43,34.22,34.0,2300.0,429.0,1447.0,455.0,4.2656,197866.0,<1H OCEAN
-117.15,34.83,30.0,5370.0,1062.0,2778.0,944.0,3.099,88014.0,INLAND
-121.89,37.35,47.0,2879.0,631.0,2229.0,606.0,3.2599,200826.0,<1H OCEAN
-118.29,33.98,30.0,1162.0,318.0,1207.0,289.0,1.223,107580.0,<1H OCEAN
-122.23,37.82,52.0,3242.0,366.0,1001.0,352.0,12.2138,500001.0,NEAR BAY
-120.83,37.07,16.0,3736.0,761.0,1942.0,730.0,2.5598,105174.0,INLAND
-118.04,34.09,34.0,2001.0,388.0,1461.0,397.0,3.8304,273284.0,INLAND
-118.21,34.09,37.0,1822.0,498.0,1961.0,506.0,1.9881,153241.01,<1H OCEAN
-117.88,33.79,32.0,1484.0,295.0,928.0,295.0,5.1418,212096.0,<1H OCEAN
-120.98,39.93,25.0,2220.0,511.0,912.0,449.0,1.8914,70605.0,INLAND
-115.57,32.79,34.0,1152.0,208.0,621.0,208.0,3.6042,91354.01,INLAND
-121.51,38.49,21.0,4426.0,790.0,1856.0,761.0,4.1,161725.0,INLAND
-120.04,39.24,30.0,2369.0,469.0,510.0,213.0,2.65,120190.0,INLAND
-122.29,37.54,43.0,2268.0,438.0,1151.0,449.0,4.9091,324646.01,NEAR OCEAN
-118.28,33.92,37.0,742.0,151.0,729.0,144.0,3.055,128685.0,<1H OCEAN
-121.8,39.75,11.0,7212.0,1355.0,3264.0,1264.0,3.1125,116472.0,INLAND
-119.38,36.56,25.0,1180.0,222.0,611.0,212.0,2.0729,68200.98,INLAND
-120.99,37.68,30.0,1975.0,375.0,732.0,326.0,2.6932,116137.0,INLAND
-121.75,37.68,35.0,1755.0,299.0,702.0,263.0,5.2443,205157.0,INLAND
-118.98,35.39,29.0,607.0,177.0,476.0,143.0,1.1875,51238.0,INLAND
-117.07,32.67,28.0,2758.0,623.0,2179.0,631.0,2.3814,117064.0,NEAR OCEAN
-118.28,34.01,50.0,2601.0,794.0,3080.0,770.0,1.8656,128509.0,<1H OCEAN
-117.2,34.14,18.0,1920.0,333.0,890.0,323.0,5.159,146442.0,INLAND
-119.32,36.25,21.0,1231.0,,609.0,206.0,2.8365,77086.0,INLAND
-121.51,38.55,45.0,3032.0,631.0,1341.0,597.0,2.8417,110099.0,INLAND
-114.56,33.69,17.0,720.0,174.0,333.0,117.0,1.6509,63102.0,INLAND
-118.36,34.05,48.0,1825.0,404.0,728.0,363.0,3.3824,286727.06,<1H OCEAN
-121.75,36.93,24.0,4026.0,881.0,2264.0,863.0,3.1327,200518.0,<1H OCEAN
-118.18,33.83,44.0,1497.0,277.0,542.0,274.0,5.0052,313331.08,NEAR OCEAN
-118.16,34.03,41.0,1377.0,293.0,1142.0,272.0,3.1724,162208.0,<1H OCEAN
-118.65,34.27,23.0,1724.0,265.0,934.0,306.0,6.0783,260300.0,<1H OCEAN
-118.29,34.11,49.0,2850.0,379.0,1113.0,380.0,12.9591,500001.0,<1H OCEAN
-117.3,34.05,7.0,4672.0,1121.0,2534.0,1046.0,3.4228,115493.0,INLAND
-121.21,38.67,11.0,5500.0,956.0,2827.0,946.0,4.1071,162177.0,INLAND
-118.3,33.81,17.0,5544.0,1068.0,3008.0,1038.0,5.322,273301.0,<1H OCEAN
-118.35,34.01,35.0,3776.0,,1583.0,749.0,3.5486,269449.0,<1H OCEAN
-117.13,32.71,44.0,1697.0,413.0,1396.0,363.0,1.5474,84931.0,NEAR OCEAN
-118.34,34.03,48.0,1426.0,331.0,784.0,356.0,1.6581,147316.0,<1H OCEAN
-121.9,37.28,34.0,4613.0,749.0,2050.0,725.0,5.3922,288760.01,<1H OCEAN
-118.5,34.21,36.0,1254.0,229.0,629.0,245.0,4.9643,237073.01,<1H OCEAN
-118.36,34.03,38.0,2365.0,638.0,2259.0,607.0,2.0879,134314.0,<1H OCEAN
-118.34,33.99,34.0,397.0,132.0,250.0,121.0,1.675,171959.0,<1H OCEAN
-122.07,38.26,15.0,1173.0,146.0,450.0,154.0,6.0487,210147.0,INLAND
-121.95,38.43,19.0,3011.0,551.0,1665.0,535.0,5.1534,178827.0,INLAND
-123.2,39.16,14.0,1908.0,484.0,1195.0,467.0,1.7929,109425.0,<1H OCEAN
-117.92,33.85,38.0,2082.0,532.0,1592.0,510.0,2.3704,177953.0,<1H OCEAN
-117.23,33.78,23.0,3465.0,703.0,2672.0,607.0,1.9767,100352.0,INLAND
-121.76,38.25,32.0,1495.0,333.0,905.0,281.0,2.625,96995.0,INLAND
-122.02,37.34,26.0,1992.0,328.0,980.0,342.0,6.2475,331267.03,<1H OCEAN
-119.81,36.81,33.0,3972.0,594.0,1324.0,561.0,5.4513,189568.01,INLAND
-122.49,37.76,49.0,1724.0,295.0,795.0,297.0,4.3977,339869.02,NEAR BAY
-118.11,33.83,36.0,1726.0,287.0,820.0,288.0,5.5767,244981.0,<1H OCEAN
-122.95,39.13,17.0,380.0,69.0,225.0,72.0,3.25,134874.0,INLAND
-121.37,38.39,15.0,1883.0,254.0,893.0,256.0,6.2575,212544.0,INLAND
-118.18,34.08,31.0,1318.0,311.0,1164.0,289.0,2.9939,163403.0,<1H OCEAN
-118.42,34.16,17.0,277.0,70.0,119.0,59.0,4.0208,319234.12,<1H OCEAN
-118.27,34.05,47.0,661.0,359.0,1406.0,307.0,1.3169,191897.0,<1H OCEAN
-122.5,37.79,52.0,8.0,1.0,13.0,1.0,15.0001,400502.59,NEAR BAY
-116.29,33.74,6.0,12991.0,2555.0,4571.0,1926.0,4.7195,200728.01,INLAND
-122.33,37.58,27.0,5144.0,1481.0,2518.0,1447.0,3.4836,336470.12,NEAR OCEAN
-118.36,34.05,50.0,3518.0,812.0,1724.0,758.0,3.0833,307018.11,<1H OCEAN
-117.75,34.06,52.0,24.0,6.0,46.0,7.0,1.625,218513.02,INLAND
-122.2,37.43,38.0,3626.0,528.0,1350.0,532.0,7.3681,460793.32,NEAR OCEAN
-117.68,34.01,20.0,7326.0,1555.0,5718.0,1538.0,3.2073,151159.0,INLAND
-118.26,33.92,40.0,1076.0,244.0,705.0,255.0,1.7986,97265.0,<1H OCEAN
-117.36,33.17,24.0,2046.0,442.0,812.0,367.0,2.3182,247597.01,NEAR OCEAN
-122.43,37.75,52.0,2700.0,595.0,1181.0,575.0,3.575,350694.0,NEAR BAY
-121.63,39.75,37.0,1296.0,296.0,569.0,257.0,1.8616,71052.0,INLAND
-117.15,32.81,34.0,1629.0,318.0,900.0,282.0,3.1458,194483.03,NEAR OCEAN
-117.67,34.03,20.0,8561.0,1411.0,4861.0,1450.0,4.7056,167774.0,INLAND
-117.32,33.99,27.0,5464.0,850.0,2400.0,836.0,4.711,147853.0,INLAND
-118.32,34.09,30.0,1871.0,766.0,2595.0,819.0,2.0044,222318.0,<1H OCEAN
-118.43,34.22,36.0,1372.0,295.0,774.0,306.0,3.6618,197840.0,<1H OCEAN
-122.47,37.65,27.0,8103.0,1655.0,5023.0,1605.0,4.6452,296164.03,NEAR OCEAN
-118.22,33.93,39.0,1921.0,483.0,2286.0,470.0,3.0167,139428.0,<1H OCEAN
-118.39,34.17,40.0,1696.0,372.0,835.0,385.0,3.6563,266477.04,<1H OCEAN
-118.09,33.8,36.0,1724.0,322.0,838.0,328.0,4.4831,213905.0,<1H OCEAN
-118.06,33.83,21.0,3941.0,655.0,1897.0,670.0,4.88,209387.0,<1H OCEAN
-122.13,37.68,44.0,2147.0,399.0,1175.0,401.0,4.1974,205704.01,NEAR BAY
-122.29,37.92,35.0,583.0,88.0,235.0,84.0,5.943,335237.04,NEAR BAY
-117.77,34.06,27.0,2178.0,629.0,2379.0,591.0,1.9766,110446.0,INLAND
-117.3,33.85,15.0,3991.0,751.0,2317.0,657.0,2.9542,118330.0,INLAND
-118.45,34.25,21.0,2143.0,565.0,1803.0,497.0,3.9833,190083.0,<1H OCEAN
-117.07,32.81,15.0,2000.0,402.0,778.0,369.0,4.3594,162226.0,<1H OCEAN
-117.96,33.75,25.0,1323.0,208.0,852.0,229.0,4.6167,207332.0,<1H OCEAN
-122.29,37.56,12.0,6474.0,1467.0,2516.0,1390.0,5.0353,319890.14,NEAR BAY
-122.04,36.96,44.0,1294.0,269.0,645.0,259.0,3.2437,261832.0,NEAR OCEAN
-117.86,33.74,32.0,691.0,151.0,926.0,148.0,4.125,166777.0,<1H OCEAN
-118.34,34.0,49.0,2465.0,372.0,1018.0,359.0,4.0,200018.02,<1H OCEAN
-117.08,32.58,22.0,2128.0,477.0,1420.0,450.0,3.2687,132102.0,NEAR OCEAN
-117.99,33.74,26.0,4065.0,741.0,1960.0,739.0,4.506,208478.0,<1H OCEAN
-120.27,38.31,13.0,3297.0,662.0,267.0,97.0,3.075,130659.0,INLAND
-121.24,39.37,16.0,2785.0,616.0,1387.0,530.0,2.3886,91838.0,INLAND
-122.22,37.48,47.0,2570.0,783.0,3107.0,724.0,2.8058,237142.0,NEAR OCEAN
-117.18,32.76,17.0,711.0,254.0,327.0,227.0,2.6493,180288.05,NEAR OCEAN
-122.25,37.81,28.0,5806.0,1603.0,2563.0,1497.0,3.2177,290134.1,NEAR BAY
-122.27,37.48,26.0,3542.0,507.0,1392.0,524.0,8.5184,440232.3,NEAR OCEAN
-120.62,35.28,28.0,3952.0,592.0,1469.0,571.0,6.3144,415587.39,NEAR OCEAN
-117.31,34.43,16.0,5130.0,1172.0,3126.0,1046.0,1.6784,85363.0,INLAND
-118.75,34.17,18.0,6217.0,858.0,2703.0,834.0,6.8075,387593.13,NEAR OCEAN
-122.28,37.78,50.0,1487.0,306.0,730.0,327.0,2.5139,160411.0,NEAR BAY
-116.38,33.74,7.0,17579.0,3479.0,3581.0,1820.0,4.084,158769.02,INLAND
-116.86,33.73,13.0,2604.0,443.0,978.0,417.0,2.933,131673.0,INLAND
-122.4,37.76,52.0,1185.0,246.0,480.0,253.0,4.4074,287117.03,NEAR BAY
-118.24,33.99,41.0,1425.0,372.0,1803.0,353.0,1.6731,106044.0,<1H OCEAN
-118.25,34.13,36.0,2946.0,1025.0,2542.0,912.0,2.2244,228873.0,<1H OCEAN
-118.09,33.99,35.0,2787.0,639.0,1923.0,614.0,3.5757,177152.0,<1H OCEAN
-117.86,33.9,25.0,3205.0,409.0,1291.0,408.0,7.2478,325258.0,<1H OCEAN
-117.69,33.54,20.0,1767.0,280.0,801.0,284.0,6.5394,288305.0,<1H OCEAN
-121.37,38.58,37.0,2839.0,390.0,1006.0,400.0,7.3343,327846.03,INLAND
-117.18,33.78,7.0,1697.0,424.0,808.0,354.0,1.3417,122088.0,INLAND
-118.1,33.79,35.0,2370.0,379.0,996.0,380.0,5.7368,298987.01,<1H OCEAN
-118.16,34.06,27.0,1675.0,274.0,785.0,275.0,5.828,305756.03,<1H OCEAN
-116.53,33.88,5.0,4423.0,763.0,1906.0,667.0,4.6855,194376.01,INLAND
-117.92,33.75,23.0,893.0,223.0,1149.0,216.0,2.6442,173483.0,<1H OCEAN
-119.77,36.3,24.0,2202.0,471.0,1052.0,439.0,2.1038,76835.0,INLAND
-116.95,33.68,11.0,1183.0,178.0,543.0,147.0,4.4792,199681.0,INLAND
-119.14,34.49,17.0,321.0,44.0,92.0,39.0,7.75,366023.19,<1H OCEAN
-117.17,32.82,21.0,2869.0,596.0,1471.0,577.0,3.0375,207042.0,NEAR OCEAN
-121.23,38.67,27.0,5266.0,971.0,2432.0,948.0,3.8954,156395.0,INLAND
-117.82,33.85,21.0,2603.0,404.0,1350.0,390.0,6.057,269736.0,<1H OCEAN
-118.19,34.02,34.0,1478.0,369.0,1735.0,348.0,1.8875,143819.0,<1H OCEAN
-122.27,37.78,52.0,1408.0,280.0,718.0,265.0,2.6806,182373.0,NEAR BAY
-122.47,37.69,35.0,1720.0,421.0,1452.0,425.0,3.5909,254303.0,NEAR OCEAN
-117.97,33.68,23.0,1722.0,316.0,865.0,309.0,4.6452,248464.03,<1H OCEAN
-121.37,36.83,14.0,3658.0,612.0,1951.0,600.0,4.76,250108.0,INLAND
-118.96,35.4,27.0,2473.0,400.0,1271.0,427.0,3.5524,86054.0,INLAND
-122.0,38.35,34.0,1084.0,187.0,561.0,198.0,4.2115,159254.0,INLAND
-117.9,34.1,31.0,3007.0,653.0,1766.0,616.0,3.7083,174672.0,<1H OCEAN
-118.15,34.12,52.0,1518.0,344.0,725.0,296.0,3.4018,233188.0,<1H OCEAN
-122.25,37.81,46.0,3232.0,835.0,1373.0,747.0,3.225,231993.01,NEAR BAY
-118.57,34.22,17.0,3262.0,753.0,1879.0,708.0,4.1359,221590.0,<1H OCEAN
-120.08,37.06,18.0,402.0,76.0,213.0,71.0,1.9063,100348.0,INLAND
-118.2,33.84,35.0,3405.0,779.0,1953.0,671.0,2.7813,185854.0,NEAR OCEAN
-120.85,37.77,37.0,1738.0,403.0,936.0,366.0,2.4717,99326.0,INLAND
-118.3,33.82,26.0,2080.0,560.0,2096.0,506.0,2.8106,195106.0,<1H OCEAN
-118.36,34.1,52.0,1096.0,247.0,423.0,230.0,3.0179,349785.04,<1H OCEAN
-117.18,33.51,13.0,270.0,42.0,120.0,42.0,6.993,378033.23,<1H OCEAN
-118.22,33.98,15.0,1011.0,274.0,899.0,219.0,2.7045,146477.0,<1H OCEAN
-118.29,34.03,38.0,1501.0,437.0,1777.0,441.0,2.0848,145691.0,<1H OCEAN
-122.72,40.17,16.0,396.0,78.0,188.0,72.0,1.3889,65183.96,INLAND
-122.17,37.74,43.0,818.0,193.0,494.0,179.0,2.4776,89481.0,NEAR BAY
-117.44,34.09,24.0,3477.0,831.0,2541.0,753.0,2.3682,112526.0,INLAND
-119.16,36.28,18.0,2377.0,414.0,1359.0,424.0,4.4,118989.0,INLAND
-117.27,33.68,8.0,26322.0,4072.0,9360.0,3361.0,5.3238,250343.01,<1H OCEAN
-117.09,32.64,20.0,1999.0,651.0,1302.0,592.0,1.6321,114024.0,NEAR OCEAN
-119.99,36.8,45.0,1270.0,242.0,598.0,214.0,3.2813,100272.0,INLAND
-117.94,34.08,34.0,1970.0,476.0,1269.0,406.0,4.064,184593.0,<1H OCEAN
-117.87,33.88,28.0,2612.0,602.0,1682.0,563.0,3.6417,194145.0,<1H OCEAN
-121.29,37.98,49.0,2501.0,565.0,1171.0,550.0,2.5043,97926.0,INLAND
-118.31,34.03,34.0,2041.0,517.0,1479.0,495.0,2.1173,145390.0,<1H OCEAN
-118.17,33.79,32.0,2171.0,672.0,3002.0,648.0,2.375,156110.0,NEAR OCEAN
-117.22,32.87,5.0,3511.0,1008.0,1599.0,918.0,3.8542,226510.0,NEAR OCEAN
-121.93,37.93,16.0,2876.0,391.0,1089.0,377.0,6.299,263734.0,INLAND
-118.37,33.82,32.0,2815.0,607.0,1338.0,609.0,4.5687,366944.1,<1H OCEAN
-119.76,36.81,19.0,4643.0,1429.0,4638.0,1335.0,1.2716,63643.0,INLAND
-118.2,34.11,37.0,2040.0,611.0,1698.0,545.0,1.9355,169436.0,<1H OCEAN
-117.95,33.63,27.0,891.0,183.0,513.0,171.0,6.0,318319.2,<1H OCEAN
-118.29,34.65,18.0,6893.0,1372.0,2837.0,1221.0,3.3173,141393.0,INLAND
-119.02,35.37,44.0,2687.0,620.0,1521.0,549.0,1.7213,57200.0,INLAND
-119.16,34.12,17.0,224.0,70.0,147.0,71.0,3.6167,268324.07,NEAR OCEAN
-119.86,34.38,26.0,1626.0,375.0,1580.0,359.0,2.1471,211035.01,NEAR OCEAN
-117.67,34.1,28.0,1263.0,248.0,601.0,219.0,3.875,156739.0,INLAND
-118.02,33.95,35.0,2085.0,400.0,1112.0,391.0,3.4886,183293.0,<1H OCEAN
-119.3,36.34,45.0,3723.0,831.0,2256.0,770.0,1.8299,61655.0,INLAND
-121.8,38.01,46.0,2273.0,495.0,1088.0,447.0,2.2532,101584.0,INLAND
-121.33,38.66,15.0,4371.0,908.0,1842.0,818.0,2.7797,135074.0,INLAND
-122.17,37.88,32.0,3633.0,508.0,1393.0,506.0,7.6917,410522.03,NEAR BAY
-118.29,34.01,40.0,885.0,312.0,799.0,221.0,1.1667,130562.0,<1H OCEAN
-121.42,37.75,33.0,1999.0,368.0,1061.0,390.0,3.5242,136569.0,INLAND
-122.04,37.99,38.0,2675.0,541.0,1378.0,480.0,3.8897,145791.0,NEAR BAY
-118.09,34.09,40.0,855.0,208.0,745.0,222.0,3.0125,195702.0,<1H OCEAN
-122.2,37.78,39.0,1752.0,399.0,1071.0,376.0,3.1167,167409.0,NEAR BAY
-118.06,33.83,17.0,1973.0,516.0,1112.0,501.0,3.8512,213796.0,<1H OCEAN
-118.3,34.0,52.0,1743.0,421.0,1206.0,384.0,1.6875,115569.0,<1H OCEAN
-119.36,36.33,11.0,3221.0,617.0,1351.0,565.0,2.9844,98718.0,INLAND
-117.82,33.72,24.0,3260.0,458.0,1383.0,442.0,6.5987,299827.02,<1H OCEAN
-117.91,34.02,17.0,5973.0,1384.0,4349.0,1229.0,3.2799,183061.0,<1H OCEAN
-118.57,34.25,20.0,4679.0,609.0,1945.0,609.0,8.7471,449593.3,<1H OCEAN
-122.01,37.36,16.0,1105.0,354.0,499.0,324.0,4.2061,250816.02,<1H OCEAN
-122.08,37.38,33.0,2771.0,659.0,1496.0,581.0,3.4042,268231.02,NEAR BAY
-120.59,38.45,13.0,2944.0,558.0,1091.0,466.0,3.0,121084.0,INLAND
-118.56,34.2,35.0,2273.0,,1431.0,403.0,4.0789,210169.0,<1H OCEAN
-122.24,37.81,52.0,2093.0,550.0,918.0,483.0,2.7477,189719.0,NEAR BAY
-119.64,36.31,27.0,1513.0,314.0,1071.0,284.0,1.5909,53251.0,INLAND
-117.83,33.65,9.0,638.0,266.0,426.0,234.0,3.7875,276995.09,<1H OCEAN
-117.65,33.4,17.0,2737.0,654.0,910.0,492.0,3.5729,246073.01,NEAR OCEAN
-118.12,33.77,10.0,7264.0,1137.0,2528.0,1057.0,10.2233,470407.36,NEAR OCEAN
-117.55,33.93,25.0,5187.0,934.0,2725.0,860.0,4.1865,168041.0,INLAND
-122.01,37.95,8.0,3866.0,539.0,1555.0,513.0,6.0901,290877.0,NEAR BAY
-117.94,33.94,25.0,3250.0,546.0,1452.0,501.0,5.1084,243119.0,<1H OCEAN
-118.01,33.77,32.0,1771.0,296.0,995.0,272.0,5.8362,280026.04,<1H OCEAN
-123.18,40.58,18.0,1451.0,278.0,695.0,254.0,1.7262,83121.0,INLAND
-117.3,34.15,40.0,961.0,199.0,509.0,182.0,2.06,76867.99,INLAND
-122.4,38.53,24.0,1741.0,289.0,564.0,231.0,3.6118,177859.0,INLAND
-121.41,38.6,16.0,5407.0,1467.0,2523.0,1265.0,2.0471,107792.0,INLAND
-121.18,39.19,16.0,1528.0,351.0,729.0,319.0,2.4688,134482.0,INLAND
-118.25,33.78,32.0,296.0,139.0,511.0,133.0,1.4444,161178.0,NEAR OCEAN
-120.45,34.65,27.0,2215.0,578.0,1544.0,527.0,1.9257,133728.0,NEAR OCEAN
-118.32,33.35,27.0,1675.0,521.0,744.0,331.0,2.1579,267596.01,ISLAND
-121.64,36.82,18.0,1819.0,283.0,919.0,295.0,4.1696,241501.04,<1H OCEAN
-122.28,37.87,46.0,3022.0,696.0,1293.0,675.0,2.543,195947.0,NEAR BAY
-121.38,38.59,38.0,1839.0,287.0,685.0,276.0,4.5313,153115.0,INLAND
-118.06,34.09,40.0,1975.0,389.0,1116.0,378.0,4.2898,228073.0,<1H OCEAN
-116.36,33.78,6.0,24121.0,4522.0,4176.0,2221.0,3.3799,154421.03,INLAND
-117.76,33.88,9.0,4838.0,759.0,2090.0,695.0,6.6536,303537.03,<1H OCEAN
-118.47,34.02,35.0,3057.0,774.0,2223.0,732.0,2.0745,287628.0,<1H OCEAN
-117.9,33.61,41.0,1521.0,328.0,527.0,275.0,4.0764,474092.78,<1H OCEAN
-123.85,39.39,23.0,4671.0,912.0,2095.0,857.0,3.184,179615.0,<1H OCEAN
-122.83,38.39,19.0,1765.0,394.0,868.0,388.0,2.462,176290.0,<1H OCEAN
-122.44,37.76,52.0,1968.0,472.0,784.0,430.0,3.3702,361462.05,NEAR BAY
-122.42,37.74,52.0,1786.0,427.0,856.0,394.0,3.0833,282556.01,NEAR BAY
-118.25,34.0,41.0,1768.0,475.0,1721.0,474.0,1.303,103339.0,<1H OCEAN
-118.28,34.06,52.0,1261.0,616.0,2309.0,581.0,1.6184,213823.0,<1H OCEAN
-120.84,37.5,47.0,2310.0,484.0,1126.0,447.0,2.2083,93441.0,INLAND
-118.37,34.2,34.0,2199.0,609.0,2488.0,597.0,2.9861,191516.0,<1H OCEAN
-117.84,34.63,5.0,6739.0,1251.0,4614.0,1266.0,4.002,150874.0,INLAND
-122.41,37.64,38.0,1204.0,268.0,921.0,247.0,4.4464,263935.0,NEAR OCEAN
-117.9,34.13,5.0,1126.0,316.0,819.0,311.0,1.5,222581.13,<1H OCEAN
-121.87,39.75,22.0,1707.0,296.0,822.0,297.0,3.6625,100335.0,INLAND
-119.81,36.76,48.0,2059.0,388.0,834.0,405.0,2.9306,78124.0,INLAND
-121.87,37.32,39.0,1839.0,471.0,1528.0,456.0,2.6818,182676.0,<1H OCEAN
-118.45,33.99,52.0,1829.0,472.0,779.0,424.0,3.1607,366356.04,<1H OCEAN
-119.5,34.35,39.0,308.0,38.0,59.0,21.0,11.7794,251052.21,NEAR OCEAN
-117.92,33.91,33.0,2868.0,382.0,1204.0,412.0,6.1825,296413.01,<1H OCEAN
-119.8,36.75,52.0,1788.0,449.0,1156.0,418.0,1.7298,63168.0,INLAND
-118.23,33.93,39.0,2065.0,532.0,2015.0,535.0,0.8478,102384.0,<1H OCEAN
-119.79,36.76,52.0,2408.0,498.0,1361.0,465.0,2.1055,62373.0,INLAND
-120.45,34.96,21.0,2121.0,445.0,2211.0,463.0,4.0603,165183.0,<1H OCEAN
-121.96,37.95,13.0,3216.0,765.0,1627.0,715.0,3.0859,146368.0,INLAND
-117.09,32.8,36.0,2163.0,367.0,915.0,360.0,4.7188,181588.0,NEAR OCEAN
-117.85,33.62,18.0,729.0,105.0,316.0,108.0,10.3893,469487.48,<1H OCEAN
-122.19,39.74,39.0,4179.0,814.0,2111.0,809.0,2.3507,78325.0,INLAND
-122.45,37.9,30.0,3763.0,717.0,1292.0,632.0,8.4888,462558.24,NEAR BAY
-122.06,37.86,16.0,5187.0,1014.0,1512.0,986.0,4.4551,290159.12,NEAR BAY
-120.5,38.87,10.0,81.0,41.0,55.0,16.0,4.9583,175296.0,INLAND
-120.41,34.87,15.0,1534.0,251.0,761.0,240.0,4.9028,214120.0,<1H OCEAN
-117.76,34.13,8.0,16759.0,2274.0,7249.0,2156.0,7.4837,311370.0,INLAND
-121.32,36.79,30.0,516.0,90.0,288.0,95.0,3.6333,180526.0,INLAND
-121.96,37.53,23.0,2215.0,475.0,1278.0,492.0,4.2955,234184.0,<1H OCEAN
-124.09,40.92,12.0,2497.0,491.0,1153.0,462.0,2.8182,101270.0,NEAR OCEAN
-121.49,37.94,31.0,1860.0,394.0,1848.0,293.0,2.2891,88553.0,INLAND
-117.26,33.18,9.0,4540.0,793.0,2235.0,746.0,4.5781,243608.01,NEAR OCEAN
-115.51,33.12,21.0,1024.0,218.0,890.0,232.0,2.101,60063.0,INLAND
-117.88,33.74,16.0,1444.0,446.0,2329.0,441.0,3.1691,166931.0,<1H OCEAN
-122.42,37.78,52.0,989.0,425.0,634.0,341.0,2.4414,306701.11,NEAR BAY
-122.2,37.75,36.0,606.0,132.0,531.0,133.0,1.5809,85637.0,NEAR BAY
-116.96,34.94,20.0,2355.0,467.0,1198.0,428.0,3.9934,92988.0,INLAND
-117.95,33.84,34.0,1229.0,215.0,1035.0,218.0,3.5455,178130.0,<1H OCEAN
-121.93,37.71,26.0,4822.0,845.0,2288.0,805.0,4.2281,244476.01,<1H OCEAN
-121.77,37.22,16.0,1617.0,306.0,667.0,264.0,4.5221,267634.07,<1H OCEAN
-121.96,38.34,14.0,3035.0,680.0,1597.0,663.0,3.6036,139391.0,INLAND
-121.32,36.42,20.0,1054.0,269.0,1219.0,273.0,3.0437,149151.0,<1H OCEAN
-118.44,33.98,21.0,18132.0,5419.0,7431.0,4930.0,5.3359,388747.36,<1H OCEAN
-124.17,40.8,52.0,1606.0,419.0,891.0,367.0,1.585,75397.0,NEAR OCEAN
-122.23,37.45,34.0,4177.0,723.0,1586.0,660.0,5.0457,352047.06,NEAR OCEAN
-117.15,34.48,31.0,265.0,55.0,186.0,55.0,2.125,113231.0,INLAND
-117.98,34.14,24.0,1596.0,388.0,1329.0,352.0,3.0417,147017.0,INLAND
-120.95,37.59,29.0,1727.0,439.0,1063.0,386.0,1.8929,90378.0,INLAND
-121.95,37.35,48.0,1246.0,294.0,697.0,284.0,3.6118,248454.0,<1H OCEAN
-122.38,37.34,33.0,1054.0,209.0,400.0,161.0,7.7773,446991.43,NEAR OCEAN
-121.47,38.68,19.0,946.0,182.0,474.0,173.0,5.0155,170645.0,INLAND
-118.45,34.19,11.0,2479.0,900.0,2466.0,855.0,2.2264,195801.0,<1H OCEAN
-121.88,37.26,25.0,3025.0,689.0,1755.0,661.0,3.8893,223467.0,<1H OCEAN
-121.8,40.34,26.0,4815.0,910.0,1341.0,539.0,2.881,93800.0,INLAND
-121.82,37.39,37.0,4137.0,636.0,1569.0,578.0,6.1008,413825.2,<1H OCEAN
-120.87,38.71,13.0,2692.0,470.0,1302.0,420.0,4.0,155623.0,INLAND
-115.56,32.79,20.0,2372.0,835.0,2283.0,767.0,1.1707,60011.0,INLAND
-122.49,37.7,36.0,1946.0,340.0,828.0,313.0,5.2811,320094.0,NEAR OCEAN
-118.37,34.03,37.0,1236.0,,966.0,292.0,3.0694,246081.03,<1H OCEAN
-118.39,34.15,36.0,2696.0,713.0,905.0,659.0,3.1146,379964.12,<1H OCEAN
-119.78,36.73,52.0,1377.0,319.0,1280.0,259.0,1.2344,51112.0,INLAND
-117.89,33.66,33.0,3595.0,785.0,1621.0,732.0,4.1372,278096.0,<1H OCEAN
-121.37,38.56,19.0,6308.0,1167.0,3012.0,1112.0,2.9464,116609.0,INLAND
-118.2,33.85,46.0,1854.0,462.0,1360.0,429.0,2.4844,155828.0,<1H OCEAN
-120.46,37.31,26.0,3170.0,572.0,1524.0,565.0,3.48,105960.0,INLAND
-120.94,37.65,13.0,5075.0,978.0,3033.0,838.0,3.0577,113676.0,INLAND
-121.79,37.66,22.0,14701.0,2210.0,6693.0,2232.0,5.98,266473.0,INLAND
-122.08,40.64,14.0,3099.0,519.0,1447.0,494.0,4.0132,133011.0,INLAND
-118.41,34.02,34.0,1430.0,357.0,805.0,362.0,3.3462,326025.07,<1H OCEAN
-118.3,33.97,46.0,1425.0,317.0,1140.0,304.0,3.375,130732.0,<1H OCEAN
-118.42,34.16,46.0,54.0,9.0,20.0,6.0,0.536,358579.27,<1H OCEAN
-121.88,37.44,17.0,1621.0,299.0,1028.0,293.0,5.2722,233567.0,<1H OCEAN
-118.17,34.19,45.0,1790.0,316.0,1035.0,312.0,4.0985,219997.0,<1H OCEAN
-116.86,32.87,17.0,5799.0,921.0,2630.0,843.0,5.0524,210789.0,<1H OCEAN
-118.13,33.86,37.0,2259.0,425.0,1183.0,413.0,5.1805,249729.03,<1H OCEAN
-119.24,35.77,28.0,1737.0,521.0,1764.0,514.0,1.7813,53576.0,INLAND
-121.67,36.93,22.0,569.0,132.0,542.0,125.0,2.1875,154447.0,<1H OCEAN
-121.94,37.31,5.0,2364.0,578.0,1102.0,502.0,5.2642,307276.03,<1H OCEAN
-119.33,36.32,23.0,3137.0,628.0,1446.0,548.0,2.5,81287.0,INLAND
-117.23,32.8,27.0,1297.0,355.0,776.0,337.0,2.4643,218473.0,NEAR OCEAN
-121.27,37.96,41.0,461.0,101.0,382.0,79.0,1.275,67198.0,INLAND
-118.19,34.13,50.0,1309.0,302.0,883.0,293.0,3.1287,193980.0,<1H OCEAN
-122.52,37.88,52.0,176.0,50.0,88.0,46.0,3.8068,403386.02,NEAR BAY
-118.11,33.9,35.0,1323.0,269.0,1084.0,240.0,5.0753,186096.0,<1H OCEAN
-121.76,38.57,11.0,15018.0,3008.0,7984.0,2962.0,3.1371,144028.0,INLAND
-116.97,33.78,24.0,2680.0,606.0,1728.0,527.0,2.535,113259.0,INLAND
-117.17,32.75,28.0,1514.0,384.0,540.0,352.0,2.1532,159941.0,NEAR OCEAN
-118.4,33.87,38.0,2398.0,431.0,911.0,392.0,5.2319,410283.37,<1H OCEAN
-118.41,34.03,24.0,3711.0,1192.0,1764.0,1147.0,3.1642,352294.03,<1H OCEAN
-122.63,38.24,45.0,1615.0,338.0,823.0,327.0,2.5179,212613.0,<1H OCEAN
-120.59,37.59,36.0,291.0,48.0,124.0,47.0,5.6945,195480.01,INLAND
-120.98,38.34,27.0,3471.0,653.0,1793.0,600.0,3.5508,135775.0,INLAND
-118.37,33.93,10.0,199.0,41.0,61.0,56.0,2.8958,214730.02,<1H OCEAN
-118.28,34.17,52.0,2332.0,433.0,1135.0,440.0,5.5658,359180.06,<1H OCEAN
-118.21,34.04,47.0,1306.0,391.0,1499.0,346.0,2.2788,143326.0,<1H OCEAN
-122.4,37.76,52.0,4265.0,912.0,1555.0,836.0,4.119,320891.03,NEAR BAY
-118.4,34.14,45.0,417.0,89.0,187.0,88.0,5.1377,324641.12,<1H OCEAN
-121.53,38.56,39.0,2438.0,483.0,1103.0,472.0,2.9375,105123.0,INLAND
-121.89,37.25,23.0,2705.0,449.0,1180.0,442.0,6.0791,299882.01,<1H OCEAN
-119.65,36.35,38.0,3148.0,568.0,1378.0,537.0,2.8788,76921.0,INLAND
-117.95,35.13,4.0,2630.0,502.0,1150.0,422.0,4.25,100478.0,INLAND
-121.96,38.02,35.0,2691.0,542.0,1409.0,505.0,3.016,107094.0,INLAND
-122.04,38.24,22.0,2761.0,757.0,2612.0,641.0,1.6875,96769.0,INLAND
-122.11,37.14,29.0,3201.0,640.0,1722.0,570.0,4.4597,258045.05,NEAR OCEAN
-117.3,34.12,50.0,1629.0,437.0,1581.0,394.0,2.2019,77616.0,INLAND
-122.58,38.46,15.0,2936.0,517.0,1182.0,501.0,3.3981,194199.0,<1H OCEAN
-122.18,37.8,23.0,2317.0,336.0,955.0,328.0,6.7527,339662.03,NEAR BAY
-118.15,34.67,5.0,12317.0,2953.0,6291.0,2654.0,3.5732,140436.0,INLAND
-118.19,33.82,11.0,872.0,203.0,422.0,221.0,4.6364,225165.0,NEAR OCEAN
-121.46,38.55,40.0,2077.0,435.0,1454.0,385.0,2.0074,71719.0,INLAND
-117.99,33.66,29.0,1330.0,293.0,613.0,236.0,4.6591,305454.06,<1H OCEAN
-118.27,33.76,46.0,22.0,11.0,32.0,7.0,3.125,244099.02,NEAR OCEAN
-117.28,32.83,34.0,2392.0,653.0,933.0,619.0,3.7306,384927.27,NEAR OCEAN
-118.34,33.93,33.0,4294.0,1224.0,4512.0,1189.0,2.8304,176269.0,<1H OCEAN
-119.55,36.72,6.0,1186.0,234.0,1135.0,218.0,2.1515,90896.0,INLAND
-116.48,33.94,10.0,3254.0,913.0,923.0,486.0,1.8,99087.0,INLAND
-120.93,39.96,15.0,1666.0,351.0,816.0,316.0,2.9559,93608.0,INLAND
-114.65,33.6,28.0,1678.0,322.0,666.0,256.0,2.9653,83744.0,INLAND
-122.48,37.75,48.0,2555.0,548.0,1285.0,482.0,3.7734,328413.0,NEAR BAY
-117.85,34.1,22.0,5179.0,944.0,2315.0,884.0,4.51,209974.0,<1H OCEAN
-122.29,37.9,52.0,1604.0,263.0,594.0,286.0,5.338,329882.1,NEAR BAY
-120.81,38.73,38.0,2005.0,385.0,882.0,353.0,2.5104,108583.0,INLAND
-122.26,37.78,52.0,970.0,217.0,528.0,208.0,3.3438,200549.0,NEAR BAY
-118.47,33.99,41.0,1146.0,310.0,833.0,270.0,2.5938,333525.02,<1H OCEAN
-116.39,33.82,15.0,11115.0,2257.0,4122.0,1653.0,2.7219,115668.0,INLAND
-117.85,33.79,46.0,1846.0,383.0,867.0,336.0,3.4234,206987.0,<1H OCEAN
-122.27,37.89,52.0,1978.0,293.0,723.0,272.0,5.3989,315629.05,NEAR BAY
-122.32,37.55,44.0,2151.0,411.0,849.0,370.0,4.4583,380467.09,NEAR OCEAN
-118.58,34.17,29.0,3393.0,574.0,1471.0,587.0,6.2064,386015.16,<1H OCEAN
-118.44,34.32,14.0,6235.0,1286.0,3568.0,1190.0,4.1724,212483.0,<1H OCEAN
-116.15,34.14,18.0,3312.0,705.0,1251.0,512.0,3.0139,77770.0,INLAND
-117.92,33.75,32.0,790.0,199.0,1196.0,201.0,3.0625,165418.0,<1H OCEAN
-118.36,33.89,27.0,2837.0,684.0,2141.0,648.0,3.1325,226444.0,<1H OCEAN
-117.91,33.78,26.0,4297.0,1037.0,3596.0,967.0,3.045,183788.0,<1H OCEAN
-117.39,34.09,10.0,5736.0,945.0,3528.0,932.0,4.3958,137214.0,INLAND
-118.08,33.86,17.0,2259.0,383.0,1378.0,386.0,5.8733,293564.05,<1H OCEAN
-117.82,33.67,17.0,2895.0,439.0,1588.0,450.0,6.276,290411.0,<1H OCEAN
-116.89,32.99,14.0,2816.0,501.0,1448.0,452.0,5.0278,192088.0,<1H OCEAN
-117.98,34.07,15.0,3543.0,888.0,3131.0,823.0,3.0184,148129.0,INLAND
-122.71,38.42,23.0,1569.0,414.0,1031.0,368.0,1.6267,141065.0,<1H OCEAN
-122.13,37.44,38.0,2835.0,447.0,1148.0,446.0,5.9277,372243.08,NEAR BAY
-121.47,39.01,37.0,1244.0,247.0,484.0,157.0,2.3661,86227.0,INLAND
-118.08,33.94,21.0,3933.0,949.0,2219.0,820.0,2.4926,174426.0,<1H OCEAN
-119.03,34.25,25.0,3344.0,502.0,1483.0,496.0,6.196,275555.0,<1H OCEAN
-118.13,33.81,37.0,1228.0,237.0,572.0,242.0,4.325,223699.0,<1H OCEAN
-117.88,33.74,31.0,1120.0,296.0,1718.0,268.0,2.8077,171499.0,<1H OCEAN
-118.16,33.77,38.0,3235.0,769.0,1284.0,752.0,2.9384,252087.0,NEAR OCEAN
-122.79,39.02,23.0,642.0,203.0,265.0,84.0,1.8833,89076.99,INLAND
-120.03,38.19,26.0,7005.0,1358.0,416.0,189.0,2.125,106079.0,INLAND
-117.09,32.57,17.0,444.0,83.0,357.0,87.0,5.1478,172824.02,NEAR OCEAN
-119.57,37.94,17.0,346.0,130.0,51.0,20.0,3.4861,151337.0,INLAND
-121.07,39.13,8.0,4839.0,832.0,1977.0,762.0,4.0848,175168.0,INLAND
-115.57,32.78,25.0,2007.0,301.0,1135.0,332.0,5.128,141135.01,INLAND
-117.09,33.15,13.0,3958.0,865.0,1981.0,840.0,3.4764,177388.0,<1H OCEAN
-122.85,38.62,16.0,4418.0,704.0,1908.0,697.0,4.5913,234386.0,<1H OCEAN
-118.47,34.23,22.0,8350.0,2717.0,9135.0,2452.0,2.5008,187952.0,<1H OCEAN
-118.14,34.17,42.0,2757.0,713.0,2112.0,653.0,2.7148,177400.01,<1H OCEAN
-122.45,37.71,49.0,2244.0,442.0,1948.0,423.0,4.7639,268426.02,NEAR OCEAN
-122.04,38.25,38.0,1214.0,244.0,632.0,254.0,2.8438,100623.0,INLAND
-118.8,34.21,16.0,1466.0,196.0,661.0,209.0,6.2893,265719.0,<1H OCEAN
-118.08,34.16,42.0,3490.0,665.0,1713.0,620.0,4.5461,292440.0,INLAND
-117.04,32.74,33.0,3880.0,770.0,2288.0,805.0,3.6848,143406.0,NEAR OCEAN
-121.87,37.27,18.0,3561.0,560.0,1753.0,553.0,5.0292,258487.0,<1H OCEAN
-120.48,41.82,20.0,1367.0,284.0,429.0,181.0,2.0227,66866.0,INLAND
-122.76,38.35,30.0,2260.0,374.0,958.0,359.0,5.0323,247936.0,<1H OCEAN
-122.34,40.51,16.0,2247.0,502.0,1206.0,463.0,1.9946,77099.0,INLAND
-117.0,32.73,17.0,6050.0,1143.0,3424.0,1131.0,3.7647,150195.0,<1H OCEAN
-117.31,34.5,14.0,2443.0,447.0,883.0,465.0,2.1111,100684.0,INLAND
-119.33,36.32,19.0,2778.0,431.0,1092.0,451.0,5.2561,131352.0,INLAND
-123.19,39.12,38.0,267.0,57.0,196.0,60.0,2.3125,124008.0,<1H OCEAN
-118.43,34.18,33.0,2717.0,662.0,1546.0,597.0,3.9099,263450.0,<1H OCEAN
-118.24,34.14,27.0,2909.0,1021.0,2614.0,935.0,2.1444,221559.02,<1H OCEAN
-122.46,37.75,52.0,1207.0,152.0,465.0,162.0,10.7569,499589.98,NEAR BAY
-117.05,32.75,35.0,2144.0,388.0,1003.0,383.0,3.0938,158643.0,NEAR OCEAN
-118.96,34.3,16.0,3103.0,482.0,1567.0,467.0,6.907,348213.02,<1H OCEAN
-122.14,37.46,27.0,5580.0,2009.0,4165.0,1763.0,2.4375,195552.0,NEAR BAY
-118.44,34.24,35.0,2344.0,435.0,1531.0,399.0,3.725,183883.0,<1H OCEAN
-121.42,38.55,35.0,182.0,39.0,115.0,43.0,2.6417,90079.0,INLAND
-121.87,37.33,37.0,3137.0,685.0,2048.0,651.0,3.0156,180867.0,<1H OCEAN
-122.22,37.46,37.0,2586.0,495.0,1208.0,502.0,4.3214,344146.11,NEAR OCEAN
-118.35,34.16,49.0,1305.0,228.0,584.0,255.0,5.636,360672.15,<1H OCEAN
-117.88,33.83,25.0,1785.0,248.0,750.0,251.0,6.8407,300156.02,<1H OCEAN
-119.87,36.79,8.0,2875.0,548.0,1718.0,551.0,3.6522,85128.0,INLAND
-122.27,37.85,52.0,4076.0,920.0,1800.0,815.0,2.7054,188262.0,NEAR BAY
-118.16,33.87,32.0,1854.0,471.0,1363.0,478.0,2.6406,177263.0,<1H OCEAN
-120.87,37.76,16.0,2022.0,413.0,1126.0,408.0,2.5655,121126.0,INLAND
-122.44,37.77,52.0,2705.0,647.0,1355.0,628.0,2.0161,279630.0,NEAR BAY
-117.37,34.01,15.0,1386.0,247.0,703.0,185.0,3.6415,130719.0,INLAND
-118.47,34.03,29.0,3287.0,882.0,1523.0,823.0,3.7381,407958.07,<1H OCEAN
-118.28,33.92,39.0,1274.0,282.0,975.0,277.0,1.5114,100130.0,<1H OCEAN
-117.8,33.69,16.0,2745.0,447.0,1429.0,411.0,6.8219,289349.0,<1H OCEAN
-122.17,38.08,7.0,18392.0,2782.0,8276.0,2742.0,6.4232,298106.0,NEAR BAY
-118.07,34.07,31.0,1370.0,284.0,1062.0,277.0,3.5156,177847.0,<1H OCEAN
-122.15,37.47,39.0,1295.0,239.0,566.0,242.0,5.6407,342294.08,NEAR BAY
-117.82,33.81,19.0,2556.0,304.0,822.0,260.0,9.9055,473916.55,<1H OCEAN
-121.86,37.39,17.0,1777.0,328.0,1235.0,329.0,5.4225,228820.0,<1H OCEAN
-117.19,32.75,52.0,25.0,5.0,13.0,5.0,0.536,180499.1,NEAR OCEAN
-121.29,38.03,7.0,2021.0,441.0,1615.0,406.0,2.5842,111841.0,INLAND
-121.89,37.45,15.0,2428.0,513.0,1687.0,519.0,4.75,216555.0,<1H OCEAN
-118.95,34.81,30.0,2817.0,604.0,1089.0,412.0,3.1364,112373.0,INLAND
-118.43,34.01,31.0,2526.0,528.0,1046.0,504.0,4.7009,414471.16,<1H OCEAN
-121.94,38.35,8.0,3157.0,559.0,1758.0,569.0,4.412,144608.0,INLAND
-118.29,33.92,23.0,2503.0,532.0,1735.0,505.0,2.7368,164456.0,<1H OCEAN
-118.08,33.87,23.0,2536.0,552.0,2012.0,556.0,4.1406,186747.0,<1H OCEAN
-117.17,32.71,7.0,2493.0,693.0,951.0,641.0,4.2375,263658.04,NEAR OCEAN
-118.46,34.03,52.0,523.0,,317.0,130.0,2.2794,307383.08,<1H OCEAN
-120.59,37.35,15.0,3249.0,613.0,1569.0,595.0,3.5393,100467.0,INLAND
-122.26,37.45,17.0,2742.0,441.0,986.0,421.0,5.9285,408506.18,NEAR OCEAN
-117.31,34.53,26.0,2299.0,496.0,1259.0,441.0,2.6125,107691.0,INLAND
-120.48,39.66,32.0,1516.0,289.0,304.0,131.0,1.8839,76573.0,INLAND
-118.45,34.31,9.0,1739.0,358.0,820.0,323.0,4.0556,215771.02,<1H OCEAN
-118.16,34.04,45.0,332.0,70.0,302.0,60.0,3.1895,176999.0,<1H OCEAN
-118.23,33.93,37.0,239.0,49.0,308.0,52.0,1.4028,176948.0,<1H OCEAN
-121.04,37.5,33.0,613.0,123.0,343.0,116.0,3.1875,138077.0,INLAND
-121.13,36.21,34.0,2504.0,550.0,1810.0,547.0,3.4821,176907.0,<1H OCEAN
-121.88,37.24,24.0,4420.0,996.0,2981.0,975.0,3.506,249574.0,<1H OCEAN
-118.35,34.17,47.0,858.0,170.0,365.0,171.0,2.0385,237890.01,<1H OCEAN
-121.94,37.34,29.0,3377.0,853.0,1674.0,792.0,3.4233,275698.0,<1H OCEAN
-121.17,37.82,35.0,2506.0,406.0,1316.0,398.0,3.8472,141787.0,INLAND
-118.4,34.07,22.0,2170.0,593.0,850.0,520.0,2.9107,376690.2,<1H OCEAN
-122.41,37.77,52.0,361.0,76.0,168.0,55.0,3.2292,286180.03,NEAR BAY
-122.1,37.4,23.0,514.0,210.0,367.0,206.0,3.1736,216369.0,NEAR BAY
-121.29,38.67,20.0,1992.0,363.0,889.0,346.0,3.6516,137273.0,INLAND
-119.69,36.82,15.0,3303.0,512.0,1687.0,505.0,4.81,119910.0,INLAND
-118.28,34.18,47.0,2243.0,339.0,911.0,319.0,7.4046,446315.33,<1H OCEAN
-118.02,34.04,27.0,5640.0,1001.0,3538.0,978.0,5.065,256007.01,<1H OCEAN
-120.45,34.65,25.0,980.0,276.0,896.0,245.0,2.0,142797.01,NEAR OCEAN
-122.18,37.8,34.0,1355.0,195.0,442.0,195.0,6.2838,391814.07,NEAR BAY
-118.41,34.19,39.0,1169.0,242.0,612.0,247.0,4.1429,221578.0,<1H OCEAN
-122.42,37.79,52.0,3511.0,1232.0,2452.0,1131.0,2.5013,321678.09,NEAR BAY
-117.28,34.26,18.0,3895.0,,1086.0,375.0,3.3672,120210.0,INLAND
-118.31,34.01,52.0,2547.0,475.0,1417.0,444.0,1.8214,122804.0,<1H OCEAN
-118.28,33.97,31.0,2017.0,566.0,2063.0,521.0,1.9219,102535.0,<1H OCEAN
-121.89,36.63,20.0,1834.0,554.0,971.0,514.0,3.0383,212308.0,<1H OCEAN
-118.56,34.23,36.0,2406.0,432.0,1242.0,454.0,4.6944,223162.0,<1H OCEAN
-121.62,39.13,41.0,1147.0,243.0,583.0,239.0,2.2431,82349.0,INLAND
-121.86,37.37,15.0,8162.0,2124.0,8793.0,2086.0,3.3306,201626.0,<1H OCEAN
-122.2,37.77,43.0,2430.0,502.0,1537.0,484.0,2.898,133119.0,NEAR BAY
-117.71,34.1,41.0,555.0,130.0,1492.0,123.0,2.2813,120106.0,INLAND
-118.41,34.21,35.0,2215.0,459.0,1594.0,446.0,4.0167,190047.0,<1H OCEAN
-118.2,33.98,32.0,1403.0,399.0,1506.0,375.0,2.0,156152.0,<1H OCEAN
-118.08,34.55,5.0,16181.0,2971.0,8152.0,2651.0,4.5237,152508.0,INLAND
-121.76,37.69,29.0,3433.0,711.0,1919.0,709.0,3.3841,170373.0,INLAND
-122.02,37.94,19.0,3192.0,612.0,1317.0,594.0,4.125,203311.0,NEAR BAY
-118.27,34.09,52.0,2327.0,555.0,1048.0,491.0,3.7847,257282.01,<1H OCEAN
-122.02,37.89,29.0,6349.0,858.0,2450.0,778.0,7.5,388601.0,NEAR BAY
-121.88,37.46,5.0,1819.0,245.0,802.0,228.0,10.9722,497207.91,<1H OCEAN
-118.1,33.84,36.0,1915.0,316.0,850.0,319.0,4.7222,224983.0,<1H OCEAN
-117.85,34.07,32.0,761.0,101.0,295.0,95.0,11.1077,481199.46,<1H OCEAN
-117.04,32.8,11.0,1802.0,440.0,630.0,428.0,2.0337,134372.0,<1H OCEAN
-118.38,33.81,20.0,1975.0,306.0,703.0,292.0,8.5491,476158.8,NEAR OCEAN
-122.29,37.87,44.0,2539.0,755.0,1382.0,713.0,2.537,196127.0,NEAR BAY
-120.17,39.33,18.0,1046.0,204.0,486.0,179.0,4.119,143809.0,INLAND
-122.0,38.41,11.0,2838.0,429.0,1331.0,426.0,4.945,182267.0,INLAND
-118.12,33.85,37.0,2386.0,409.0,1101.0,399.0,4.6908,219479.0,<1H OCEAN
-118.29,33.71,40.0,1933.0,475.0,902.0,412.0,4.25,316997.07,NEAR OCEAN
-120.84,37.07,24.0,1520.0,335.0,882.0,306.0,2.2019,89457.0,INLAND
-118.38,34.07,21.0,3653.0,956.0,1510.0,890.0,3.5573,439391.3,<1H OCEAN
-121.97,37.97,24.0,1330.0,183.0,656.0,205.0,5.0092,194401.0,INLAND
-118.77,34.28,6.0,4685.0,965.0,2180.0,909.0,4.5458,262107.0,<1H OCEAN
-118.99,35.37,36.0,832.0,198.0,814.0,174.0,1.4773,50800.0,INLAND
-117.18,32.79,30.0,5201.0,1104.0,2961.0,1064.0,3.2661,211796.01,NEAR OCEAN
-118.05,33.93,31.0,894.0,203.0,883.0,190.0,3.6771,167462.0,<1H OCEAN
-120.89,37.45,29.0,1940.0,337.0,1070.0,332.0,3.6597,143418.0,INLAND
-118.2,34.14,52.0,3800.0,646.0,1842.0,620.0,5.5524,351121.11,<1H OCEAN
-118.48,34.19,36.0,2058.0,423.0,1132.0,423.0,3.8833,216361.0,<1H OCEAN
-117.99,33.82,19.0,1991.0,528.0,1202.0,460.0,3.1538,204656.0,<1H OCEAN
-117.76,33.81,2.0,582.0,70.0,199.0,64.0,7.1193,364928.1,<1H OCEAN
-118.93,34.4,17.0,3275.0,599.0,2422.0,637.0,3.7092,184063.01,<1H OCEAN
-122.13,37.71,44.0,1613.0,339.0,776.0,346.0,3.1103,183997.0,NEAR BAY
-122.07,37.89,38.0,2139.0,343.0,809.0,340.0,5.5636,301412.02,NEAR BAY
-121.85,39.74,41.0,2901.0,689.0,1426.0,632.0,1.5633,64692.0,INLAND
-117.04,32.77,16.0,7963.0,1881.0,3769.0,1804.0,2.9624,155566.0,<1H OCEAN
-118.13,33.84,46.0,2439.0,429.0,944.0,374.0,4.2841,254324.01,<1H OCEAN
-117.13,32.72,17.0,1285.0,423.0,1208.0,409.0,1.758,121665.0,NEAR OCEAN
-117.72,33.61,26.0,2653.0,621.0,774.0,584.0,2.49,127002.0,<1H OCEAN
-119.79,36.82,23.0,4358.0,819.0,1852.0,802.0,3.4167,99973.0,INLAND
-118.31,34.16,37.0,2144.0,446.0,860.0,435.0,3.9464,285330.01,<1H OCEAN
-118.62,34.2,23.0,3098.0,542.0,1486.0,492.0,5.7613,278709.01,<1H OCEAN
-121.33,38.28,14.0,980.0,171.0,659.0,183.0,4.4306,154268.0,INLAND
-118.26,33.95,44.0,1481.0,329.0,999.0,315.0,1.5147,94773.0,<1H OCEAN
-120.41,34.86,15.0,978.0,187.0,407.0,182.0,4.375,236276.02,<1H OCEAN
-119.08,36.2,30.0,1677.0,358.0,1159.0,365.0,2.4554,65081.0,INLAND
-117.21,33.02,26.0,3194.0,454.0,1032.0,406.0,10.156,497111.97,NEAR OCEAN
-122.47,37.66,18.0,4172.0,806.0,3226.0,790.0,5.7535,321316.04,NEAR OCEAN
-121.92,36.62,52.0,728.0,161.0,313.0,142.0,3.4327,274806.03,NEAR OCEAN
-119.13,36.13,28.0,1673.0,385.0,1434.0,371.0,2.0586,54412.0,INLAND
-118.46,33.99,52.0,1158.0,253.0,528.0,253.0,3.5234,348316.05,<1H OCEAN
-122.01,36.99,41.0,2548.0,508.0,1290.0,488.0,3.6902,248144.0,NEAR OCEAN
-118.15,34.17,46.0,2553.0,558.0,1740.0,492.0,2.0278,182852.06,<1H OCEAN
-117.25,34.11,30.0,2173.0,560.0,1509.0,486.0,1.4079,73114.0,INLAND
-118.13,33.81,36.0,1749.0,322.0,855.0,319.0,4.6473,230248.0,<1H OCEAN
-118.94,34.18,25.0,3502.0,508.0,1713.0,508.0,5.5181,269079.02,<1H OCEAN
-122.28,37.81,35.0,948.0,184.0,467.0,169.0,1.8088,111119.0,NEAR BAY
-117.08,32.7,37.0,2176.0,418.0,1301.0,375.0,2.875,121827.0,NEAR OCEAN
-118.19,33.98,40.0,973.0,272.0,1257.0,258.0,2.8214,150250.0,<1H OCEAN
-122.11,37.38,22.0,3638.0,719.0,1329.0,650.0,5.0804,368978.18,NEAR BAY
-122.75,39.01,17.0,4162.0,967.0,889.0,414.0,3.4187,146917.0,INLAND
-122.67,38.25,32.0,1333.0,235.0,660.0,206.0,4.0729,255228.0,<1H OCEAN
-119.03,35.34,36.0,3474.0,645.0,1679.0,616.0,2.7256,70472.0,INLAND
-118.32,33.73,25.0,1099.0,168.0,407.0,159.0,7.6886,434571.62,NEAR OCEAN
-118.12,33.75,47.0,3330.0,569.0,1220.0,557.0,7.3672,474429.59,NEAR OCEAN
-117.25,32.8,37.0,1096.0,260.0,490.0,267.0,3.2663,274180.01,NEAR OCEAN
-118.19,34.03,42.0,2250.0,629.0,2588.0,609.0,1.9719,140231.0,<1H OCEAN
-117.91,34.1,35.0,2746.0,478.0,1779.0,501.0,4.25,170356.0,<1H OCEAN
-118.32,33.94,36.0,1153.0,224.0,639.0,226.0,4.0,175377.0,<1H OCEAN
-118.3,33.9,19.0,2421.0,689.0,1726.0,660.0,3.287,199776.0,<1H OCEAN
-117.47,33.94,34.0,2086.0,417.0,1501.0,395.0,3.2311,112843.0,INLAND
-122.27,37.85,52.0,335.0,83.0,152.0,77.0,2.2841,191331.09,NEAR BAY
-119.29,36.32,33.0,2107.0,451.0,1364.0,442.0,2.2024,64035.0,INLAND
-118.22,34.12,37.0,1298.0,242.0,750.0,255.0,5.2049,304147.02,<1H OCEAN
-122.35,37.98,34.0,3756.0,726.0,2237.0,686.0,3.7562,137103.0,NEAR BAY
-122.48,37.67,14.0,3395.0,1059.0,2258.0,945.0,2.964,245128.01,NEAR OCEAN
-118.41,33.97,44.0,2789.0,503.0,3732.0,474.0,4.6176,322418.0,<1H OCEAN
-117.15,33.16,5.0,4750.0,962.0,2726.0,905.0,3.5839,192561.0,<1H OCEAN
-118.41,34.19,45.0,1106.0,225.0,595.0,228.0,3.6625,206075.0,<1H OCEAN
-120.95,37.59,43.0,1561.0,354.0,862.0,332.0,1.8466,80661.0,INLAND
-122.01,39.21,50.0,1592.0,372.0,781.0,307.0,2.2679,85399.0,INLAND
-116.98,32.79,32.0,3756.0,662.0,1611.0,598.0,3.8667,165984.0,<1H OCEAN
-118.34,34.26,37.0,1776.0,301.0,702.0,265.0,5.2661,325720.07,<1H OCEAN
-118.31,33.88,35.0,1939.0,412.0,1036.0,400.0,3.5556,234521.0,<1H OCEAN
-117.13,32.73,52.0,1911.0,415.0,777.0,412.0,2.2429,172926.0,NEAR OCEAN
-117.12,32.9,13.0,1743.0,363.0,854.0,353.0,4.6667,181412.0,<1H OCEAN
-121.33,38.01,27.0,1612.0,234.0,630.0,255.0,5.318,161922.0,INLAND
-117.09,32.64,30.0,3171.0,862.0,2126.0,800.0,2.507,110564.0,NEAR OCEAN
-118.94,34.17,16.0,3746.0,508.0,1556.0,452.0,6.3303,289767.0,<1H OCEAN
-117.46,34.85,7.0,9759.0,1816.0,2933.0,1168.0,3.4912,105542.0,INLAND
-118.19,34.12,44.0,1219.0,324.0,1036.0,282.0,4.0417,199931.0,<1H OCEAN
-117.11,32.75,11.0,1607.0,478.0,1384.0,450.0,2.05,102392.0,NEAR OCEAN
-118.28,34.04,48.0,1521.0,513.0,1772.0,458.0,2.2232,140373.0,<1H OCEAN
-122.44,37.72,49.0,1557.0,405.0,1173.0,385.0,3.4605,239737.0,NEAR BAY
-121.96,37.34,34.0,1461.0,299.0,739.0,276.0,3.4375,257062.0,<1H OCEAN
-121.45,36.51,29.0,1045.0,311.0,1245.0,273.0,1.775,128354.0,<1H OCEAN
-118.22,33.96,42.0,1380.0,331.0,1290.0,288.0,2.8,144158.0,<1H OCEAN
-118.08,34.0,35.0,1188.0,342.0,1373.0,332.0,2.9107,156186.0,<1H OCEAN
-114.6,34.83,46.0,1497.0,309.0,787.0,271.0,2.1908,61302.95,INLAND
-121.28,38.68,14.0,11442.0,2690.0,6068.0,2435.0,2.6016,123195.0,INLAND
-117.86,33.63,17.0,3095.0,551.0,1175.0,534.0,5.3099,299859.13,<1H OCEAN
-118.36,33.98,45.0,1559.0,305.0,891.0,341.0,4.4038,229942.0,<1H OCEAN
-122.55,38.03,29.0,7174.0,1169.0,3063.0,1172.0,6.0902,368146.07,NEAR BAY
-118.37,34.14,21.0,4670.0,1161.0,1914.0,1094.0,3.7986,350685.11,<1H OCEAN
-122.06,37.95,36.0,2213.0,386.0,950.0,370.0,4.7386,209716.0,NEAR BAY
-117.9,33.67,26.0,2507.0,393.0,1333.0,392.0,6.1601,288821.0,<1H OCEAN
-122.07,40.95,14.0,2721.0,627.0,1356.0,468.0,3.0299,96951.0,INLAND
-118.13,33.93,34.0,2122.0,517.0,1578.0,488.0,3.1496,204449.0,<1H OCEAN
-118.3,34.03,40.0,1695.0,374.0,1138.0,357.0,2.7125,135476.0,<1H OCEAN
-121.85,38.0,26.0,3364.0,570.0,1806.0,566.0,4.2647,145262.0,INLAND
-118.45,34.18,22.0,2516.0,826.0,3350.0,713.0,2.0192,186329.0,<1H OCEAN
-114.61,34.84,48.0,1291.0,248.0,580.0,211.0,2.1571,59121.93,INLAND
-122.03,37.31,19.0,2885.0,859.0,1520.0,784.0,3.375,286698.08,<1H OCEAN
-121.44,38.54,44.0,2570.0,509.0,1145.0,503.0,2.5694,88646.0,INLAND
-121.35,38.0,22.0,3564.0,730.0,1539.0,699.0,3.675,131004.0,INLAND
-120.6,35.6,13.0,4461.0,764.0,1795.0,640.0,4.475,243897.0,<1H OCEAN
-118.27,34.07,42.0,1175.0,428.0,1593.0,407.0,2.3438,183884.0,<1H OCEAN
-122.4,38.46,33.0,2542.0,466.0,1099.0,420.0,4.635,271374.0,INLAND
-121.9,37.1,23.0,1708.0,287.0,670.0,238.0,6.4517,290208.04,<1H OCEAN
-117.78,33.76,25.0,2260.0,261.0,719.0,254.0,11.4537,488352.38,<1H OCEAN
-117.24,34.13,26.0,3774.0,716.0,1913.0,620.0,3.3534,105520.0,INLAND
-118.11,33.87,15.0,3254.0,598.0,1772.0,618.0,5.0417,237504.0,<1H OCEAN
-118.15,34.11,52.0,2375.0,369.0,930.0,351.0,7.4111,452454.53,<1H OCEAN
-118.29,33.98,48.0,1124.0,231.0,783.0,223.0,3.4444,132834.0,<1H OCEAN
-117.92,34.08,35.0,1860.0,323.0,1011.0,305.0,3.5536,198601.0,<1H OCEAN
-117.93,34.15,14.0,9610.0,2005.0,4723.0,1907.0,4.0393,185922.0,INLAND
-117.09,32.99,18.0,3215.0,588.0,1618.0,509.0,4.6028,199957.0,<1H OCEAN
-118.36,33.84,35.0,1577.0,279.0,743.0,274.0,5.7654,325224.02,<1H OCEAN
-121.94,36.98,21.0,3520.0,831.0,1486.0,753.0,3.0905,266779.01,NEAR OCEAN
-117.92,33.84,45.0,2019.0,394.0,1549.0,377.0,4.6111,195879.0,<1H OCEAN
-118.34,34.01,35.0,1359.0,359.0,655.0,341.0,2.5568,180099.02,<1H OCEAN
-117.08,34.96,28.0,1777.0,307.0,721.0,259.0,3.6343,74436.0,INLAND
-117.24,33.23,21.0,1718.0,308.0,1194.0,312.0,3.4359,174484.01,<1H OCEAN
-118.19,34.19,34.0,2061.0,260.0,825.0,254.0,15.0001,499705.98,<1H OCEAN
-124.16,40.79,52.0,1264.0,277.0,591.0,284.0,1.7778,69681.0,NEAR OCEAN
-118.33,34.01,43.0,2227.0,564.0,956.0,472.0,2.0217,170681.0,<1H OCEAN
-117.2,34.04,24.0,1587.0,222.0,676.0,234.0,6.0715,159942.0,INLAND
-117.84,33.77,26.0,3350.0,581.0,1314.0,550.0,3.5195,227527.0,<1H OCEAN
-117.66,35.6,14.0,1740.0,391.0,850.0,317.0,2.5812,83647.0,INLAND
-118.22,34.08,34.0,1709.0,562.0,2105.0,503.0,1.9704,156605.01,<1H OCEAN
-118.46,34.17,24.0,2814.0,675.0,1463.0,620.0,4.1875,255732.0,<1H OCEAN
-122.27,37.85,52.0,1228.0,293.0,648.0,303.0,2.1202,145231.0,NEAR BAY
-118.38,33.87,27.0,2287.0,491.0,1101.0,466.0,4.675,377256.01,<1H OCEAN
-117.25,32.94,16.0,4755.0,807.0,1829.0,756.0,6.7694,351169.03,NEAR OCEAN
-122.31,37.54,46.0,2444.0,397.0,952.0,402.0,4.75,358430.11,NEAR OCEAN
-119.72,36.76,23.0,6403.0,,3573.0,1260.0,2.3006,75075.0,INLAND
-118.0,33.94,37.0,903.0,158.0,444.0,158.0,3.75,180414.0,<1H OCEAN
-121.15,38.89,20.0,2024.0,313.0,879.0,309.0,5.2903,198140.0,INLAND
-122.0,37.36,19.0,2237.0,433.0,1158.0,426.0,6.7718,329842.01,<1H OCEAN
-121.9,38.01,16.0,2604.0,454.0,1696.0,481.0,4.6628,162348.0,INLAND
-122.78,38.52,23.0,2511.0,549.0,1052.0,527.0,2.4922,172817.0,<1H OCEAN
-117.2,34.13,14.0,3998.0,711.0,1509.0,665.0,3.4138,110596.0,INLAND
-118.13,34.44,10.0,2726.0,465.0,1773.0,459.0,4.8295,236795.0,INLAND
-118.38,34.15,36.0,2933.0,619.0,1115.0,579.0,4.3036,405246.12,<1H OCEAN
-118.9,34.26,5.0,25187.0,3521.0,11956.0,3478.0,6.9712,348105.06,<1H OCEAN
-121.82,37.35,24.0,2298.0,575.0,2409.0,569.0,3.4509,184342.0,<1H OCEAN
-119.57,36.7,30.0,2370.0,412.0,1248.0,410.0,3.1442,88413.0,INLAND
-118.59,34.25,15.0,9716.0,2387.0,4992.0,2225.0,3.6231,228871.0,<1H OCEAN
-117.5,34.66,20.0,1319.0,309.0,486.0,196.0,2.0184,97964.99,INLAND
-122.04,37.3,25.0,3807.0,600.0,1678.0,600.0,6.6818,354445.08,<1H OCEAN
-117.83,33.75,34.0,2660.0,601.0,1475.0,567.0,3.4152,182146.0,<1H OCEAN
-117.05,33.52,5.0,3471.0,530.0,1541.0,502.0,4.8083,229198.0,<1H OCEAN
-116.33,33.75,5.0,19107.0,3923.0,2880.0,1376.0,4.036,154330.02,INLAND
-118.92,34.4,23.0,1290.0,283.0,1060.0,279.0,3.3152,189931.0,<1H OCEAN
-118.43,34.3,28.0,271.0,61.0,246.0,62.0,1.7062,195661.04,<1H OCEAN
-120.99,38.67,8.0,4913.0,744.0,2005.0,723.0,5.4413,208800.0,INLAND
-119.77,36.77,38.0,3065.0,658.0,1441.0,625.0,2.0564,65680.0,INLAND
-120.67,38.76,35.0,2104.0,403.0,1060.0,400.0,2.1682,98366.0,INLAND
-122.11,37.89,32.0,2372.0,516.0,1067.0,492.0,4.3235,277076.01,NEAR BAY
-121.28,38.9,31.0,1297.0,259.0,765.0,240.0,2.7656,99179.0,INLAND
-117.25,33.2,10.0,2050.0,473.0,1302.0,471.0,2.7961,143990.0,<1H OCEAN
-117.47,33.98,8.0,12106.0,1913.0,5810.0,1717.0,4.9886,161150.0,INLAND
-118.08,33.9,42.0,1768.0,372.0,1155.0,368.0,3.558,178857.0,<1H OCEAN
-118.32,33.79,21.0,6638.0,1634.0,3240.0,1568.0,3.6797,336869.0,<1H OCEAN
-122.38,41.54,14.0,4453.0,797.0,1817.0,685.0,2.7468,93229.0,INLAND
-118.31,34.02,41.0,1046.0,216.0,727.0,201.0,1.6667,132066.0,<1H OCEAN
-117.84,34.13,26.0,3773.0,694.0,2103.0,688.0,4.6937,217972.0,INLAND
-117.63,34.09,8.0,3557.0,890.0,2251.0,765.0,2.6818,119221.0,INLAND
-117.64,33.63,10.0,4814.0,643.0,1808.0,588.0,8.798,378345.07,<1H OCEAN
-122.28,37.52,27.0,2958.0,655.0,1285.0,577.0,4.0801,335533.01,NEAR OCEAN
-122.78,38.37,21.0,795.0,163.0,414.0,162.0,3.7991,208915.0,<1H OCEAN
-119.83,36.77,23.0,2168.0,503.0,1190.0,425.0,2.625,72403.0,INLAND
-116.35,34.13,9.0,1969.0,406.0,805.0,349.0,1.5491,72817.0,INLAND
-116.52,33.84,17.0,4465.0,859.0,853.0,445.0,3.6875,135716.0,INLAND
-120.97,38.65,9.0,3707.0,602.0,1601.0,555.0,4.0714,175574.0,INLAND
-122.43,37.8,52.0,3172.0,848.0,1259.0,806.0,4.1047,484887.77,NEAR BAY
-118.12,33.96,38.0,2105.0,348.0,956.0,350.0,4.4125,240963.0,<1H OCEAN
-119.52,36.61,33.0,1225.0,275.0,1065.0,248.0,1.8958,60475.0,INLAND
-116.96,32.79,35.0,1081.0,266.0,691.0,259.0,2.6324,153808.0,<1H OCEAN
-121.54,39.47,14.0,1724.0,315.0,939.0,302.0,2.4952,92986.0,INLAND
-121.13,36.2,16.0,1868.0,443.0,1323.0,436.0,2.9559,170060.0,<1H OCEAN
-121.41,38.58,18.0,6955.0,1882.0,2803.0,1740.0,3.089,136389.0,INLAND
-118.16,33.85,36.0,1979.0,339.0,952.0,339.0,4.0815,217442.0,<1H OCEAN
-121.43,38.57,46.0,2443.0,476.0,939.0,457.0,3.5893,137565.0,INLAND
-118.31,34.06,24.0,1336.0,453.0,1268.0,426.0,2.8202,254369.04,<1H OCEAN
-121.2,39.23,9.0,2802.0,447.0,955.0,418.0,5.2359,182580.0,INLAND
-117.89,33.74,34.0,1759.0,353.0,2083.0,330.0,3.2292,165747.0,<1H OCEAN
-121.77,36.71,18.0,6601.0,1395.0,3562.0,1299.0,3.512,213917.0,<1H OCEAN
-118.02,33.96,36.0,2002.0,361.0,913.0,311.0,4.5446,223477.01,<1H OCEAN
-121.27,38.65,33.0,1984.0,289.0,842.0,276.0,5.2949,195043.0,INLAND
-122.28,37.85,49.0,1130.0,244.0,607.0,239.0,2.4597,136281.0,NEAR BAY
-118.38,34.08,48.0,1226.0,288.0,370.0,264.0,3.9375,404351.18,<1H OCEAN
-121.98,37.31,28.0,3840.0,629.0,1883.0,662.0,6.4095,346049.06,<1H OCEAN
-116.72,33.56,13.0,3166.0,682.0,1250.0,475.0,2.355,137708.0,INLAND
-118.0,33.92,26.0,2830.0,399.0,1204.0,404.0,6.1273,293185.0,<1H OCEAN
-118.17,33.91,39.0,1157.0,273.0,877.0,305.0,3.1087,150553.0,<1H OCEAN
-117.08,33.01,5.0,5659.0,931.0,2565.0,902.0,6.1949,272828.0,<1H OCEAN
-122.13,36.97,27.0,991.0,194.0,543.0,155.0,4.7188,271806.06,NEAR OCEAN
-117.51,34.0,36.0,3791.0,746.0,2258.0,672.0,3.2067,125864.0,INLAND
-118.46,34.27,28.0,1865.0,463.0,1182.0,440.0,2.6193,174825.0,<1H OCEAN
-120.26,38.13,17.0,301.0,94.0,122.0,47.0,4.0583,146277.0,INLAND
-118.44,34.27,36.0,1111.0,275.0,1333.0,266.0,3.5347,152666.0,<1H OCEAN
-117.21,32.85,15.0,2593.0,521.0,901.0,456.0,4.2065,231261.0,NEAR OCEAN
-122.86,38.62,35.0,2597.0,522.0,1231.0,499.0,2.7432,178180.0,<1H OCEAN
-122.19,37.83,29.0,1791.0,271.0,661.0,269.0,6.8538,367295.1,NEAR BAY
-121.03,37.63,5.0,2881.0,584.0,1490.0,570.0,3.0398,137285.0,INLAND
-118.33,33.88,36.0,1271.0,346.0,811.0,345.0,3.2417,233300.0,<1H OCEAN
-119.68,36.8,7.0,2855.0,518.0,1748.0,498.0,4.2066,99784.0,INLAND
-117.2,32.76,40.0,581.0,157.0,298.0,156.0,2.4,234082.09,NEAR OCEAN
-118.46,34.01,43.0,513.0,98.0,266.0,103.0,5.6428,315189.05,<1H OCEAN
-117.83,34.15,20.0,2421.0,306.0,1023.0,298.0,8.0683,355139.01,INLAND
-117.33,34.07,32.0,2086.0,458.0,1355.0,412.0,2.5238,90274.0,INLAND
-120.37,37.98,29.0,2508.0,591.0,1112.0,550.0,1.6021,101355.0,INLAND
-117.09,32.81,7.0,6100.0,1185.0,2710.0,1040.0,5.5673,235499.0,NEAR OCEAN
-122.12,37.75,28.0,794.0,111.0,329.0,109.0,7.6923,369847.17,NEAR BAY
-117.91,33.61,38.0,1232.0,178.0,410.0,171.0,11.075,499229.93,<1H OCEAN
-120.0,35.91,16.0,259.0,53.0,131.0,38.0,3.125,79768.0,INLAND
-118.42,34.19,34.0,2622.0,572.0,1997.0,573.0,3.338,217283.0,<1H OCEAN
-120.71,40.36,19.0,4462.0,828.0,2229.0,777.0,3.5536,110295.0,INLAND
-120.48,37.32,13.0,3641.0,897.0,1737.0,788.0,2.1418,97388.0,INLAND
-124.16,40.95,20.0,1075.0,214.0,529.0,196.0,3.1406,121384.0,NEAR OCEAN
-118.4,34.22,36.0,2557.0,540.0,1556.0,491.0,3.6591,194834.0,<1H OCEAN
-117.1,32.67,22.0,1690.0,541.0,1669.0,494.0,2.0213,98375.0,NEAR OCEAN
-118.28,34.08,42.0,1618.0,522.0,1454.0,440.0,3.1607,219850.0,<1H OCEAN
-118.21,33.79,33.0,32.0,18.0,96.0,36.0,4.5938,232473.03,NEAR OCEAN
-117.29,34.12,40.0,2198.0,612.0,1517.0,531.0,1.0951,75975.0,INLAND
-118.21,33.9,41.0,941.0,233.0,973.0,253.0,1.9583,124643.0,<1H OCEAN
-118.01,34.08,35.0,1852.0,358.0,1414.0,347.0,4.275,222782.0,INLAND
-122.48,37.59,29.0,5889.0,959.0,2784.0,923.0,5.3991,294412.0,NEAR OCEAN
-118.32,34.09,34.0,1478.0,675.0,1976.0,653.0,2.0557,217287.01,<1H OCEAN
-122.41,37.73,33.0,2789.0,567.0,1682.0,552.0,3.8643,249601.0,NEAR BAY
-116.97,32.65,4.0,16450.0,2833.0,7985.0,2683.0,5.6631,247772.0,NEAR OCEAN
-122.23,37.82,52.0,1611.0,203.0,556.0,179.0,8.7477,441378.21,NEAR BAY
-118.6,34.07,16.0,319.0,59.0,149.0,64.0,4.625,377034.29,<1H OCEAN
-117.82,33.67,15.0,1010.0,274.0,649.0,261.0,2.5197,177319.0,<1H OCEAN
-122.51,37.76,43.0,2527.0,619.0,1332.0,558.0,3.0465,314456.0,NEAR OCEAN
-121.95,37.32,33.0,726.0,168.0,351.0,147.0,3.1458,254052.0,<1H OCEAN
-121.52,38.59,35.0,6418.0,1545.0,3814.0,1496.0,1.6647,94892.0,INLAND
-118.25,33.99,39.0,1274.0,319.0,1362.0,324.0,2.1793,110869.0,<1H OCEAN
-118.47,35.72,18.0,4754.0,1075.0,1366.0,690.0,2.0694,79469.98,INLAND
-122.16,37.68,16.0,1687.0,348.0,568.0,352.0,2.3869,185707.0,NEAR BAY
-117.87,34.11,34.0,1324.0,211.0,799.0,228.0,4.5234,180459.0,<1H OCEAN
-119.48,37.0,16.0,2904.0,551.0,1467.0,509.0,3.1736,108057.0,INLAND
-117.08,32.64,11.0,1651.0,533.0,947.0,515.0,1.6806,106939.0,NEAR OCEAN
-117.41,33.96,32.0,2837.0,617.0,1393.0,595.0,2.3798,110106.0,INLAND
-124.16,40.6,39.0,1322.0,283.0,642.0,292.0,2.4519,79702.0,NEAR OCEAN
-118.29,33.81,19.0,7023.0,1538.0,3993.0,1412.0,5.0532,290103.01,<1H OCEAN
-121.88,37.24,14.0,7174.0,950.0,2782.0,899.0,8.3065,419871.05,<1H OCEAN
-122.21,38.09,37.0,4368.0,779.0,2083.0,741.0,3.8667,143940.0,NEAR BAY
-121.67,39.26,29.0,3041.0,683.0,2106.0,687.0,1.6315,66284.0,INLAND
-121.7,36.48,19.0,2150.0,479.0,1052.0,428.0,3.5039,224334.01,<1H OCEAN
-124.09,40.88,50.0,921.0,187.0,420.0,187.0,2.2188,81711.0,NEAR OCEAN
-122.44,37.52,16.0,7077.0,1179.0,3502.0,1148.0,5.9919,379975.07,NEAR OCEAN
-117.68,33.49,18.0,4173.0,625.0,1649.0,634.0,6.3568,294301.0,<1H OCEAN
-118.09,34.06,38.0,3230.0,840.0,3485.0,827.0,2.629,175661.0,<1H OCEAN
-120.48,37.31,42.0,2361.0,512.0,1684.0,511.0,2.355,83539.0,INLAND
-122.56,41.53,29.0,1729.0,355.0,848.0,328.0,2.2024,62039.0,INLAND
-117.66,33.51,18.0,2626.0,,1302.0,522.0,4.0167,222642.0,<1H OCEAN
-121.15,38.68,6.0,9798.0,1551.0,4583.0,1494.0,5.0159,186615.0,INLAND
-118.13,33.82,44.0,1785.0,307.0,779.0,291.0,4.3056,257199.0,<1H OCEAN
-118.28,33.93,45.0,529.0,112.0,448.0,120.0,3.5833,143335.0,<1H OCEAN
-117.19,32.77,16.0,3273.0,670.0,1305.0,671.0,4.1368,229428.0,NEAR OCEAN
-121.29,38.01,2.0,6403.0,1116.0,3327.0,957.0,4.4871,162015.0,INLAND
-117.86,33.75,5.0,187.0,49.0,207.0,51.0,1.8,308105.32,<1H OCEAN
-122.98,38.44,29.0,4450.0,939.0,1328.0,590.0,3.1,171195.0,<1H OCEAN
-120.54,38.75,9.0,3006.0,540.0,1102.0,418.0,3.9812,137899.0,INLAND
-118.08,33.81,21.0,1189.0,281.0,577.0,264.0,3.3155,230937.0,<1H OCEAN
-122.28,37.8,38.0,684.0,176.0,344.0,155.0,2.0114,127122.0,NEAR BAY
-118.22,33.81,38.0,1486.0,359.0,1345.0,326.0,3.3988,161896.0,NEAR OCEAN
-121.32,36.43,22.0,2927.0,637.0,2546.0,618.0,2.7153,129514.0,<1H OCEAN
-117.98,34.02,32.0,2945.0,651.0,2044.0,652.0,3.1979,175975.0,<1H OCEAN
-121.45,38.57,52.0,2006.0,412.0,825.0,384.0,3.2963,146233.0,INLAND
-118.95,35.37,34.0,1672.0,359.0,1059.0,349.0,2.1588,61177.0,INLAND
-117.55,33.9,21.0,1839.0,324.0,871.0,307.0,3.4459,144784.0,INLAND
-121.91,36.59,17.0,5039.0,833.0,1678.0,710.0,6.2323,394602.14,NEAR OCEAN
-118.2,33.8,42.0,4577.0,1146.0,2749.0,1094.0,2.5012,177673.0,NEAR OCEAN
-122.47,37.89,23.0,10774.0,1736.0,3895.0,1683.0,7.2905,391681.04,NEAR BAY
-122.19,37.76,38.0,1493.0,370.0,1144.0,351.0,0.7683,90042.0,NEAR BAY
-118.36,34.04,49.0,995.0,184.0,462.0,194.0,2.7917,213101.02,<1H OCEAN
-122.29,37.89,52.0,2269.0,380.0,1004.0,371.0,5.1696,292818.0,NEAR BAY
-117.12,32.96,15.0,2869.0,405.0,1526.0,402.0,6.0175,255737.0,<1H OCEAN
-121.68,36.9,13.0,833.0,130.0,405.0,127.0,5.2729,288532.03,<1H OCEAN
-118.36,34.21,41.0,337.0,65.0,198.0,50.0,1.8929,206032.04,<1H OCEAN
-122.32,37.95,35.0,1612.0,354.0,887.0,331.0,2.5769,120850.0,NEAR BAY
-117.86,33.77,39.0,4159.0,655.0,1669.0,651.0,4.6111,225279.0,<1H OCEAN
-117.11,33.14,10.0,3208.0,636.0,1395.0,582.0,3.4455,169651.0,<1H OCEAN
-117.89,33.99,22.0,3272.0,618.0,1784.0,591.0,4.0324,197058.0,<1H OCEAN
-118.14,33.91,37.0,932.0,171.0,578.0,175.0,4.375,190647.0,<1H OCEAN
-117.65,35.0,36.0,1184.0,316.0,672.0,241.0,1.9107,65606.99,INLAND
-118.14,34.09,38.0,1745.0,457.0,1547.0,460.0,2.85,197621.0,<1H OCEAN
-118.26,34.13,37.0,196.0,74.0,194.0,68.0,1.2188,244124.09,<1H OCEAN
-117.85,33.89,24.0,3326.0,503.0,1616.0,494.0,5.7457,273437.0,<1H OCEAN
-117.93,33.76,17.0,3341.0,803.0,3381.0,825.0,3.371,182502.0,<1H OCEAN
-122.33,37.58,43.0,1772.0,422.0,1573.0,401.0,2.7474,285206.01,NEAR OCEAN
-118.35,33.91,28.0,2108.0,534.0,1485.0,536.0,4.0775,252096.0,<1H OCEAN
-120.87,37.07,26.0,2036.0,401.0,1343.0,414.0,3.6331,194142.0,INLAND
-117.95,34.07,37.0,1375.0,260.0,951.0,272.0,3.2083,172153.0,<1H OCEAN
-121.85,37.72,43.0,228.0,40.0,83.0,42.0,10.3203,467500.6,INLAND
-118.06,33.99,46.0,1203.0,219.0,637.0,211.0,3.3611,184609.0,<1H OCEAN
-121.46,38.63,26.0,3185.0,658.0,2444.0,626.0,1.56,70758.0,INLAND
-118.67,34.16,17.0,16544.0,2206.0,6214.0,2118.0,9.1228,476199.64,<1H OCEAN
-120.04,36.96,23.0,2126.0,506.0,2091.0,491.0,1.3713,57400.0,INLAND
-121.95,37.96,18.0,2739.0,393.0,1072.0,374.0,6.1436,222886.0,INLAND
-122.18,37.78,43.0,1985.0,440.0,1085.0,407.0,3.4205,174884.0,NEAR BAY
-117.31,33.1,15.0,2392.0,446.0,747.0,421.0,3.5341,192054.02,NEAR OCEAN
-118.02,33.75,26.0,2989.0,479.0,1596.0,475.0,5.7157,246769.0,<1H OCEAN
-118.71,34.27,26.0,990.0,223.0,719.0,232.0,3.163,213534.0,<1H OCEAN
-118.29,33.99,46.0,2608.0,636.0,1766.0,596.0,1.5846,107112.0,<1H OCEAN
-118.45,34.27,35.0,1579.0,300.0,1012.0,265.0,5.1296,218375.0,<1H OCEAN
-117.66,33.61,21.0,1932.0,266.0,860.0,286.0,7.1497,293332.0,<1H OCEAN
-117.38,34.08,11.0,5684.0,1139.0,3095.0,1036.0,3.6875,122268.0,INLAND
-120.81,38.67,14.0,8396.0,1578.0,3952.0,1474.0,3.0565,128850.0,INLAND
-122.22,37.78,50.0,1776.0,473.0,1807.0,440.0,1.7276,120687.0,NEAR BAY
-118.29,33.72,25.0,2469.0,584.0,1253.0,535.0,3.1932,251947.0,NEAR OCEAN
-119.1,35.33,4.0,6640.0,898.0,3121.0,902.0,6.759,244602.0,INLAND
-117.08,32.91,9.0,1547.0,218.0,683.0,231.0,7.5604,345714.11,<1H OCEAN
-117.89,33.74,33.0,619.0,139.0,1217.0,146.0,4.6875,176708.0,<1H OCEAN
-119.31,34.44,5.0,403.0,48.0,208.0,54.0,12.632,481811.65,NEAR OCEAN
-122.0,37.31,28.0,3811.0,585.0,1795.0,581.0,7.8383,439938.32,<1H OCEAN
-120.46,34.64,16.0,686.0,217.0,614.0,200.0,0.8106,202285.07,NEAR OCEAN
-121.12,39.2,9.0,1431.0,254.0,681.0,221.0,3.045,138832.0,INLAND
-118.2,33.79,48.0,2105.0,592.0,1807.0,539.0,2.7183,167348.0,NEAR OCEAN
-118.77,34.27,7.0,3074.0,794.0,1816.0,654.0,2.7137,225713.09,<1H OCEAN
-122.25,37.83,35.0,1613.0,428.0,675.0,422.0,3.4722,240207.02,NEAR BAY
-122.46,37.78,47.0,1682.0,379.0,837.0,375.0,5.2806,368727.13,NEAR BAY
-122.04,36.95,27.0,1987.0,374.0,961.0,343.0,3.9667,248382.0,NEAR OCEAN
-117.99,34.15,44.0,2492.0,611.0,1951.0,596.0,3.1304,181555.0,INLAND
-118.46,35.13,19.0,3109.0,640.0,1457.0,620.0,2.6417,83791.0,INLAND
-118.36,34.1,36.0,2963.0,838.0,1129.0,745.0,2.5588,299444.04,<1H OCEAN
-118.42,34.15,27.0,2795.0,602.0,1073.0,535.0,5.1496,449624.44,<1H OCEAN
-117.81,34.08,13.0,18448.0,2474.0,7775.0,2397.0,7.7876,308681.0,INLAND
-117.66,33.64,17.0,3173.0,501.0,1555.0,520.0,6.7079,280301.0,<1H OCEAN
-118.11,33.83,36.0,1820.0,313.0,899.0,295.0,4.918,226838.0,<1H OCEAN
-121.88,37.43,31.0,2573.0,474.0,1898.0,475.0,5.6651,258613.0,<1H OCEAN
-118.1,34.1,34.0,2578.0,645.0,1628.0,617.0,2.34,189396.0,<1H OCEAN
-119.23,35.77,36.0,3225.0,635.0,2034.0,593.0,2.4044,66273.0,INLAND
-122.15,37.43,47.0,2600.0,490.0,1149.0,465.0,5.0203,361566.17,NEAR BAY
-122.42,37.62,36.0,1017.0,165.0,407.0,159.0,4.8,310892.0,NEAR OCEAN
-118.45,34.01,36.0,2424.0,418.0,1123.0,417.0,6.4755,424461.18,<1H OCEAN
-118.27,34.08,43.0,962.0,253.0,658.0,244.0,3.2386,208712.0,<1H OCEAN
-118.38,34.27,8.0,3248.0,847.0,2608.0,731.0,2.8214,189147.06,<1H OCEAN
-122.02,37.6,31.0,2155.0,522.0,1858.0,437.0,2.652,168108.0,NEAR BAY
-117.8,34.1,13.0,2996.0,495.0,1187.0,464.0,6.2456,237617.0,INLAND
-118.38,34.04,39.0,2614.0,569.0,1665.0,553.0,3.4063,306760.05,<1H OCEAN
-117.83,33.93,14.0,1956.0,282.0,671.0,269.0,6.5841,290736.0,<1H OCEAN
-117.86,33.62,23.0,3166.0,411.0,1092.0,345.0,7.9367,352568.1,<1H OCEAN
-117.19,34.05,33.0,3007.0,498.0,1252.0,488.0,3.8816,116146.0,INLAND
-117.84,33.74,25.0,1818.0,577.0,1426.0,532.0,3.2104,166648.0,<1H OCEAN
-117.24,32.79,25.0,2135.0,691.0,566.0,320.0,2.6902,245380.0,NEAR OCEAN
-121.8,37.23,18.0,2581.0,358.0,1284.0,377.0,6.7385,324701.06,<1H OCEAN
-117.04,34.04,30.0,3474.0,735.0,1674.0,691.0,2.5863,99461.0,INLAND
-119.8,36.29,7.0,479.0,84.0,327.0,103.0,5.1728,177191.0,INLAND
-117.9,34.11,23.0,4776.0,1316.0,4797.0,1187.0,2.1667,167972.0,<1H OCEAN
-117.95,33.77,38.0,1476.0,308.0,1114.0,309.0,4.1917,192130.0,<1H OCEAN
-122.09,37.67,39.0,2069.0,500.0,1408.0,478.0,3.1115,184582.0,NEAR BAY
-118.42,34.03,45.0,1262.0,223.0,637.0,221.0,5.0866,373304.06,<1H OCEAN
-118.05,33.85,25.0,2856.0,388.0,1212.0,362.0,6.1737,316288.0,<1H OCEAN
-121.79,37.32,6.0,2850.0,561.0,2160.0,581.0,5.5336,256437.0,<1H OCEAN
-118.16,33.97,39.0,1444.0,447.0,1890.0,416.0,2.1181,158027.0,<1H OCEAN
-115.59,32.79,8.0,2183.0,307.0,1000.0,287.0,6.3814,207988.0,INLAND
-117.93,33.93,37.0,1128.0,273.0,931.0,234.0,2.8,165271.0,<1H OCEAN
-117.3,34.46,8.0,6246.0,1273.0,3883.0,1264.0,2.7917,106519.0,INLAND
-117.9,33.73,30.0,746.0,172.0,1048.0,163.0,4.1,166850.0,<1H OCEAN
-122.55,38.0,18.0,3119.0,803.0,1395.0,722.0,3.9265,239551.0,NEAR BAY
-118.18,33.78,17.0,1419.0,436.0,1300.0,360.0,2.0769,147878.0,NEAR OCEAN
-119.29,36.12,24.0,1248.0,226.0,641.0,200.0,2.4722,69216.0,INLAND
-118.45,35.62,18.0,2304.0,527.0,782.0,390.0,1.4141,73157.0,INLAND
-121.79,37.31,22.0,2199.0,361.0,1270.0,386.0,5.1149,235084.0,<1H OCEAN
-119.83,36.37,25.0,1549.0,269.0,819.0,272.0,2.7159,80279.0,INLAND
-122.42,37.74,52.0,1674.0,346.0,734.0,335.0,3.8864,270256.0,NEAR BAY
-123.18,39.23,18.0,243.0,55.0,115.0,54.0,2.125,162506.0,<1H OCEAN
-121.29,38.68,20.0,1881.0,378.0,921.0,360.0,1.8589,90357.0,INLAND
-117.25,32.81,39.0,1846.0,350.0,765.0,329.0,3.9187,343781.05,NEAR OCEAN
-118.05,33.73,25.0,2472.0,450.0,1301.0,467.0,5.0699,245922.02,<1H OCEAN
-122.27,37.56,17.0,3211.0,847.0,1553.0,812.0,4.9434,335550.16,NEAR BAY
-118.33,34.05,44.0,1574.0,390.0,1323.0,404.0,2.5284,222919.0,<1H OCEAN
-121.39,38.64,33.0,1503.0,282.0,652.0,229.0,3.6937,137055.0,INLAND
-118.25,34.07,16.0,719.0,225.0,801.0,218.0,2.3942,203058.0,<1H OCEAN
-122.12,37.42,35.0,2445.0,533.0,1187.0,519.0,5.2803,353755.1,NEAR BAY
-117.17,34.05,29.0,4007.0,700.0,1576.0,696.0,3.1801,114070.0,INLAND
-117.33,33.87,14.0,2300.0,335.0,1001.0,311.0,5.1045,174756.0,INLAND
-117.32,34.06,52.0,802.0,160.0,564.0,131.0,2.1591,91798.0,INLAND
-121.34,38.03,20.0,4213.0,751.0,2071.0,714.0,4.4063,143816.0,INLAND
-122.47,37.51,15.0,4974.0,764.0,2222.0,774.0,6.7606,399858.12,NEAR OCEAN
-121.94,37.54,27.0,3715.0,526.0,1631.0,538.0,6.2179,308881.03,<1H OCEAN
-118.18,33.89,25.0,5896.0,1464.0,4149.0,1362.0,2.6742,157485.0,<1H OCEAN
-117.05,32.77,33.0,3535.0,683.0,1568.0,672.0,2.8097,164678.0,NEAR OCEAN
-118.01,34.05,37.0,682.0,172.0,813.0,173.0,3.8125,164035.0,<1H OCEAN
-123.16,39.13,33.0,1320.0,303.0,1048.0,303.0,1.7813,105443.0,<1H OCEAN
-121.27,38.02,32.0,342.0,58.0,138.0,52.0,2.9821,126925.0,INLAND
-119.86,34.41,24.0,1576.0,580.0,1630.0,531.0,1.24,212898.0,NEAR OCEAN
-118.18,33.87,44.0,2137.0,461.0,1126.0,439.0,3.4408,168790.0,<1H OCEAN
-122.24,37.82,52.0,3665.0,517.0,1470.0,520.0,6.155,390881.21,NEAR BAY
-117.9,33.65,27.0,3310.0,598.0,1402.0,563.0,6.632,381903.24,<1H OCEAN
-122.26,37.88,52.0,2604.0,837.0,1798.0,769.0,1.725,219456.01,NEAR BAY
-122.44,37.78,52.0,2695.0,657.0,1243.0,573.0,2.8569,338991.0,NEAR BAY
-121.81,37.25,5.0,1975.0,520.0,861.0,440.0,4.4565,260235.04,<1H OCEAN
-118.14,33.86,36.0,1774.0,348.0,934.0,333.0,4.8571,216078.0,<1H OCEAN
-118.2,34.07,34.0,1765.0,551.0,2203.0,500.0,2.2708,149724.0,<1H OCEAN
-119.83,36.83,14.0,2351.0,341.0,1128.0,363.0,6.9903,226594.0,INLAND
-115.91,33.36,15.0,459.0,95.0,160.0,73.0,0.922,54236.0,INLAND
-116.86,32.8,19.0,1747.0,291.0,848.0,290.0,4.875,182302.0,<1H OCEAN
-117.97,33.93,31.0,1975.0,373.0,918.0,347.0,4.4107,222414.0,<1H OCEAN
-118.39,34.19,23.0,1875.0,710.0,2555.0,657.0,2.0968,180769.0,<1H OCEAN
-122.32,37.54,34.0,3661.0,692.0,1608.0,656.0,5.0774,330743.06,NEAR OCEAN
-122.25,37.83,28.0,5022.0,1750.0,2558.0,1661.0,2.4234,232350.01,NEAR BAY
-117.98,34.02,33.0,3512.0,632.0,1971.0,598.0,4.4653,193521.0,<1H OCEAN
-117.94,33.79,24.0,4179.0,784.0,1902.0,733.0,4.7986,208538.0,<1H OCEAN
-117.99,33.8,25.0,3179.0,639.0,2526.0,623.0,3.3281,187136.0,<1H OCEAN
-117.92,34.1,35.0,2994.0,603.0,1933.0,561.0,4.0052,169417.0,<1H OCEAN
-118.0,33.85,33.0,2053.0,418.0,1154.0,405.0,4.0455,204277.0,<1H OCEAN
-117.93,33.69,26.0,2822.0,473.0,1258.0,469.0,6.4441,309185.03,<1H OCEAN
-118.2,34.05,40.0,1146.0,323.0,1354.0,321.0,1.9205,136971.0,<1H OCEAN
-122.27,37.81,40.0,880.0,451.0,582.0,380.0,0.977,146202.0,NEAR BAY
-121.3,38.03,11.0,2866.0,654.0,1404.0,525.0,2.505,116355.0,INLAND
-117.87,33.74,31.0,2338.0,652.0,3289.0,631.0,2.6734,157008.0,<1H OCEAN
-117.24,33.05,15.0,3029.0,555.0,1559.0,546.0,5.3129,276016.01,NEAR OCEAN
-117.9,33.85,31.0,3413.0,764.0,2326.0,728.0,4.325,201350.0,<1H OCEAN
-121.27,37.87,34.0,1010.0,206.0,678.0,234.0,2.9531,104372.0,INLAND
-118.31,33.96,47.0,2005.0,392.0,1134.0,415.0,3.7143,150889.0,<1H OCEAN
-118.28,34.1,49.0,2843.0,880.0,2004.0,796.0,2.7875,216753.0,<1H OCEAN
-122.32,37.97,33.0,1156.0,190.0,643.0,209.0,4.5,199118.0,NEAR BAY
-121.31,38.66,26.0,1604.0,245.0,751.0,267.0,4.7381,147244.0,INLAND
-121.43,37.75,41.0,1717.0,325.0,855.0,303.0,2.75,115395.0,INLAND
-118.29,34.11,24.0,3696.0,1125.0,1685.0,1031.0,2.3789,235448.0,<1H OCEAN
-122.02,38.38,16.0,808.0,137.0,371.0,145.0,6.0767,223465.0,INLAND
-122.01,37.92,18.0,2808.0,337.0,1038.0,337.0,8.3956,391823.1,NEAR BAY
-117.3,34.13,42.0,2115.0,557.0,1532.0,494.0,1.4531,72402.0,INLAND
-118.37,34.21,33.0,2034.0,470.0,1990.0,423.0,3.7455,176641.0,<1H OCEAN
-121.83,36.98,19.0,4431.0,705.0,1764.0,679.0,4.3321,241167.0,<1H OCEAN
-121.96,39.3,39.0,701.0,130.0,271.0,89.0,2.1845,73020.0,INLAND
-118.3,34.03,37.0,2781.0,766.0,2586.0,729.0,1.8564,159449.0,<1H OCEAN
-118.3,34.05,44.0,1612.0,650.0,2028.0,593.0,1.9152,203459.0,<1H OCEAN
-118.01,34.09,29.0,3402.0,747.0,2331.0,690.0,3.6094,195657.0,INLAND
-117.06,33.01,24.0,2618.0,485.0,726.0,443.0,3.5192,172725.0,<1H OCEAN
-122.53,37.88,36.0,2688.0,485.0,1064.0,449.0,4.4583,402083.07,NEAR BAY
-121.24,38.68,20.0,1402.0,236.0,676.0,236.0,3.7426,145704.0,INLAND
-117.95,34.0,34.0,2376.0,468.0,1858.0,449.0,4.1328,174711.0,<1H OCEAN
-118.23,34.07,40.0,506.0,119.0,397.0,114.0,3.1944,138389.0,<1H OCEAN
-117.89,33.87,32.0,1569.0,422.0,835.0,386.0,3.0465,193081.0,<1H OCEAN
-122.09,37.69,20.0,4296.0,817.0,1732.0,800.0,4.8036,236725.0,NEAR BAY
-121.63,36.65,44.0,309.0,121.0,315.0,80.0,1.6071,185216.0,<1H OCEAN
-122.05,37.68,23.0,7518.0,1279.0,3827.0,1294.0,5.1701,257311.0,NEAR BAY
-117.04,32.71,28.0,5274.0,991.0,3727.0,961.0,3.57,139103.0,NEAR OCEAN
-117.04,32.7,7.0,9311.0,1703.0,7302.0,1694.0,4.419,193982.0,NEAR OCEAN
-118.26,34.07,52.0,1802.0,613.0,2382.0,587.0,1.8438,189299.0,<1H OCEAN
-118.13,34.17,49.0,1962.0,435.0,1329.0,457.0,3.2898,192636.0,<1H OCEAN
-116.97,32.79,19.0,4108.0,1101.0,2971.0,1006.0,1.9893,131632.0,<1H OCEAN
-119.55,36.51,46.0,55.0,11.0,26.0,5.0,4.125,110743.01,INLAND
-120.92,37.65,23.0,505.0,124.0,163.0,129.0,1.3696,108675.0,INLAND
-120.8,38.51,23.0,1001.0,195.0,369.0,157.0,3.125,122029.0,INLAND
-121.83,38.0,15.0,6365.0,1646.0,3838.0,1458.0,2.5495,129705.0,INLAND
-122.42,37.93,47.0,3453.0,779.0,1353.0,728.0,4.016,351005.29,NEAR BAY
-122.27,37.47,44.0,3022.0,473.0,1235.0,477.0,6.7058,446858.47,NEAR OCEAN
-122.36,37.94,45.0,907.0,188.0,479.0,161.0,3.0862,143115.0,NEAR BAY
-118.32,33.33,52.0,2127.0,512.0,733.0,288.0,3.3906,319433.05,ISLAND
-117.06,32.73,33.0,3444.0,619.0,1884.0,582.0,3.7891,129594.0,NEAR OCEAN
-118.97,37.64,13.0,1907.0,544.0,575.0,234.0,3.0685,118363.0,INLAND
-117.27,34.12,52.0,954.0,246.0,943.0,256.0,0.8658,74511.0,INLAND
-120.55,37.32,21.0,1410.0,229.0,590.0,205.0,3.3194,109887.0,INLAND
-117.99,33.9,33.0,2161.0,383.0,1235.0,383.0,5.6454,235588.0,<1H OCEAN
-118.0,33.91,19.0,5166.0,770.0,2374.0,753.0,5.979,284354.01,<1H OCEAN
-118.37,33.81,36.0,2031.0,339.0,817.0,337.0,5.1271,381554.13,NEAR OCEAN
-117.97,33.66,14.0,6090.0,1338.0,1974.0,1248.0,2.8061,208715.0,<1H OCEAN
-117.17,33.28,16.0,1921.0,312.0,862.0,280.0,5.1786,228529.04,<1H OCEAN
-119.88,36.81,30.0,2288.0,474.0,1435.0,425.0,1.3221,57815.0,INLAND
-117.74,34.05,29.0,2452.0,700.0,3029.0,665.0,2.1354,116206.0,INLAND
-117.13,32.79,35.0,1458.0,262.0,723.0,257.0,4.2098,168594.0,NEAR OCEAN
-122.06,37.65,33.0,1227.0,286.0,848.0,291.0,3.8036,170450.0,NEAR BAY
-118.3,33.99,47.0,2212.0,533.0,1903.0,554.0,1.9853,105195.0,<1H OCEAN
-118.06,35.68,15.0,1962.0,403.0,730.0,321.0,2.25,90781.0,INLAND
-118.38,33.89,35.0,1778.0,330.0,732.0,312.0,6.5745,424894.14,<1H OCEAN
-122.45,37.73,52.0,2510.0,438.0,1153.0,407.0,5.1238,322381.04,NEAR BAY
-121.97,37.24,35.0,2553.0,533.0,1117.0,498.0,4.4063,283789.01,<1H OCEAN
-118.14,33.95,44.0,1812.0,338.0,822.0,314.0,6.7744,406494.24,<1H OCEAN
-121.97,37.53,35.0,2277.0,420.0,1353.0,413.0,4.75,218168.0,<1H OCEAN
-118.15,34.86,10.0,4597.0,1009.0,2227.0,821.0,2.6149,109119.0,INLAND
-117.2,32.86,4.0,4308.0,1095.0,1923.0,932.0,3.9356,225689.0,NEAR OCEAN
-118.3,34.01,52.0,1444.0,343.0,1154.0,334.0,2.0625,116033.0,<1H OCEAN
-117.98,33.79,35.0,2356.0,478.0,1659.0,480.0,4.1115,190941.0,<1H OCEAN
-122.42,37.62,43.0,2367.0,409.0,1141.0,400.0,4.8295,290149.0,NEAR OCEAN
-118.2,33.94,42.0,618.0,163.0,680.0,179.0,3.3472,134456.0,<1H OCEAN
-117.01,32.81,21.0,4203.0,618.0,1620.0,600.0,5.3441,219984.0,<1H OCEAN
-116.98,32.74,17.0,3943.0,843.0,1995.0,766.0,2.6944,146736.0,<1H OCEAN
-122.01,37.53,19.0,4572.0,712.0,2346.0,709.0,6.0667,314067.04,NEAR BAY
-117.92,34.03,32.0,1819.0,375.0,1728.0,375.0,3.975,164070.01,<1H OCEAN
-123.17,39.15,30.0,1904.0,331.0,816.0,325.0,4.425,181587.0,<1H OCEAN
-123.76,41.03,24.0,2386.0,565.0,1058.0,414.0,2.0644,74911.0,<1H OCEAN
-122.44,37.73,46.0,3581.0,758.0,1670.0,703.0,4.1932,271737.0,NEAR BAY
-120.43,34.93,10.0,2980.0,585.0,1593.0,562.0,3.285,166985.0,<1H OCEAN
-122.42,37.64,41.0,98.0,20.0,68.0,19.0,2.225,289334.06,NEAR OCEAN
-117.98,34.14,27.0,6341.0,1289.0,2899.0,1192.0,3.6336,174256.0,INLAND
-122.3,37.91,40.0,2866.0,617.0,1305.0,589.0,3.6321,222572.0,NEAR BAY
-118.32,33.8,29.0,4317.0,1037.0,2102.0,959.0,3.1275,276056.0,<1H OCEAN
-118.41,34.04,49.0,601.0,95.0,228.0,106.0,8.0239,466815.81,<1H OCEAN
-121.94,37.34,36.0,3142.0,632.0,1372.0,560.0,5.0175,294941.01,<1H OCEAN
-117.21,32.84,34.0,2158.0,366.0,1046.0,335.0,4.5402,224738.0,NEAR OCEAN
-118.12,34.16,30.0,1762.0,416.0,940.0,398.0,2.8631,196562.0,<1H OCEAN
-119.87,36.54,34.0,1370.0,287.0,818.0,269.0,2.4044,70828.0,INLAND
-117.92,33.94,30.0,2506.0,394.0,1255.0,421.0,4.7813,212427.0,<1H OCEAN
-118.09,33.75,32.0,6239.0,974.0,2615.0,950.0,6.6188,437557.35,NEAR OCEAN
-118.28,34.0,46.0,1650.0,463.0,1992.0,458.0,2.3403,127069.0,<1H OCEAN
-119.29,36.54,18.0,2581.0,628.0,2732.0,592.0,1.8429,59301.0,INLAND
-121.92,36.55,37.0,2190.0,419.0,490.0,300.0,3.7852,371286.09,NEAR OCEAN
-118.44,34.16,35.0,3080.0,642.0,1362.0,623.0,4.1218,341339.01,<1H OCEAN
-122.26,37.84,52.0,696.0,191.0,345.0,174.0,2.6736,148580.01,NEAR BAY
-119.76,36.79,26.0,3654.0,837.0,1976.0,830.0,2.1544,74607.0,INLAND
-119.73,36.73,9.0,1621.0,428.0,678.0,394.0,2.2437,81721.0,INLAND
-118.99,35.3,33.0,2248.0,434.0,1461.0,405.0,2.9402,73777.0,INLAND
-118.2,34.02,49.0,1098.0,317.0,1411.0,301.0,2.75,138636.0,<1H OCEAN
-118.47,34.05,25.0,2689.0,719.0,1229.0,663.0,3.5909,400566.13,<1H OCEAN
-118.18,33.88,47.0,882.0,185.0,536.0,174.0,4.625,174404.0,<1H OCEAN
-117.93,33.83,30.0,1561.0,381.0,1104.0,391.0,3.375,189317.0,<1H OCEAN
-122.47,37.78,52.0,2635.0,587.0,1302.0,577.0,3.7292,399858.06,NEAR BAY
-121.73,38.0,3.0,9217.0,1522.0,3578.0,1272.0,5.0016,168402.0,INLAND
-121.97,37.25,32.0,2892.0,496.0,1193.0,492.0,6.131,343522.01,<1H OCEAN
-122.71,38.44,27.0,966.0,251.0,462.0,230.0,1.7,180390.0,<1H OCEAN
-117.72,33.62,19.0,5777.0,1261.0,1711.0,1225.0,2.7634,149294.0,<1H OCEAN
-122.46,37.72,52.0,2951.0,406.0,1115.0,397.0,6.7228,416575.25,NEAR OCEAN
-121.23,37.84,28.0,1347.0,241.0,713.0,225.0,4.0208,129503.0,INLAND
-117.53,33.88,22.0,2855.0,667.0,2453.0,624.0,3.1312,132175.0,INLAND
-117.25,32.82,23.0,6139.0,826.0,2036.0,807.0,9.5245,477243.74,NEAR OCEAN
-118.15,34.04,33.0,818.0,195.0,664.0,198.0,2.1944,166511.0,<1H OCEAN
-119.79,36.79,19.0,1524.0,448.0,960.0,386.0,1.5122,61085.0,INLAND
-122.05,37.63,5.0,3785.0,936.0,2240.0,792.0,3.2829,212868.0,NEAR BAY
-121.32,38.62,29.0,2430.0,448.0,1087.0,394.0,3.0864,134493.0,INLAND
-121.82,38.01,47.0,1265.0,254.0,587.0,247.0,2.6364,109047.0,INLAND
-122.26,38.03,25.0,2239.0,361.0,928.0,353.0,4.4474,186827.0,NEAR BAY
-118.0,33.75,26.0,1382.0,387.0,1977.0,368.0,2.7589,184030.0,<1H OCEAN
-118.07,33.85,16.0,3771.0,606.0,2196.0,564.0,7.0113,350191.03,<1H OCEAN
-121.92,37.73,24.0,1407.0,327.0,501.0,295.0,2.4821,146145.0,<1H OCEAN
-122.56,37.95,34.0,2677.0,411.0,933.0,410.0,6.1444,417338.18,NEAR OCEAN
-117.29,34.13,44.0,2337.0,563.0,1238.0,467.0,1.5156,73528.0,INLAND
-118.08,33.99,38.0,1683.0,328.0,1369.0,339.0,3.6196,164305.0,<1H OCEAN
-121.68,39.82,15.0,3996.0,748.0,1786.0,728.0,3.5189,109608.0,INLAND
-121.89,37.26,25.0,3319.0,531.0,1560.0,502.0,5.8479,273061.0,<1H OCEAN
-117.05,34.04,23.0,3967.0,766.0,1518.0,698.0,2.29,105529.0,INLAND
-117.84,33.9,24.0,1723.0,223.0,707.0,219.0,7.0352,294493.03,<1H OCEAN
-117.93,33.94,28.0,3664.0,719.0,1820.0,657.0,4.225,203181.0,<1H OCEAN
-117.94,33.78,34.0,2627.0,468.0,1409.0,450.0,4.7731,205925.0,<1H OCEAN
-117.29,35.54,35.0,7922.0,1636.0,3431.0,1329.0,3.4145,76630.0,INLAND
-116.88,33.93,37.0,1495.0,429.0,865.0,342.0,1.2188,83168.0,INLAND
-117.88,33.84,34.0,1410.0,214.0,837.0,240.0,6.1168,247924.0,<1H OCEAN
-117.49,33.99,21.0,2050.0,392.0,1153.0,336.0,4.84,145575.0,INLAND
-117.98,34.03,21.0,797.0,162.0,484.0,166.0,2.625,176807.02,<1H OCEAN
-119.23,34.19,16.0,5297.0,810.0,1489.0,667.0,6.4522,400495.23,NEAR OCEAN
-117.86,33.75,13.0,1632.0,598.0,3356.0,659.0,1.5054,165772.02,<1H OCEAN
-118.43,34.01,27.0,3133.0,1021.0,2242.0,1002.0,2.697,300533.01,<1H OCEAN
-122.31,38.01,18.0,4123.0,874.0,1895.0,772.0,3.2759,150492.0,NEAR BAY
-122.43,37.79,52.0,3486.0,847.0,1248.0,813.0,7.2623,413808.39,NEAR BAY
-118.19,33.95,42.0,1651.0,463.0,1559.0,436.0,2.3882,152397.0,<1H OCEAN
-117.11,32.91,15.0,1840.0,235.0,855.0,241.0,7.5992,317685.04,<1H OCEAN
-118.47,34.04,32.0,2909.0,748.0,1310.0,706.0,4.516,415660.25,<1H OCEAN
-122.42,37.75,52.0,2163.0,607.0,1447.0,546.0,3.3555,298862.0,NEAR BAY
-117.34,34.08,35.0,1380.0,248.0,730.0,264.0,3.2305,96902.0,INLAND
-122.06,37.99,17.0,1319.0,316.0,384.0,269.0,1.8229,149756.0,NEAR BAY
-122.06,37.54,20.0,6483.0,1068.0,3526.0,1060.0,5.0838,251216.01,NEAR BAY
-117.14,32.74,16.0,6075.0,1816.0,2592.0,1634.0,2.5553,150420.0,NEAR OCEAN
-122.07,38.0,37.0,978.0,202.0,462.0,184.0,3.625,148226.0,NEAR BAY
-122.35,40.57,18.0,2226.0,490.0,859.0,451.0,1.6821,77846.0,INLAND
-121.37,38.69,35.0,1093.0,192.0,590.0,190.0,2.7009,99738.0,INLAND
-120.19,36.6,25.0,875.0,214.0,931.0,214.0,1.5536,54664.0,INLAND
-121.28,38.03,11.0,826.0,150.0,684.0,166.0,3.9265,131678.0,INLAND
-117.51,33.95,12.0,9016.0,1486.0,4285.0,1457.0,4.9984,174122.0,INLAND
-118.36,33.88,31.0,2518.0,543.0,1107.0,508.0,4.7404,281870.0,<1H OCEAN
-122.3,37.97,35.0,1811.0,377.0,911.0,340.0,3.375,143948.0,NEAR BAY
-120.87,37.76,16.0,1174.0,249.0,601.0,242.0,1.7143,109788.0,INLAND
-115.73,33.09,27.0,452.0,103.0,258.0,61.0,2.9,84220.0,INLAND
-121.22,37.79,38.0,2152.0,451.0,1320.0,457.0,2.5025,94940.0,INLAND
-121.98,37.95,14.0,6290.0,854.0,2724.0,820.0,6.7371,283855.0,INLAND
-121.79,37.67,26.0,2163.0,339.0,947.0,346.0,6.0797,237232.0,INLAND
-117.9,33.9,18.0,3821.0,576.0,1430.0,568.0,6.9399,317647.03,<1H OCEAN
-122.04,37.85,27.0,6039.0,780.0,2181.0,761.0,9.5862,469291.66,NEAR BAY
-119.73,34.42,25.0,2024.0,312.0,907.0,335.0,5.4127,336117.02,NEAR OCEAN
-116.44,33.77,18.0,4872.0,1110.0,955.0,656.0,2.2439,140038.0,INLAND
-117.31,34.17,25.0,2795.0,596.0,1650.0,569.0,3.0078,100528.0,INLAND
-117.14,32.8,35.0,1267.0,212.0,710.0,204.0,2.5368,140642.0,NEAR OCEAN
-122.13,37.7,43.0,3046.0,557.0,1333.0,544.0,3.4583,194744.0,NEAR BAY
-122.48,38.31,29.0,2375.0,560.0,1124.0,502.0,2.3276,177609.0,<1H OCEAN
-118.37,33.88,44.0,1325.0,245.0,669.0,253.0,4.4211,317380.01,<1H OCEAN
-121.45,38.64,23.0,1481.0,343.0,1079.0,315.0,1.867,66955.0,INLAND
-122.57,38.02,33.0,9531.0,1487.0,3798.0,1409.0,5.6512,350288.0,NEAR BAY
-118.02,33.79,23.0,6368.0,1030.0,3281.0,1001.0,6.1142,309293.0,<1H OCEAN
-124.07,40.87,47.0,1765.0,326.0,796.0,333.0,2.2138,82894.0,NEAR OCEAN
-116.91,34.24,23.0,6379.0,1636.0,1350.0,568.0,1.6336,87478.0,INLAND
-117.65,33.62,15.0,2708.0,410.0,1140.0,389.0,6.2899,314902.0,<1H OCEAN
-116.94,32.81,8.0,2517.0,632.0,1686.0,613.0,2.136,127511.0,<1H OCEAN
-119.78,36.76,50.0,1343.0,322.0,1063.0,342.0,1.75,55229.0,INLAND
-122.05,38.0,16.0,1085.0,217.0,356.0,232.0,2.3462,150598.0,NEAR BAY
-122.24,37.49,30.0,2956.0,590.0,1191.0,594.0,3.7463,295960.0,NEAR OCEAN
-121.46,38.54,39.0,1453.0,324.0,843.0,281.0,1.7692,70062.0,INLAND
-117.93,33.95,31.0,3600.0,468.0,1382.0,435.0,7.4597,373426.08,<1H OCEAN
-117.96,33.69,20.0,3123.0,441.0,1319.0,432.0,6.091,289009.0,<1H OCEAN
-122.04,37.96,27.0,2587.0,729.0,1500.0,623.0,1.837,153908.0,NEAR BAY
-121.3,37.97,52.0,2259.0,417.0,766.0,385.0,2.2981,102149.0,INLAND
-121.74,37.35,34.0,440.0,90.0,217.0,93.0,5.2327,306332.03,<1H OCEAN
-121.58,39.14,52.0,662.0,160.0,520.0,149.0,0.8928,83805.0,INLAND
-119.75,36.71,38.0,1481.0,,1543.0,372.0,1.4577,49125.0,INLAND
-118.36,33.98,29.0,2861.0,816.0,1715.0,775.0,2.7712,170351.0,<1H OCEAN
-122.18,37.73,42.0,909.0,215.0,646.0,198.0,2.9063,152096.0,NEAR BAY
-122.64,38.87,16.0,1177.0,240.0,519.0,199.0,1.5739,85556.0,INLAND
-120.72,38.42,17.0,5654.0,1085.0,2237.0,953.0,3.0465,121658.0,INLAND
-118.2,33.77,24.0,2404.0,819.0,1566.0,753.0,1.5076,163440.0,NEAR OCEAN
-118.43,34.2,28.0,3386.0,,2240.0,737.0,3.0221,210984.0,<1H OCEAN
-122.74,38.44,23.0,2819.0,612.0,1644.0,546.0,2.6576,152737.0,<1H OCEAN
-118.12,33.91,35.0,620.0,122.0,381.0,124.0,3.7917,191667.0,<1H OCEAN
-118.03,33.95,37.0,1772.0,321.0,934.0,326.0,4.1471,198611.01,<1H OCEAN
-122.76,38.46,14.0,4794.0,767.0,2252.0,768.0,4.2061,211560.0,<1H OCEAN
-121.83,37.28,33.0,1115.0,250.0,1168.0,261.0,3.9009,173191.0,<1H OCEAN
-118.48,34.25,35.0,1865.0,335.0,1074.0,337.0,5.1068,223276.0,<1H OCEAN
-121.35,38.28,17.0,2756.0,557.0,1986.0,530.0,3.2234,114302.0,INLAND
-118.18,33.82,43.0,2210.0,469.0,1042.0,418.0,3.5,231659.01,NEAR OCEAN
-122.02,37.01,20.0,1005.0,138.0,345.0,129.0,10.0968,494077.89,NEAR OCEAN
-117.67,33.49,10.0,366.0,61.0,128.0,61.0,8.163,388347.14,<1H OCEAN
-117.59,34.13,10.0,20263.0,3915.0,9716.0,3744.0,3.8505,148413.0,INLAND
-117.89,34.09,35.0,1205.0,330.0,583.0,319.0,2.3971,181307.0,<1H OCEAN
-122.68,38.43,29.0,488.0,63.0,161.0,62.0,6.0774,355159.08,<1H OCEAN
-118.32,33.87,28.0,3763.0,762.0,1967.0,724.0,5.3244,287075.0,<1H OCEAN
-118.58,34.06,25.0,4440.0,693.0,1560.0,636.0,8.8666,476364.7,<1H OCEAN
-118.03,33.96,37.0,1180.0,256.0,614.0,242.0,3.117,183755.0,<1H OCEAN
-117.81,33.82,20.0,2819.0,319.0,1019.0,319.0,12.2092,492868.82,<1H OCEAN
-122.15,37.41,29.0,473.0,103.0,359.0,87.0,7.0309,432250.43,NEAR BAY
-116.87,33.57,12.0,1153.0,265.0,446.0,195.0,3.038,173711.0,INLAND
-121.72,37.7,17.0,1671.0,352.0,729.0,252.0,6.1023,224215.0,INLAND
-122.26,38.0,6.0,678.0,104.0,318.0,91.0,5.2375,244111.02,NEAR BAY
-118.25,34.14,13.0,3487.0,1131.0,3749.0,1072.0,2.1602,203081.0,<1H OCEAN
-118.4,33.86,41.0,2237.0,597.0,938.0,523.0,4.7105,415818.21,<1H OCEAN
-117.18,33.15,7.0,6225.0,1683.0,5410.0,1580.0,2.32,137596.0,<1H OCEAN
-117.33,34.12,33.0,933.0,219.0,838.0,211.0,1.3417,64682.0,INLAND
-117.98,33.68,14.0,3396.0,477.0,1542.0,472.0,7.3982,361002.0,<1H OCEAN
-122.46,37.78,52.0,2051.0,552.0,1400.0,510.0,3.2396,427822.07,NEAR BAY
-122.33,37.97,45.0,1982.0,376.0,1179.0,398.0,3.5463,136739.0,NEAR BAY
-122.31,37.56,45.0,1792.0,301.0,829.0,318.0,4.9013,324110.05,NEAR OCEAN
-118.13,33.86,45.0,1866.0,343.0,919.0,344.0,3.5833,226258.0,<1H OCEAN
-118.42,34.18,30.0,1323.0,353.0,856.0,333.0,3.3594,233877.03,<1H OCEAN
-121.52,38.9,32.0,1650.0,313.0,802.0,284.0,2.9048,102693.0,INLAND
-121.99,37.26,29.0,2718.0,365.0,982.0,339.0,7.9234,465836.33,<1H OCEAN
-120.98,37.64,39.0,2617.0,659.0,2052.0,642.0,1.6952,74796.0,INLAND
-117.87,33.92,14.0,4039.0,669.0,1905.0,670.0,6.3303,298990.06,<1H OCEAN
-117.79,33.77,23.0,3596.0,451.0,1292.0,458.0,8.5403,370483.04,<1H OCEAN
-117.96,33.73,22.0,3479.0,455.0,1454.0,488.0,6.6324,305075.0,<1H OCEAN
-121.63,37.12,17.0,1830.0,398.0,1110.0,388.0,2.4821,146440.0,<1H OCEAN
-117.89,33.77,29.0,2577.0,445.0,1849.0,470.0,4.4732,192541.0,<1H OCEAN
-118.24,34.15,7.0,2063.0,670.0,1892.0,643.0,1.7301,193409.0,<1H OCEAN
-122.06,37.96,37.0,1784.0,313.0,788.0,304.0,4.2917,184977.0,NEAR BAY
-119.85,36.76,10.0,2067.0,450.0,845.0,354.0,1.8214,67089.0,INLAND
-118.09,34.01,36.0,1465.0,363.0,1538.0,342.0,3.5469,160671.0,<1H OCEAN
-123.73,39.17,20.0,4620.0,1042.0,1745.0,794.0,2.375,123925.0,NEAR OCEAN
-121.4,36.84,40.0,2352.0,536.0,1430.0,535.0,3.0912,156630.0,INLAND
-118.21,33.8,41.0,1251.0,279.0,1053.0,278.0,3.2778,177425.0,NEAR OCEAN
-119.62,36.56,30.0,1722.0,372.0,1467.0,403.0,1.8878,56520.0,INLAND
-118.81,34.25,4.0,9147.0,1827.0,3950.0,1661.0,5.716,290851.06,<1H OCEAN
-117.1,33.0,5.0,15502.0,2613.0,7417.0,2358.0,5.9094,278419.01,<1H OCEAN
-118.38,33.86,15.0,1778.0,311.0,908.0,330.0,7.674,420989.47,<1H OCEAN
-118.31,34.04,29.0,2038.0,578.0,2070.0,570.0,2.0658,166023.0,<1H OCEAN
-121.5,38.52,37.0,2008.0,466.0,1261.0,427.0,2.2574,92833.0,INLAND
-118.0,34.13,35.0,1005.0,224.0,742.0,221.0,3.5481,169280.0,INLAND
-118.35,33.91,19.0,1949.0,559.0,1282.0,498.0,2.7813,225705.0,<1H OCEAN
-118.98,35.37,36.0,1562.0,398.0,1223.0,329.0,0.9675,50146.0,INLAND
-117.9,33.88,28.0,2696.0,346.0,947.0,356.0,9.0055,459723.57,<1H OCEAN
-121.65,39.16,16.0,5022.0,1103.0,2087.0,956.0,2.3963,92225.0,INLAND
-119.81,36.6,24.0,2246.0,462.0,1291.0,394.0,2.4006,68316.0,INLAND
-118.02,34.15,44.0,2419.0,437.0,1045.0,432.0,3.875,277340.0,INLAND
-118.09,34.7,6.0,4558.0,804.0,1543.0,563.0,2.8548,117513.0,INLAND
-118.42,34.27,37.0,1024.0,246.0,1371.0,239.0,3.225,150636.0,<1H OCEAN
-118.32,34.07,52.0,2156.0,306.0,861.0,311.0,8.8062,464050.48,<1H OCEAN
-122.46,37.73,52.0,3547.0,506.0,1276.0,491.0,8.0069,490001.89,NEAR BAY
-116.53,33.78,18.0,2547.0,463.0,411.0,214.0,2.5489,168917.0,INLAND
-120.99,39.22,16.0,1497.0,275.0,737.0,243.0,2.8942,132181.0,INLAND
-116.47,34.07,22.0,5473.0,1234.0,2581.0,1098.0,1.9375,88856.0,INLAND
-122.28,37.82,52.0,1170.0,235.0,701.0,233.0,1.6098,94885.0,NEAR BAY
-118.47,35.64,17.0,2248.0,535.0,927.0,427.0,1.3023,75699.0,INLAND
-118.26,33.97,46.0,1086.0,249.0,880.0,250.0,1.5962,99153.0,<1H OCEAN
-117.2,32.78,38.0,2662.0,498.0,1132.0,496.0,4.0057,303957.06,NEAR OCEAN
-118.55,34.28,16.0,8879.0,,3468.0,1200.0,8.1125,408718.02,<1H OCEAN
-117.86,33.84,19.0,1725.0,392.0,920.0,400.0,3.0087,202222.0,<1H OCEAN
-117.78,33.78,6.0,9792.0,1283.0,3744.0,1179.0,10.1714,465434.2,<1H OCEAN
-121.86,37.41,16.0,2938.0,589.0,1718.0,568.0,5.5073,255137.0,<1H OCEAN
-117.58,34.11,14.0,11635.0,2055.0,6443.0,2009.0,4.7547,166925.0,INLAND
-118.02,34.12,38.0,1778.0,288.0,870.0,281.0,6.5784,411756.21,INLAND
-117.08,32.93,5.0,14944.0,2490.0,6600.0,2407.0,6.0857,270298.01,<1H OCEAN
-117.62,34.02,16.0,2040.0,325.0,1207.0,324.0,5.0431,153801.0,INLAND
-117.25,32.86,27.0,2530.0,469.0,594.0,326.0,7.2821,449008.36,NEAR OCEAN
-121.32,37.96,47.0,1700.0,344.0,922.0,357.0,3.1845,118189.0,INLAND
-118.45,33.96,36.0,2723.0,547.0,1090.0,519.0,6.3267,440561.37,<1H OCEAN
-119.79,36.77,30.0,1610.0,410.0,1000.0,397.0,2.0357,64308.0,INLAND
-118.2,33.92,42.0,1411.0,314.0,1432.0,322.0,3.0871,143866.0,<1H OCEAN
-118.33,34.16,23.0,1359.0,428.0,770.0,380.0,3.4016,273522.02,<1H OCEAN
-118.24,33.89,34.0,1479.0,332.0,1166.0,322.0,2.6165,107685.0,<1H OCEAN
-115.38,32.81,35.0,1263.0,262.0,950.0,241.0,1.8958,67272.0,INLAND
-117.82,33.85,18.0,1810.0,305.0,1189.0,326.0,5.2227,240578.0,<1H OCEAN
-121.97,37.3,25.0,5463.0,1351.0,2758.0,1310.0,3.0079,205892.0,<1H OCEAN
-121.24,38.75,5.0,9137.0,1368.0,3667.0,1294.0,5.4896,216394.0,INLAND
-118.91,36.79,19.0,1616.0,324.0,187.0,80.0,3.7857,97884.0,INLAND
-121.27,37.95,43.0,557.0,165.0,573.0,144.0,1.7212,67266.0,INLAND
-122.49,37.75,52.0,2226.0,385.0,1177.0,416.0,4.8516,324074.0,NEAR OCEAN
-123.2,39.15,27.0,990.0,238.0,592.0,225.0,2.0074,113719.0,<1H OCEAN
-122.26,37.54,5.0,1649.0,388.0,779.0,376.0,6.9635,363875.1,NEAR BAY
-117.29,33.05,28.0,1146.0,338.0,672.0,292.0,3.1667,279279.12,NEAR OCEAN
-118.39,33.88,31.0,1448.0,244.0,607.0,259.0,8.1513,487488.68,<1H OCEAN
-118.24,33.99,28.0,312.0,89.0,498.0,87.0,2.4107,113957.0,<1H OCEAN
-117.92,33.77,28.0,3614.0,960.0,3282.0,889.0,3.522,177563.0,<1H OCEAN
-118.16,33.86,26.0,6607.0,1663.0,4066.0,1558.0,2.5068,173937.0,<1H OCEAN
-122.16,37.71,36.0,666.0,132.0,366.0,134.0,3.4643,173910.0,NEAR BAY
-119.67,36.82,2.0,2579.0,376.0,1133.0,342.0,4.5577,121580.0,INLAND
-122.24,37.47,40.0,1504.0,270.0,689.0,287.0,6.1244,394989.18,NEAR OCEAN
-122.6,38.11,23.0,8642.0,1294.0,3594.0,1253.0,5.3962,279522.0,<1H OCEAN
-117.61,33.63,2.0,4678.0,817.0,1970.0,712.0,6.1078,302567.02,<1H OCEAN
-118.28,33.96,23.0,1983.0,611.0,2048.0,600.0,1.5313,113548.0,<1H OCEAN
-117.89,33.85,18.0,2036.0,414.0,1292.0,380.0,3.875,195425.0,<1H OCEAN
-121.77,36.93,24.0,1943.0,447.0,1844.0,461.0,3.0192,167056.0,<1H OCEAN
-121.37,38.68,36.0,1775.0,296.0,937.0,305.0,3.1786,99986.0,INLAND
-118.26,33.85,25.0,2324.0,326.0,1087.0,328.0,5.293,254483.02,<1H OCEAN
-122.17,37.73,43.0,1473.0,371.0,1231.0,341.0,2.1587,101428.0,NEAR BAY
-122.54,37.96,44.0,1552.0,204.0,596.0,208.0,10.129,497807.97,NEAR BAY
-124.16,40.8,52.0,2416.0,618.0,1150.0,571.0,1.7308,89737.0,NEAR OCEAN
-120.45,34.66,7.0,3329.0,504.0,1462.0,452.0,4.7875,218565.02,NEAR OCEAN
-120.45,34.95,10.0,2207.0,644.0,2232.0,543.0,2.375,134771.0,<1H OCEAN
-117.17,33.34,15.0,3313.0,679.0,1022.0,564.0,2.7986,145530.0,<1H OCEAN
-118.42,34.0,33.0,1139.0,299.0,734.0,257.0,3.2708,336585.03,<1H OCEAN
-119.35,36.52,39.0,3027.0,608.0,2199.0,592.0,2.6445,71933.0,INLAND
-121.84,37.29,4.0,2937.0,648.0,1780.0,665.0,4.3851,203559.0,<1H OCEAN
-120.24,37.96,34.0,1747.0,395.0,935.0,362.0,1.625,87407.0,INLAND
-122.42,37.77,52.0,4226.0,1315.0,2619.0,1242.0,2.5755,322090.07,NEAR BAY
-117.91,33.9,27.0,829.0,114.0,383.0,133.0,9.3125,474036.52,<1H OCEAN
-121.53,38.58,33.0,4988.0,1169.0,2414.0,1075.0,1.9728,90605.0,INLAND
-121.23,37.8,11.0,2451.0,665.0,1155.0,533.0,2.2254,118076.0,INLAND
-117.65,33.58,2.0,2411.0,354.0,703.0,217.0,7.8061,341071.05,<1H OCEAN
-121.0,37.6,22.0,4412.0,925.0,3116.0,817.0,2.6899,112458.0,INLAND
-118.07,34.17,36.0,2415.0,394.0,1215.0,413.0,5.5418,359359.04,INLAND
-117.69,33.64,16.0,2592.0,372.0,1279.0,383.0,6.9741,310923.03,<1H OCEAN
-121.78,37.23,18.0,1747.0,317.0,1055.0,285.0,5.898,263821.0,<1H OCEAN
-121.85,37.4,23.0,1793.0,319.0,1145.0,310.0,5.5968,248796.0,<1H OCEAN
-121.32,37.98,20.0,1591.0,589.0,1916.0,536.0,1.3531,92866.0,INLAND
-118.16,33.84,36.0,2831.0,573.0,1462.0,569.0,3.8646,220807.0,<1H OCEAN
-118.04,34.12,44.0,2007.0,288.0,921.0,307.0,6.5989,398032.14,INLAND
-122.21,37.8,50.0,2833.0,605.0,1260.0,552.0,2.8929,156863.0,NEAR BAY
-117.8,34.05,5.0,4536.0,1178.0,2485.0,909.0,4.1118,214813.0,<1H OCEAN
-121.43,38.61,33.0,2289.0,576.0,1100.0,503.0,2.1694,97312.0,INLAND
-121.8,36.72,14.0,2493.0,407.0,1296.0,418.0,5.4508,272689.0,<1H OCEAN
-122.02,37.58,15.0,3052.0,760.0,2097.0,728.0,3.3617,226183.0,NEAR BAY
-119.32,36.19,11.0,1281.0,291.0,861.0,313.0,1.0962,55375.0,INLAND
-118.2,33.81,46.0,1388.0,254.0,742.0,241.0,4.6458,210251.0,NEAR OCEAN
-117.91,33.75,8.0,2346.0,679.0,3842.0,674.0,3.0635,172924.0,<1H OCEAN
-118.13,34.02,38.0,1243.0,310.0,788.0,286.0,2.5852,181710.0,<1H OCEAN
-118.12,34.7,7.0,4915.0,885.0,2833.0,874.0,4.3229,139147.0,INLAND
-122.41,37.75,52.0,2164.0,606.0,2034.0,513.0,2.0325,239122.0,NEAR BAY
-118.26,34.09,51.0,1532.0,366.0,669.0,333.0,3.6434,246454.02,<1H OCEAN
-122.29,37.92,36.0,1450.0,235.0,568.0,234.0,6.0,323309.02,NEAR BAY
-117.43,34.1,34.0,1345.0,265.0,834.0,290.0,3.7011,105162.0,INLAND
-117.9,33.71,16.0,4208.0,630.0,2592.0,662.0,6.1966,285757.01,<1H OCEAN
-118.43,33.9,27.0,1536.0,377.0,553.0,326.0,5.4088,413079.32,<1H OCEAN
-121.43,36.5,14.0,1835.0,468.0,1867.0,461.0,2.3879,121053.0,<1H OCEAN
-120.45,37.32,21.0,1318.0,202.0,618.0,197.0,4.8214,126641.0,INLAND
-118.25,33.93,40.0,975.0,270.0,1068.0,270.0,0.9889,91428.0,<1H OCEAN
-122.5,37.74,45.0,1771.0,349.0,1098.0,342.0,3.7552,274178.0,NEAR OCEAN
-122.04,37.95,29.0,866.0,138.0,341.0,133.0,4.7188,220807.0,NEAR BAY
-117.34,34.02,28.0,2683.0,708.0,2047.0,636.0,2.275,91373.0,INLAND
-118.26,33.9,38.0,1566.0,318.0,981.0,318.0,4.0234,151733.01,<1H OCEAN
-120.45,34.94,24.0,1702.0,447.0,1240.0,417.0,2.4091,129711.0,<1H OCEAN
-117.24,33.18,19.0,3337.0,565.0,1646.0,554.0,5.0195,238075.0,<1H OCEAN
-118.15,34.18,46.0,2230.0,488.0,1985.0,456.0,2.2328,158300.0,<1H OCEAN
-122.16,37.46,45.0,2068.0,348.0,844.0,366.0,6.227,417910.32,NEAR BAY
-117.95,33.78,9.0,3553.0,1035.0,2017.0,986.0,2.9726,185549.0,<1H OCEAN
-119.05,34.13,12.0,57.0,22.0,69.0,15.0,5.0066,308813.12,NEAR OCEAN
-118.3,33.98,44.0,1597.0,388.0,902.0,321.0,1.9556,102921.0,<1H OCEAN
-120.98,37.69,18.0,3176.0,468.0,1296.0,471.0,5.5684,201609.0,INLAND
-118.27,34.05,52.0,1292.0,864.0,2081.0,724.0,0.9563,246154.03,<1H OCEAN
-122.41,37.8,52.0,1866.0,748.0,2957.0,710.0,1.8295,249878.06,NEAR BAY
-117.98,33.99,26.0,3343.0,455.0,1429.0,457.0,7.0778,372198.04,<1H OCEAN
-121.93,37.31,26.0,2182.0,704.0,1638.0,704.0,2.8981,209599.0,<1H OCEAN
-121.44,38.61,33.0,1591.0,466.0,1000.0,418.0,1.0467,72628.0,INLAND
-118.28,34.76,19.0,3430.0,601.0,1817.0,571.0,4.7875,139895.0,INLAND
-117.02,32.79,36.0,2211.0,384.0,868.0,329.0,4.0491,165201.0,<1H OCEAN
-117.21,34.08,5.0,5749.0,1385.0,2382.0,1088.0,3.0587,110805.0,INLAND
-118.21,34.05,45.0,2146.0,607.0,2868.0,625.0,2.121,143634.0,<1H OCEAN
-121.22,37.8,37.0,1038.0,222.0,521.0,211.0,2.125,109744.0,INLAND
-122.45,37.77,52.0,2645.0,626.0,1275.0,553.0,3.35,407554.16,NEAR BAY
-121.87,37.46,43.0,91.0,12.0,58.0,16.0,15.0001,235250.05,<1H OCEAN
-118.26,34.02,38.0,980.0,285.0,1308.0,310.0,1.5652,118918.0,<1H OCEAN
-117.23,32.73,35.0,2914.0,683.0,1562.0,638.0,2.5259,239561.0,NEAR OCEAN
-118.25,34.23,41.0,1979.0,496.0,1157.0,459.0,4.4083,271945.03,<1H OCEAN
-118.15,33.78,17.0,1584.0,435.0,904.0,406.0,2.0875,147937.0,NEAR OCEAN
-117.48,33.91,22.0,3611.0,666.0,1869.0,649.0,4.2207,155260.0,INLAND
-122.06,38.26,36.0,1248.0,221.0,672.0,222.0,3.3839,118815.0,INLAND
-117.12,32.7,36.0,1011.0,253.0,763.0,226.0,1.8187,84001.0,NEAR OCEAN
-121.87,37.35,27.0,3500.0,1036.0,3019.0,955.0,2.9222,182769.0,<1H OCEAN
-118.15,33.88,24.0,4232.0,1092.0,2688.0,1035.0,2.52,177386.0,<1H OCEAN
-122.55,38.07,5.0,1495.0,235.0,555.0,201.0,6.7232,333847.08,NEAR BAY
-118.05,34.13,23.0,3264.0,729.0,1475.0,668.0,3.735,284656.0,INLAND
-119.02,35.43,39.0,2033.0,370.0,956.0,379.0,3.1736,80202.0,INLAND
-122.42,37.73,52.0,3230.0,654.0,1765.0,611.0,3.3333,246860.0,NEAR BAY
-122.53,37.97,52.0,1560.0,451.0,700.0,419.0,2.5125,215861.01,NEAR BAY
-122.21,37.78,44.0,1729.0,414.0,1240.0,393.0,2.3125,120454.0,NEAR BAY
-117.29,34.15,42.0,1811.0,345.0,856.0,352.0,2.9667,92374.0,INLAND
-117.98,33.68,24.0,4177.0,,1704.0,606.0,6.2473,285501.01,<1H OCEAN
-122.18,38.17,7.0,4093.0,651.0,2228.0,646.0,5.2523,197071.0,NEAR BAY
-117.98,33.71,24.0,3430.0,548.0,1601.0,512.0,5.6825,267952.0,<1H OCEAN
-118.34,35.27,10.0,2939.0,605.0,1167.0,446.0,2.3917,82144.0,INLAND
-121.38,38.55,23.0,2790.0,430.0,1407.0,460.0,4.3288,135462.0,INLAND
-118.32,34.09,32.0,563.0,191.0,626.0,185.0,2.0341,194057.0,<1H OCEAN
-121.5,38.58,5.0,761.0,306.0,2031.0,295.0,0.7526,149441.0,INLAND
-118.3,34.19,52.0,1704.0,277.0,746.0,262.0,4.7986,317717.03,<1H OCEAN
-116.42,33.76,14.0,16921.0,2837.0,2524.0,1262.0,7.6281,307534.0,INLAND
-118.27,34.15,14.0,1744.0,536.0,1494.0,531.0,3.2171,226275.0,<1H OCEAN
-117.98,34.1,22.0,5661.0,1209.0,5389.0,1178.0,3.7727,159693.0,INLAND
-115.64,32.8,23.0,1228.0,235.0,569.0,235.0,3.1667,77043.0,INLAND
-119.73,36.68,32.0,755.0,205.0,681.0,207.0,1.7986,59829.0,INLAND
-118.6,34.13,20.0,14291.0,1934.0,5452.0,1875.0,9.1232,487777.81,<1H OCEAN
-118.3,34.04,50.0,1757.0,522.0,2080.0,488.0,1.7225,148934.0,<1H OCEAN
-120.68,35.25,16.0,4208.0,897.0,1634.0,806.0,2.2868,223363.01,NEAR OCEAN
-122.3,37.56,36.0,1379.0,228.0,750.0,227.0,5.5381,332069.0,NEAR OCEAN
-119.25,35.77,35.0,1618.0,378.0,1449.0,398.0,1.6786,49885.0,INLAND
-122.23,37.78,52.0,472.0,146.0,415.0,126.0,2.6429,124430.0,NEAR BAY
-122.23,37.46,33.0,2643.0,464.0,1015.0,427.0,4.2232,343807.1,NEAR OCEAN
-121.57,39.76,20.0,1384.0,257.0,557.0,232.0,2.0882,84001.0,INLAND
-118.98,35.36,15.0,1482.0,338.0,1059.0,279.0,1.2617,53590.0,INLAND
-118.32,34.08,46.0,2038.0,534.0,1250.0,525.0,2.4196,242017.0,<1H OCEAN
-119.71,34.41,31.0,1034.0,319.0,997.0,308.0,2.6538,241636.0,NEAR OCEAN
-118.43,37.4,19.0,2460.0,405.0,1225.0,425.0,4.1576,137101.0,INLAND
-117.29,34.12,47.0,1648.0,432.0,1308.0,385.0,1.2069,70405.0,INLAND
-118.59,34.22,17.0,6015.0,1464.0,3056.0,1347.0,4.0077,254576.01,<1H OCEAN
-117.38,34.12,17.0,5959.0,1208.0,4115.0,1088.0,2.4053,115685.0,INLAND
-117.94,33.86,36.0,2824.0,493.0,1394.0,507.0,4.6477,205561.0,<1H OCEAN
-118.98,36.06,33.0,2043.0,443.0,1497.0,417.0,2.343,60938.0,INLAND
-118.49,34.27,33.0,3047.0,527.0,1578.0,507.0,4.58,230609.0,<1H OCEAN
-121.63,39.82,11.0,3974.0,727.0,1610.0,634.0,2.6147,94905.0,INLAND
-117.03,32.73,38.0,3174.0,606.0,1557.0,619.0,3.5861,143531.0,NEAR OCEAN
-118.32,33.79,32.0,2381.0,467.0,1264.0,488.0,4.1477,325084.0,<1H OCEAN
-122.43,37.73,52.0,1142.0,224.0,494.0,206.0,5.0602,306105.04,NEAR BAY
-121.91,36.59,31.0,2034.0,335.0,966.0,322.0,4.6964,284688.0,NEAR OCEAN
-118.21,33.94,34.0,892.0,318.0,1443.0,341.0,2.1903,146294.0,<1H OCEAN
-117.59,33.67,29.0,1223.0,215.0,633.0,204.0,6.5143,350547.2,<1H OCEAN
-118.33,33.91,39.0,1224.0,312.0,1106.0,333.0,3.3491,182451.0,<1H OCEAN
-121.64,36.8,18.0,5915.0,1000.0,2975.0,975.0,4.5812,248828.0,<1H OCEAN
-122.48,37.75,49.0,2203.0,407.0,1052.0,405.0,4.4375,330834.02,NEAR BAY
-122.42,37.8,52.0,1777.0,486.0,932.0,427.0,3.3643,477539.68,NEAR BAY
-118.39,34.17,26.0,3345.0,818.0,1599.0,773.0,3.3516,266087.01,<1H OCEAN
-121.37,38.42,18.0,2643.0,502.0,1755.0,541.0,3.3281,116066.0,INLAND
-124.14,40.78,35.0,2426.0,423.0,982.0,432.0,3.4219,92992.0,NEAR OCEAN
-118.32,33.89,34.0,2675.0,560.0,1270.0,492.0,4.5053,216247.0,<1H OCEAN
-122.41,37.75,52.0,3065.0,622.0,1405.0,606.0,3.7813,277600.0,NEAR BAY
-117.39,33.93,26.0,3014.0,494.0,1832.0,485.0,4.8333,146921.0,INLAND
-120.23,37.86,16.0,324.0,61.0,135.0,61.0,2.4615,139812.0,INLAND
-121.91,37.29,36.0,945.0,149.0,371.0,158.0,5.6266,324150.05,<1H OCEAN
-114.65,32.79,21.0,44.0,33.0,64.0,27.0,0.8571,56163.0,INLAND
-117.78,33.97,2.0,556.0,63.0,179.0,54.0,8.4411,380042.07,<1H OCEAN
-118.45,37.37,26.0,3135.0,524.0,1385.0,523.0,4.337,145412.0,INLAND
-117.85,33.61,14.0,4340.0,741.0,1505.0,670.0,7.5674,321852.04,<1H OCEAN
-122.01,36.98,47.0,2403.0,517.0,1144.0,455.0,2.5954,239098.0,NEAR OCEAN
-118.2,33.93,40.0,1929.0,417.0,1780.0,419.0,3.4402,150645.0,<1H OCEAN
-121.91,36.62,40.0,1292.0,271.0,504.0,230.0,2.475,222275.0,<1H OCEAN
-118.18,33.87,38.0,2664.0,626.0,1627.0,604.0,3.7527,171377.0,<1H OCEAN
-122.05,37.38,24.0,2424.0,501.0,1367.0,507.0,4.072,290886.0,<1H OCEAN
-118.26,34.0,37.0,2615.0,697.0,2484.0,630.0,1.9208,108276.0,<1H OCEAN
-118.19,34.02,40.0,474.0,124.0,546.0,121.0,2.3438,137878.0,<1H OCEAN
-121.21,38.75,11.0,4552.0,639.0,2006.0,623.0,4.3962,186290.0,INLAND
-117.63,33.62,9.0,4257.0,785.0,1293.0,745.0,3.7139,204948.01,<1H OCEAN
-121.71,38.72,32.0,710.0,155.0,550.0,154.0,2.8882,113149.0,INLAND
-121.88,37.67,25.0,2244.0,301.0,937.0,324.0,6.4524,283271.01,INLAND
-118.37,34.21,36.0,1392.0,326.0,1181.0,303.0,3.1563,164002.0,<1H OCEAN
-118.25,34.01,43.0,1575.0,475.0,1980.0,469.0,1.7425,106826.0,<1H OCEAN
-117.79,35.21,4.0,2.0,2.0,6.0,2.0,2.375,212345.23,INLAND
-118.24,34.03,52.0,142.0,47.0,137.0,45.0,1.8333,168875.0,<1H OCEAN
-120.99,37.66,46.0,1750.0,347.0,754.0,356.0,2.9137,111428.0,INLAND
-122.56,37.97,52.0,1833.0,324.0,735.0,306.0,4.6944,335542.04,NEAR BAY
-122.43,37.77,52.0,2416.0,620.0,1188.0,591.0,2.3887,309366.06,NEAR BAY
-121.91,37.93,13.0,1610.0,198.0,703.0,217.0,8.7059,338191.03,INLAND
-118.43,33.99,43.0,2483.0,548.0,1212.0,493.0,4.0189,347542.08,<1H OCEAN
-122.19,39.91,39.0,2467.0,529.0,1433.0,502.0,1.8571,61096.0,INLAND
-118.28,34.0,48.0,1514.0,376.0,1353.0,344.0,2.1607,116227.0,<1H OCEAN
-118.15,34.11,52.0,1000.0,192.0,363.0,158.0,4.2981,245026.0,<1H OCEAN
-121.99,36.98,40.0,1104.0,224.0,669.0,215.0,4.3409,242315.0,NEAR OCEAN
-118.87,34.2,26.0,1924.0,245.0,775.0,244.0,7.001,361121.02,<1H OCEAN
-122.5,37.74,44.0,2527.0,518.0,1434.0,444.0,3.875,286649.0,NEAR OCEAN
-122.26,37.5,24.0,2307.0,510.0,842.0,507.0,3.6111,308817.01,NEAR OCEAN
-118.95,34.17,23.0,2630.0,404.0,1184.0,385.0,5.2955,318229.07,<1H OCEAN
-122.72,38.45,41.0,1743.0,373.0,780.0,357.0,3.1467,170147.0,<1H OCEAN
-122.86,38.42,38.0,1166.0,223.0,584.0,225.0,3.6667,192520.0,<1H OCEAN
-121.79,38.67,30.0,2602.0,401.0,981.0,405.0,4.7222,176523.0,INLAND
-119.19,34.22,26.0,3175.0,736.0,2460.0,775.0,3.125,206187.0,NEAR OCEAN
-121.7,38.65,22.0,1360.0,282.0,808.0,229.0,2.4167,101138.0,INLAND
-119.68,36.81,16.0,2668.0,454.0,1536.0,457.0,3.9792,89804.0,INLAND
-121.91,36.6,35.0,2605.0,410.0,1110.0,406.0,5.5519,335356.02,NEAR OCEAN
-117.68,33.48,15.0,1786.0,299.0,727.0,293.0,5.0527,260710.04,<1H OCEAN
-121.28,38.14,38.0,2803.0,500.0,1223.0,509.0,4.119,152205.0,INLAND
-117.24,33.36,11.0,2786.0,480.0,1250.0,450.0,4.5,224803.0,<1H OCEAN
-117.13,32.96,15.0,2267.0,292.0,1180.0,289.0,6.712,277832.0,<1H OCEAN
-122.38,41.43,45.0,2245.0,448.0,1155.0,421.0,1.6509,61801.0,INLAND
-122.04,37.99,36.0,2765.0,495.0,1478.0,441.0,4.125,160641.0,NEAR BAY
-121.81,38.84,37.0,352.0,65.0,238.0,67.0,2.8542,137403.0,INLAND
-122.31,37.56,45.0,1685.0,321.0,815.0,314.0,4.2955,305999.02,NEAR OCEAN
-118.28,33.82,30.0,3615.0,760.0,2813.0,752.0,5.3849,246651.03,<1H OCEAN
-122.64,38.25,31.0,2554.0,515.0,1507.0,533.0,3.8,208907.0,<1H OCEAN
-118.27,34.16,15.0,5036.0,1299.0,3164.0,1175.0,2.9148,235192.0,<1H OCEAN
-117.06,32.71,11.0,2397.0,523.0,1566.0,514.0,3.8687,132765.0,NEAR OCEAN
-122.06,37.38,21.0,1798.0,399.0,837.0,410.0,5.6999,343818.09,NEAR BAY
-118.11,34.01,41.0,815.0,252.0,775.0,231.0,2.2847,166203.0,<1H OCEAN
-118.23,34.09,41.0,438.0,201.0,690.0,161.0,2.0476,159568.0,<1H OCEAN
-118.2,33.94,44.0,1413.0,298.0,1200.0,307.0,3.5125,159180.0,<1H OCEAN
-118.41,33.93,22.0,2514.0,605.0,1225.0,568.0,4.1818,355613.03,<1H OCEAN
-118.2,33.94,45.0,1818.0,408.0,1705.0,373.0,4.0441,161812.0,<1H OCEAN
-122.87,38.61,23.0,2676.0,521.0,1456.0,500.0,3.7361,193696.0,<1H OCEAN
-118.04,34.04,32.0,1619.0,323.0,1492.0,342.0,3.5,160438.0,<1H OCEAN
-118.38,33.81,36.0,1018.0,148.0,329.0,169.0,10.5045,499986.99,NEAR OCEAN
-118.2,34.12,41.0,1908.0,503.0,1557.0,453.0,2.9194,173717.0,<1H OCEAN
-122.36,37.92,52.0,215.0,41.0,126.0,43.0,1.3929,126810.01,NEAR BAY
-118.44,34.18,36.0,2077.0,496.0,1206.0,528.0,2.2326,210470.0,<1H OCEAN
-117.81,33.63,17.0,4477.0,610.0,1798.0,612.0,8.1093,354025.02,<1H OCEAN
-122.22,38.08,37.0,4590.0,857.0,2920.0,832.0,3.436,138229.0,NEAR BAY
-117.08,32.63,33.0,2891.0,793.0,1607.0,754.0,2.1281,137964.0,NEAR OCEAN
-122.29,40.44,30.0,1270.0,365.0,840.0,324.0,1.3904,62581.0,INLAND
-124.16,40.78,50.0,2285.0,403.0,837.0,353.0,2.5417,93074.01,NEAR OCEAN
-118.35,34.13,39.0,1610.0,278.0,511.0,278.0,4.3333,430532.18,<1H OCEAN
-122.26,37.57,23.0,7995.0,1254.0,3484.0,1198.0,6.5948,365657.11,NEAR BAY
-117.23,33.83,2.0,1424.0,251.0,681.0,192.0,4.0833,167928.0,INLAND
-122.59,38.43,20.0,2791.0,546.0,785.0,512.0,3.4561,189823.0,<1H OCEAN
-118.38,34.04,31.0,2846.0,727.0,2120.0,672.0,2.7226,250270.01,<1H OCEAN
-117.96,33.87,35.0,1972.0,367.0,1152.0,356.0,3.7222,194120.0,<1H OCEAN
-118.19,34.02,44.0,2702.0,770.0,3260.0,721.0,2.3575,145571.0,<1H OCEAN
-122.0,38.36,34.0,2735.0,539.0,1390.0,491.0,2.7262,101679.0,INLAND
-116.99,32.71,21.0,3049.0,582.0,2355.0,585.0,3.8904,151685.0,NEAR OCEAN
-121.78,37.68,17.0,3112.0,872.0,1392.0,680.0,3.0222,160867.0,INLAND
-121.26,38.68,4.0,3080.0,827.0,1195.0,683.0,2.7477,137708.0,INLAND
-117.72,33.61,26.0,2033.0,463.0,618.0,450.0,2.5685,126393.01,<1H OCEAN
-121.38,38.69,35.0,2943.0,554.0,1460.0,510.0,2.6713,110377.0,INLAND
-120.95,39.93,26.0,2023.0,385.0,922.0,365.0,2.8125,78439.0,INLAND
-122.47,37.5,18.0,2297.0,416.0,1086.0,381.0,4.875,394292.08,NEAR OCEAN
-118.02,33.76,27.0,2905.0,587.0,1781.0,561.0,4.25,201438.0,<1H OCEAN
-122.49,37.74,52.0,2189.0,433.0,1147.0,420.0,3.4583,310645.0,NEAR OCEAN
-118.19,33.97,30.0,1790.0,556.0,1827.0,520.0,1.7562,163318.0,<1H OCEAN
-118.02,33.84,35.0,3473.0,563.0,2091.0,580.0,4.4821,202511.0,<1H OCEAN
-117.31,34.04,5.0,2785.0,577.0,1310.0,536.0,3.39,126377.0,INLAND
-118.04,34.08,35.0,1148.0,258.0,975.0,253.0,4.037,175695.0,<1H OCEAN
-119.2,34.26,25.0,2203.0,367.0,1194.0,377.0,5.4087,276110.0,NEAR OCEAN
-117.99,33.84,31.0,2982.0,547.0,1895.0,570.0,4.9115,203706.0,<1H OCEAN
-118.2,34.13,52.0,2035.0,459.0,2589.0,438.0,3.5349,188808.0,<1H OCEAN
-121.85,36.6,41.0,3138.0,717.0,1890.0,642.0,2.4864,164145.0,<1H OCEAN
-118.11,34.08,42.0,3172.0,644.0,1829.0,642.0,3.3966,213567.0,<1H OCEAN
-117.97,33.83,16.0,2035.0,564.0,1118.0,503.0,3.2546,191971.0,<1H OCEAN
-117.15,32.76,37.0,1921.0,502.0,811.0,472.0,2.75,196106.0,NEAR OCEAN
-117.81,33.66,20.0,2851.0,490.0,1192.0,463.0,5.8752,287835.01,<1H OCEAN
-116.97,32.79,32.0,1255.0,338.0,782.0,302.0,2.6635,152758.0,<1H OCEAN
-122.23,37.8,51.0,1590.0,414.0,949.0,392.0,1.9028,129336.0,NEAR BAY
-119.78,36.8,34.0,3426.0,623.0,1938.0,647.0,2.8994,76304.0,INLAND
-122.01,37.53,27.0,1890.0,303.0,889.0,314.0,5.7057,271438.0,NEAR BAY
-118.89,34.22,20.0,3878.0,665.0,1651.0,591.0,5.5402,280444.0,<1H OCEAN
-124.17,40.77,30.0,1895.0,366.0,990.0,359.0,2.2227,75045.0,NEAR OCEAN
-120.96,37.67,17.0,2434.0,511.0,1558.0,546.0,2.9219,121324.0,INLAND
-122.14,37.73,52.0,2024.0,320.0,823.0,334.0,5.0,286758.1,NEAR BAY
-121.62,39.15,36.0,2321.0,455.0,1168.0,489.0,3.0962,105735.0,INLAND
-116.54,33.87,16.0,3648.0,1035.0,1687.0,581.0,1.9167,94441.0,INLAND
-118.41,34.0,35.0,684.0,161.0,381.0,159.0,2.8393,288440.01,<1H OCEAN
-118.14,33.79,23.0,2573.0,688.0,1478.0,604.0,3.4833,234992.02,NEAR OCEAN
-117.96,33.85,35.0,1175.0,191.0,568.0,186.0,4.125,205772.0,<1H OCEAN
-118.05,33.83,24.0,4316.0,678.0,2286.0,665.0,5.7018,257892.0,<1H OCEAN
-122.14,37.9,32.0,5738.0,746.0,2099.0,732.0,10.3224,492881.91,NEAR BAY
-117.95,34.09,18.0,1179.0,324.0,1296.0,331.0,2.851,171870.0,<1H OCEAN
-117.66,35.61,5.0,5735.0,932.0,2623.0,862.0,4.8494,143569.0,INLAND
-118.22,34.14,52.0,2298.0,406.0,1203.0,387.0,5.5291,339855.01,<1H OCEAN
-118.38,34.04,45.0,767.0,130.0,254.0,118.0,6.2895,427697.39,<1H OCEAN
-118.09,33.89,42.0,991.0,,717.0,219.0,4.0926,181952.0,<1H OCEAN
-121.37,38.57,16.0,3895.0,896.0,1762.0,855.0,2.6635,129150.0,INLAND
-118.39,34.17,26.0,6429.0,1611.0,2806.0,1491.0,3.1929,269400.02,<1H OCEAN
-121.38,36.85,13.0,4115.0,782.0,2903.0,747.0,3.7316,212762.0,INLAND
-122.1,37.66,36.0,1305.0,225.0,768.0,234.0,4.275,196727.0,NEAR BAY
-122.43,37.43,17.0,11999.0,2249.0,5467.0,1989.0,4.8405,408012.2,NEAR OCEAN
-117.3,33.07,16.0,3147.0,765.0,2165.0,690.0,3.5585,230565.0,NEAR OCEAN
-122.49,37.59,35.0,2683.0,475.0,1498.0,484.0,5.1282,300277.0,NEAR OCEAN
-118.31,34.05,40.0,1667.0,365.0,1161.0,384.0,3.1406,192763.0,<1H OCEAN
-118.42,34.0,45.0,1807.0,355.0,883.0,371.0,5.0357,354110.02,<1H OCEAN
-122.02,37.59,18.0,1165.0,333.0,855.0,319.0,3.6923,206258.0,NEAR BAY
-116.39,33.72,19.0,7646.0,1618.0,2496.0,1075.0,3.5569,166738.06,INLAND
-124.15,40.78,41.0,2127.0,358.0,911.0,349.0,3.1711,115243.0,NEAR OCEAN
-119.29,34.44,34.0,4314.0,878.0,2361.0,831.0,3.2279,254402.01,NEAR OCEAN
-122.17,37.73,46.0,2163.0,470.0,925.0,435.0,3.25,192806.0,NEAR BAY
-117.44,33.93,33.0,1371.0,236.0,715.0,227.0,4.375,131669.0,INLAND
-117.99,34.06,32.0,2491.0,616.0,2660.0,595.0,2.564,151106.0,INLAND
-122.29,37.81,46.0,12.0,4.0,18.0,7.0,0.4999,202691.07,NEAR BAY
-118.42,34.0,14.0,3771.0,1180.0,2355.0,978.0,3.1603,326336.02,<1H OCEAN
-121.82,37.73,47.0,127.0,23.0,51.0,21.0,4.3472,156004.0,INLAND
-122.03,37.54,16.0,4458.0,856.0,3038.0,870.0,5.0739,237715.0,NEAR BAY
-122.7,38.45,39.0,2015.0,335.0,640.0,315.0,4.1734,243678.0,<1H OCEAN
-117.31,34.14,44.0,1487.0,273.0,972.0,281.0,3.2292,98700.0,INLAND
-117.98,34.08,17.0,3640.0,830.0,3537.0,807.0,3.4784,150636.0,INLAND
-121.99,38.27,16.0,4138.0,758.0,1762.0,723.0,3.1979,130950.0,INLAND
-118.22,33.92,32.0,1263.0,333.0,1789.0,346.0,1.9957,112442.0,<1H OCEAN
-117.92,34.06,35.0,2894.0,467.0,1420.0,479.0,5.184,221687.0,<1H OCEAN
-119.85,36.97,13.0,2872.0,477.0,1607.0,481.0,4.475,109093.0,INLAND
-118.27,34.14,10.0,1060.0,332.0,1025.0,288.0,3.0074,215934.0,<1H OCEAN
-122.66,38.27,16.0,1523.0,308.0,477.0,315.0,2.1696,165695.0,<1H OCEAN
-118.48,34.04,49.0,3780.0,741.0,1435.0,690.0,4.3158,440185.35,<1H OCEAN
-117.99,33.84,34.0,2079.0,343.0,1379.0,352.0,5.103,211385.0,<1H OCEAN
-121.25,39.17,9.0,999.0,189.0,411.0,176.0,2.125,101357.0,INLAND
-117.05,32.67,32.0,4227.0,785.0,2842.0,795.0,3.9646,144882.0,NEAR OCEAN
-121.29,37.97,52.0,2995.0,555.0,1392.0,503.0,1.7794,89537.0,INLAND
-117.08,33.82,6.0,1771.0,293.0,935.0,279.0,4.065,152848.01,INLAND
-118.29,33.99,43.0,1902.0,398.0,1153.0,363.0,1.9375,102088.0,<1H OCEAN
-121.06,39.22,52.0,1749.0,422.0,837.0,391.0,2.325,109551.0,INLAND
-118.38,33.96,44.0,2395.0,458.0,1287.0,450.0,4.6923,324769.0,<1H OCEAN
-117.18,32.78,21.0,4185.0,1018.0,3122.0,993.0,3.0481,205071.0,NEAR OCEAN
-118.14,34.01,46.0,1746.0,447.0,1296.0,392.0,2.3929,170161.0,<1H OCEAN
-122.34,37.59,44.0,1395.0,269.0,736.0,288.0,5.6206,347908.06,NEAR OCEAN
-121.8,37.69,17.0,3956.0,639.0,2222.0,662.0,5.4324,213045.0,INLAND
-122.58,38.08,27.0,10839.0,1637.0,4406.0,1623.0,5.615,293206.0,NEAR BAY
-122.22,38.1,38.0,931.0,181.0,566.0,207.0,3.0221,136929.0,NEAR BAY
-118.04,34.1,39.0,2302.0,412.0,1590.0,406.0,4.8017,268609.0,INLAND
-118.21,33.83,38.0,793.0,193.0,601.0,187.0,2.8837,175220.0,NEAR OCEAN
-118.27,34.24,30.0,2180.0,369.0,1050.0,390.0,6.3688,349549.04,<1H OCEAN
-119.12,36.05,27.0,1575.0,321.0,1063.0,317.0,2.1477,62572.0,INLAND
-118.11,33.75,24.0,1608.0,314.0,592.0,314.0,5.0926,387551.29,NEAR OCEAN
-117.94,33.67,26.0,2552.0,314.0,925.0,323.0,8.1839,364207.12,<1H OCEAN
-118.54,34.28,18.0,5481.0,780.0,2477.0,764.0,6.7248,318510.05,<1H OCEAN
-122.04,37.35,28.0,3250.0,485.0,1328.0,473.0,7.4729,421995.19,<1H OCEAN
-121.99,37.36,32.0,1754.0,324.0,917.0,330.0,4.6761,248807.0,<1H OCEAN
-117.39,34.04,27.0,2919.0,549.0,1841.0,564.0,2.8682,106550.0,INLAND
-122.23,37.79,43.0,5963.0,1344.0,4367.0,1231.0,2.1917,192626.01,NEAR BAY
-121.54,38.58,30.0,4648.0,1252.0,2524.0,1089.0,1.3177,88750.0,INLAND
-118.29,34.02,21.0,1641.0,491.0,1526.0,453.0,2.087,132636.0,<1H OCEAN
-117.87,33.83,27.0,2287.0,,1140.0,351.0,5.6163,267110.0,<1H OCEAN
-118.17,34.03,31.0,1014.0,252.0,1064.0,247.0,2.4167,145497.0,<1H OCEAN
-121.24,38.78,11.0,1851.0,352.0,1049.0,369.0,3.5288,140531.0,INLAND
-118.13,34.13,39.0,2099.0,397.0,1500.0,380.0,4.8304,253829.03,<1H OCEAN
-117.09,32.76,29.0,1650.0,496.0,882.0,445.0,2.2287,140773.0,NEAR OCEAN
-120.84,35.32,17.0,4197.0,802.0,1656.0,732.0,3.526,262995.0,NEAR OCEAN
-121.85,37.26,16.0,2312.0,303.0,1158.0,295.0,7.4323,357873.09,<1H OCEAN
-117.18,32.95,4.0,19001.0,2688.0,8980.0,2441.0,6.3237,289221.0,<1H OCEAN
-116.45,33.8,9.0,5534.0,1206.0,2283.0,1008.0,3.6161,144410.03,INLAND
-117.25,33.0,14.0,2518.0,458.0,931.0,414.0,5.8393,380232.2,NEAR OCEAN
-122.13,37.68,43.0,1676.0,340.0,924.0,328.0,3.6,181768.0,NEAR BAY
-121.94,37.34,42.0,2174.0,420.0,1304.0,464.0,3.1429,225786.0,<1H OCEAN
-121.86,37.66,22.0,3634.0,664.0,1699.0,640.0,4.1597,214247.0,INLAND
-117.76,34.06,30.0,1700.0,504.0,1719.0,459.0,2.227,113793.0,INLAND
-117.02,32.7,22.0,2756.0,516.0,1849.0,486.0,4.1837,144609.0,NEAR OCEAN
-124.01,40.97,21.0,1513.0,319.0,943.0,301.0,3.538,117648.0,<1H OCEAN
-122.94,38.49,37.0,3169.0,719.0,777.0,344.0,2.7072,148219.0,<1H OCEAN
-117.26,33.19,4.0,2342.0,595.0,1518.0,545.0,2.9469,186655.01,NEAR OCEAN
-117.59,34.02,14.0,1463.0,261.0,881.0,245.0,4.7857,152348.0,INLAND
-122.19,37.82,32.0,1835.0,264.0,635.0,263.0,8.317,423580.14,NEAR BAY
-122.44,37.75,52.0,3114.0,637.0,1144.0,591.0,4.0,354506.01,NEAR BAY
-118.28,34.01,46.0,441.0,167.0,621.0,144.0,1.8824,117547.0,<1H OCEAN
-117.15,32.72,51.0,1321.0,,781.0,499.0,1.3071,162875.0,NEAR OCEAN
-122.43,37.72,50.0,2912.0,562.0,1989.0,537.0,3.6667,244941.0,NEAR BAY
-117.86,34.24,52.0,803.0,267.0,628.0,225.0,4.1932,215497.0,INLAND
-121.45,37.72,2.0,2239.0,321.0,766.0,219.0,5.75,208322.0,INLAND
-118.67,34.27,15.0,3221.0,659.0,1390.0,607.0,3.5313,207910.0,<1H OCEAN
-118.32,34.09,44.0,2666.0,,2297.0,726.0,1.676,219234.01,<1H OCEAN
-122.2,37.88,36.0,1065.0,160.0,398.0,155.0,7.7736,416397.17,NEAR BAY
-117.07,32.69,29.0,1429.0,293.0,1091.0,317.0,3.4609,123640.0,NEAR OCEAN
-120.9,39.95,20.0,1349.0,238.0,601.0,203.0,3.5417,98855.0,INLAND
-118.48,34.26,36.0,1770.0,296.0,938.0,304.0,5.749,255101.0,<1H OCEAN
-118.54,34.22,34.0,2193.0,513.0,1299.0,497.0,3.6187,221292.0,<1H OCEAN
-121.84,37.66,13.0,13182.0,2074.0,4847.0,1950.0,5.6417,240989.0,INLAND
-119.69,36.38,25.0,1688.0,302.0,879.0,277.0,3.3214,92726.0,INLAND
-118.11,33.92,32.0,1016.0,190.0,729.0,177.0,4.3,187723.0,<1H OCEAN
-120.69,36.84,18.0,902.0,195.0,771.0,174.0,2.2083,79310.0,INLAND
-118.23,33.76,21.0,49.0,14.0,29.0,16.0,5.0,326059.11,NEAR OCEAN
-122.27,37.78,45.0,1169.0,263.0,723.0,286.0,3.9444,224344.01,NEAR BAY
-117.72,33.53,14.0,1672.0,295.0,704.0,293.0,5.1129,297172.07,<1H OCEAN
-117.18,32.69,37.0,3112.0,716.0,1304.0,674.0,3.2121,321401.11,NEAR OCEAN
-119.78,36.31,14.0,1287.0,291.0,737.0,269.0,3.1667,82007.0,INLAND
-122.22,37.77,40.0,494.0,114.0,547.0,135.0,2.8015,126707.0,NEAR BAY
-119.56,36.1,25.0,1093.0,262.0,893.0,252.0,2.13,60001.0,INLAND
-118.27,34.0,43.0,1258.0,381.0,1276.0,358.0,1.8917,106499.0,<1H OCEAN
-121.79,38.01,17.0,4032.0,814.0,1749.0,618.0,3.1728,142237.0,INLAND
-118.49,34.01,28.0,651.0,252.0,333.0,174.0,1.9722,296749.0,<1H OCEAN
-121.77,37.68,44.0,495.0,112.0,277.0,109.0,2.6667,150142.0,INLAND
-118.39,34.28,24.0,4694.0,820.0,3566.0,777.0,4.4818,209338.0,<1H OCEAN
-118.02,33.83,26.0,3616.0,892.0,2257.0,821.0,3.1497,198210.0,<1H OCEAN
-118.21,33.79,44.0,121.0,29.0,153.0,30.0,2.1964,158270.03,NEAR OCEAN
-121.44,38.58,42.0,2334.0,435.0,892.0,446.0,3.0208,101332.0,INLAND
-117.86,33.87,19.0,1591.0,279.0,891.0,237.0,5.6573,263219.01,<1H OCEAN
-118.35,34.08,52.0,2877.0,721.0,1186.0,704.0,3.2645,343052.11,<1H OCEAN
-122.38,40.54,36.0,1216.0,240.0,647.0,228.0,2.6944,95929.0,INLAND
-119.79,34.44,25.0,1479.0,314.0,977.0,309.0,4.1797,293736.01,NEAR OCEAN
-121.27,37.96,52.0,583.0,114.0,310.0,93.0,2.5625,92464.0,INLAND
-120.02,39.24,32.0,1347.0,444.0,825.0,303.0,1.8269,95804.0,INLAND
-120.15,39.2,14.0,1382.0,242.0,141.0,66.0,4.1016,183221.02,INLAND
-118.31,33.88,32.0,2421.0,671.0,1491.0,587.0,3.5644,236261.0,<1H OCEAN
-117.99,34.0,26.0,2988.0,397.0,1371.0,415.0,6.6988,333476.07,<1H OCEAN
-122.0,38.23,1.0,2062.0,343.0,872.0,268.0,5.2636,173823.0,INLAND
-122.07,37.91,28.0,1731.0,295.0,810.0,295.0,5.0391,266166.04,NEAR BAY
-117.42,34.1,18.0,3977.0,809.0,2231.0,742.0,4.1399,134676.0,INLAND
-118.14,34.01,42.0,1973.0,510.0,1841.0,502.0,2.5326,170391.0,<1H OCEAN
-118.46,34.42,25.0,2988.0,525.0,1884.0,513.0,4.7007,202900.0,<1H OCEAN
-117.31,34.44,10.0,1731.0,299.0,1056.0,312.0,3.6007,118301.0,INLAND
-121.89,37.67,19.0,2034.0,288.0,852.0,295.0,6.5285,301633.0,INLAND
-117.21,33.95,5.0,8403.0,1240.0,3962.0,1150.0,5.2174,175585.0,INLAND
-121.65,39.32,40.0,812.0,154.0,374.0,142.0,2.7891,95614.0,INLAND
-118.18,33.82,52.0,2618.0,472.0,943.0,440.0,3.7895,250758.02,NEAR OCEAN
-117.83,33.77,26.0,4931.0,853.0,2249.0,818.0,4.275,248815.0,<1H OCEAN
-117.2,32.85,26.0,2298.0,549.0,980.0,555.0,2.4207,227021.0,NEAR OCEAN
-122.32,37.92,28.0,4649.0,977.0,2606.0,953.0,3.2674,254210.11,NEAR BAY
-118.36,34.17,44.0,2295.0,560.0,1543.0,528.0,2.3851,217616.01,<1H OCEAN
-118.38,33.84,25.0,5775.0,1149.0,2637.0,1117.0,5.4968,360938.02,<1H OCEAN
-122.08,37.37,29.0,1229.0,,707.0,194.0,7.1108,452168.55,NEAR BAY
-117.7,33.57,9.0,1204.0,355.0,469.0,293.0,3.6196,274679.16,<1H OCEAN
-121.88,37.4,9.0,6751.0,,4240.0,1438.0,5.34,243332.0,<1H OCEAN
-121.43,39.18,36.0,1124.0,184.0,504.0,171.0,2.1667,85270.0,INLAND
-117.32,33.22,15.0,4784.0,1039.0,1810.0,986.0,2.4375,147247.0,NEAR OCEAN
-117.32,34.19,6.0,1068.0,182.0,999.0,188.0,4.7222,136068.0,INLAND
-118.01,33.88,19.0,1434.0,391.0,1088.0,341.0,3.369,181788.0,<1H OCEAN
-118.16,33.78,52.0,3248.0,853.0,1819.0,815.0,3.1739,283949.03,NEAR OCEAN
-118.29,34.18,10.0,4292.0,1075.0,2719.0,987.0,3.6974,244784.0,<1H OCEAN
-119.14,34.17,16.0,1593.0,353.0,836.0,357.0,2.726,264590.06,NEAR OCEAN
-118.25,33.89,41.0,1476.0,286.0,1086.0,278.0,2.4632,98851.0,<1H OCEAN
-121.07,39.05,10.0,1813.0,311.0,827.0,287.0,3.6087,166278.0,INLAND
-120.71,37.39,40.0,680.0,160.0,785.0,175.0,2.6058,104668.0,INLAND
-117.16,32.73,52.0,1682.0,617.0,873.0,534.0,2.0972,174057.01,NEAR OCEAN
-121.34,38.57,14.0,5737.0,1008.0,2731.0,983.0,4.4602,154906.0,INLAND
-117.24,32.8,18.0,2205.0,661.0,874.0,580.0,3.8018,247046.02,NEAR OCEAN
-116.57,35.43,8.0,9975.0,1743.0,6835.0,1439.0,2.7138,85542.0,INLAND
-117.96,33.75,22.0,2300.0,539.0,1625.0,542.0,2.78,189921.0,<1H OCEAN
-121.83,37.34,26.0,1848.0,339.0,1952.0,327.0,4.087,157392.0,<1H OCEAN
-118.29,34.09,52.0,1272.0,322.0,984.0,353.0,1.9063,212988.0,<1H OCEAN
-120.94,40.14,31.0,3127.0,664.0,1345.0,580.0,1.5774,68085.0,INLAND
-117.97,33.82,26.0,2335.0,504.0,1121.0,502.0,2.9891,205481.0,<1H OCEAN
-122.43,37.8,52.0,2994.0,821.0,1240.0,779.0,3.3715,478591.7,NEAR BAY
-117.85,34.0,26.0,2712.0,402.0,1389.0,377.0,5.6513,255503.0,<1H OCEAN
-117.85,33.81,26.0,4186.0,767.0,2447.0,777.0,4.9917,233624.0,<1H OCEAN
-122.49,38.32,30.0,1631.0,284.0,788.0,284.0,3.3098,185237.0,<1H OCEAN
-118.51,34.16,23.0,11154.0,1995.0,4076.0,1809.0,5.4609,386092.27,<1H OCEAN
-119.99,38.88,17.0,2807.0,529.0,675.0,251.0,2.7457,118874.0,INLAND
-118.32,34.2,36.0,759.0,136.0,372.0,135.0,4.9886,248950.03,<1H OCEAN
-118.09,33.82,36.0,2219.0,393.0,1042.0,396.0,5.2299,237477.0,<1H OCEAN
-122.08,37.63,37.0,1793.0,364.0,1534.0,346.0,3.6458,166527.0,NEAR BAY
-121.25,37.92,19.0,2109.0,427.0,1742.0,426.0,2.4097,99402.0,INLAND
-117.69,33.53,17.0,5041.0,778.0,2396.0,801.0,6.0868,282158.0,<1H OCEAN
-117.99,33.72,26.0,1787.0,275.0,801.0,270.0,5.5514,244266.0,<1H OCEAN
-118.15,34.0,32.0,3218.0,739.0,2368.0,730.0,3.1406,217029.0,<1H OCEAN
-121.0,35.94,16.0,3077.0,628.0,1479.0,536.0,3.3724,181969.0,<1H OCEAN
-117.14,33.23,11.0,4068.0,829.0,918.0,500.0,3.1272,209002.0,<1H OCEAN
-118.31,34.1,40.0,4984.0,2158.0,4828.0,2028.0,1.6903,237103.03,<1H OCEAN
-117.71,33.62,22.0,2520.0,387.0,1338.0,391.0,5.8898,285527.03,<1H OCEAN
-117.84,34.11,17.0,3499.0,621.0,1911.0,621.0,4.8894,206261.0,INLAND
-122.08,37.08,35.0,1541.0,297.0,791.0,277.0,4.425,238997.02,NEAR OCEAN
-118.43,34.17,37.0,1982.0,331.0,794.0,340.0,5.9275,371743.07,<1H OCEAN
-117.64,33.68,4.0,5687.0,970.0,2677.0,938.0,6.5069,297983.0,<1H OCEAN
-118.27,33.86,29.0,2587.0,489.0,2115.0,475.0,3.7466,183466.0,<1H OCEAN
-117.05,33.01,17.0,3430.0,425.0,1468.0,433.0,10.6186,457741.53,<1H OCEAN
-118.17,33.94,17.0,1145.0,209.0,499.0,202.0,4.6389,182229.0,<1H OCEAN
-122.28,37.8,52.0,96.0,31.0,191.0,34.0,0.75,168429.06,NEAR BAY
-122.28,37.53,15.0,5417.0,1199.0,2593.0,1098.0,4.8047,347933.18,NEAR OCEAN
-118.47,34.05,22.0,5215.0,1193.0,2048.0,1121.0,4.7009,461204.55,<1H OCEAN
-122.28,37.54,24.0,5114.0,1357.0,3169.0,1268.0,3.9699,305671.04,NEAR OCEAN
-122.03,37.35,25.0,3095.0,514.0,1251.0,507.0,5.5388,329791.01,<1H OCEAN
-117.24,32.81,33.0,1588.0,289.0,683.0,301.0,5.4103,348721.28,NEAR OCEAN
-122.29,37.89,52.0,3171.0,698.0,1498.0,696.0,3.1795,242011.01,NEAR BAY
-118.87,34.23,14.0,4242.0,746.0,1858.0,689.0,6.0145,343580.07,<1H OCEAN
-119.45,35.07,45.0,973.0,183.0,500.0,177.0,2.6389,83491.0,INLAND
-121.64,37.85,22.0,1999.0,415.0,967.0,320.0,4.4583,191459.0,INLAND
-120.01,34.54,30.0,2992.0,609.0,1288.0,465.0,3.9375,270552.01,NEAR OCEAN
-117.26,33.05,14.0,2323.0,373.0,1057.0,372.0,6.2513,304196.01,NEAR OCEAN
-122.31,38.32,35.0,3997.0,762.0,2074.0,703.0,3.285,150546.0,NEAR BAY
-119.35,36.33,14.0,1195.0,220.0,568.0,229.0,3.1486,91339.0,INLAND
-117.8,33.78,17.0,4138.0,805.0,2442.0,780.0,4.7804,204107.0,<1H OCEAN
-116.51,33.94,12.0,3369.0,780.0,1315.0,584.0,1.7388,84030.0,INLAND
-121.32,37.95,40.0,964.0,230.0,742.0,209.0,1.2625,67991.0,INLAND
-119.08,35.39,10.0,6435.0,1040.0,3242.0,1030.0,5.575,159258.0,INLAND
-116.96,32.79,17.0,5236.0,1325.0,3308.0,1233.0,2.3221,132305.0,<1H OCEAN
-118.21,34.11,32.0,2759.0,499.0,1661.0,533.0,4.3812,257356.06,<1H OCEAN
-117.8,33.68,8.0,2032.0,349.0,862.0,340.0,6.9133,315189.02,<1H OCEAN
-121.6,39.75,19.0,2888.0,591.0,984.0,499.0,1.9766,79492.0,INLAND
-117.3,34.1,44.0,589.0,130.0,504.0,137.0,1.775,66157.0,INLAND
-118.34,33.95,33.0,1923.0,459.0,1412.0,361.0,5.4359,261273.03,<1H OCEAN
-122.45,37.74,46.0,6429.0,1093.0,2535.0,1109.0,5.0887,378979.09,NEAR BAY
-121.76,36.91,23.0,1276.0,437.0,1359.0,376.0,1.9609,152425.0,<1H OCEAN
-118.33,34.04,52.0,2545.0,401.0,1004.0,372.0,3.6373,204575.01,<1H OCEAN
-122.54,37.7,36.0,3988.0,732.0,1793.0,708.0,4.2472,306123.0,NEAR OCEAN
-117.57,34.13,5.0,6135.0,879.0,2795.0,781.0,5.9369,219935.0,INLAND
-118.19,34.08,38.0,1241.0,298.0,1055.0,263.0,2.3409,149085.0,<1H OCEAN
-118.24,34.12,34.0,80.0,26.0,125.0,35.0,0.8907,256111.08,<1H OCEAN
-121.29,37.89,26.0,161.0,27.0,1542.0,30.0,5.7485,227450.01,INLAND
-122.43,37.66,43.0,1769.0,387.0,1102.0,377.0,4.5493,259899.0,NEAR OCEAN
-122.72,38.88,29.0,2781.0,,890.0,310.0,1.9906,93530.0,INLAND
-117.31,33.75,19.0,3173.0,678.0,2204.0,606.0,2.1484,128476.0,<1H OCEAN
-121.68,37.98,19.0,3388.0,599.0,1707.0,575.0,3.6411,156136.0,INLAND
-117.11,32.9,16.0,2043.0,388.0,705.0,352.0,4.4766,174751.0,<1H OCEAN
-117.64,34.08,37.0,2576.0,468.0,1284.0,428.0,3.3958,128492.0,INLAND
-122.1,37.61,35.0,2361.0,458.0,1727.0,467.0,4.5281,196717.0,NEAR BAY
-117.89,34.11,27.0,2434.0,535.0,1623.0,498.0,3.6875,167961.0,<1H OCEAN
-117.89,34.13,34.0,2159.0,386.0,1443.0,385.0,4.1995,169275.01,<1H OCEAN
-121.21,37.5,34.0,294.0,49.0,147.0,47.0,3.0,166964.0,INLAND
-120.85,37.78,15.0,3553.0,659.0,1684.0,611.0,3.3169,133382.0,INLAND
-117.93,34.08,36.0,1597.0,285.0,901.0,272.0,4.3947,188142.0,<1H OCEAN
-120.22,38.05,14.0,3803.0,689.0,1129.0,477.0,2.7188,121714.0,INLAND
-117.21,32.75,15.0,1716.0,702.0,914.0,672.0,1.0612,167230.0,NEAR OCEAN
-118.16,33.92,44.0,1368.0,277.0,899.0,271.0,3.5938,175358.0,<1H OCEAN
-119.2,34.18,22.0,6465.0,1397.0,2694.0,1370.0,2.9832,210337.01,NEAR OCEAN
-119.89,36.64,34.0,1422.0,237.0,716.0,222.0,2.975,80975.0,INLAND
-122.16,37.79,22.0,12842.0,2048.0,4985.0,1967.0,5.9849,298495.03,NEAR BAY
-118.4,34.03,36.0,1831.0,296.0,871.0,269.0,8.1484,499085.95,<1H OCEAN
-119.63,36.33,14.0,2928.0,600.0,1633.0,559.0,1.8385,62859.0,INLAND
-118.29,33.88,32.0,2307.0,493.0,1754.0,528.0,4.317,214699.0,<1H OCEAN
-122.48,37.57,34.0,4648.0,806.0,2282.0,814.0,4.5556,368443.02,NEAR OCEAN
-122.11,39.82,27.0,1065.0,214.0,508.0,198.0,2.625,81508.0,INLAND
-117.29,33.72,19.0,2248.0,427.0,1207.0,368.0,2.817,143684.0,<1H OCEAN
-118.24,33.99,33.0,885.0,294.0,1270.0,282.0,2.1615,111103.0,<1H OCEAN
-119.72,34.44,43.0,1781.0,342.0,663.0,358.0,4.7,352358.17,<1H OCEAN
-117.91,33.63,30.0,2071.0,412.0,1081.0,412.0,4.9125,322573.09,<1H OCEAN
-118.56,34.19,36.0,2600.0,441.0,1246.0,426.0,4.1111,232108.0,<1H OCEAN
